===== TRAIN MASKED COMPLETION DDPM 10K =====
[train-ddpm] training degradation filter=['mask_dropout', 'mixed_structured', 'lowfreq_atmospheric_bias', 'blur_downsample_upsample'] probs={'blur_downsample_upsample': 0.18, 'lowfreq_atmospheric_bias': 0.18, 'mixed_structured': 0.2, 'mask_dropout': 0.07}
[train-ddpm] validation degradation filter=['mask_dropout', 'mixed_structured', 'lowfreq_atmospheric_bias', 'blur_downsample_upsample'] probs={'blur_downsample_upsample': 0.18, 'lowfreq_atmospheric_bias': 0.18, 'mixed_structured': 0.2, 'mask_dropout': 0.07}
[train-ddpm] degradation_profile=hard  types=['blur_downsample_upsample', 'lowfreq_atmospheric_bias', 'mixed_structured', 'mask_dropout']
[train-ddpm] eligible train samples=9000 batches=4500  val samples=1000 batches=500
[train-ddpm] masked_completion mode: loaded frozen base U-Net (6,611,011 params) from outputs/unet_hard_50k_b6w8/ckpt_best.pt
[train-ddpm] residual_scale=auto resolved to 0.08508 (method=std, samples=16, abs_mean=0.05729, std=0.08508, mad=0.04524, p95=0.17519)
[train-ddpm] masked_completion_target=residual  masked_loss_min_weight=0.050  masked_context_consistency_weight=0.050  residual_scale=0.08508
[train-ddpm] residual_clip=0.1000  residual_blend=1.000
[train-ddpm] residual_gate_mode=none  return_degradation_mask=True  return_reliability_map=True
[train-ddpm] fixed val samples cached: 4 kinds=['mixed_structured', 'mixed_structured', 'blur_downsample_upsample', 'blur_downsample_upsample']
[train-ddpm] device=cuda  mode=masked_completion  cond_ch=8  params=2,331,747  train=9000  val=1000  T=1000
[train-ddpm] ep0 step0 masked_mse_eps=0.9998 mask_only=0.9998 mask_area_fraction=1.0000
[train-ddpm] ep0 step20 masked_mse_eps=0.9495 mask_only=0.9495 mask_area_fraction=1.0000
[train-ddpm] ep0 step40 masked_mse_eps=0.8810 mask_only=0.8810 mask_area_fraction=1.0000
[train-ddpm] ep0 step60 masked_mse_eps=0.8465 mask_only=0.8465 mask_area_fraction=1.0000
[train-ddpm] ep0 step80 masked_mse_eps=0.6946 mask_only=0.6946 mask_area_fraction=1.0000
[train-ddpm] ep0 step100 masked_mse_eps=0.6537 mask_only=0.6537 mask_area_fraction=1.0000
[train-ddpm] ep0 step120 masked_mse_eps=0.5319 mask_only=0.5309 mask_area_fraction=0.5545
[train-ddpm] ep0 step140 masked_mse_eps=0.4882 mask_only=0.4882 mask_area_fraction=1.0000
[train-ddpm] ep0 step160 masked_mse_eps=0.4179 mask_only=0.4178 mask_area_fraction=0.5420
[train-ddpm] ep0 step180 masked_mse_eps=0.3921 mask_only=0.3921 mask_area_fraction=1.0000
[train-ddpm] ep0 step200 masked_mse_eps=0.7254 mask_only=0.7254 mask_area_fraction=1.0000
[train-ddpm] ep0 step220 masked_mse_eps=0.5181 mask_only=0.5181 mask_area_fraction=1.0000
[train-ddpm] ep0 step240 masked_mse_eps=0.2619 mask_only=0.2619 mask_area_fraction=1.0000
[train-ddpm] ep0 step260 masked_mse_eps=0.4977 mask_only=0.4977 mask_area_fraction=1.0000
[train-ddpm] ep0 step280 masked_mse_eps=0.1924 mask_only=0.1924 mask_area_fraction=1.0000
[train-ddpm] ep0 step300 masked_mse_eps=0.2007 mask_only=0.2007 mask_area_fraction=1.0000
[train-ddpm] ep0 step320 masked_mse_eps=0.2297 mask_only=0.2297 mask_area_fraction=1.0000
[train-ddpm] ep0 step340 masked_mse_eps=0.1579 mask_only=0.1576 mask_area_fraction=0.5891
[train-ddpm] ep0 step360 masked_mse_eps=0.4164 mask_only=0.4164 mask_area_fraction=1.0000
[train-ddpm] ep0 step380 masked_mse_eps=0.2005 mask_only=0.2005 mask_area_fraction=1.0000
[train-ddpm] ep0 step400 masked_mse_eps=0.1451 mask_only=0.1459 mask_area_fraction=0.5887
[train-ddpm] ep0 step420 masked_mse_eps=0.2424 mask_only=0.2424 mask_area_fraction=1.0000
[train-ddpm] ep0 step440 masked_mse_eps=0.0972 mask_only=0.0972 mask_area_fraction=1.0000
[train-ddpm] ep0 step460 masked_mse_eps=0.0959 mask_only=0.0959 mask_area_fraction=1.0000
[train-ddpm] ep0 step480 masked_mse_eps=0.0857 mask_only=0.0857 mask_area_fraction=1.0000
[train-ddpm] ep0 step500 masked_mse_eps=0.0893 mask_only=0.0880 mask_area_fraction=0.5645
[train-ddpm] ep0 step520 masked_mse_eps=0.1030 mask_only=0.1030 mask_area_fraction=1.0000
[train-ddpm] ep0 step540 masked_mse_eps=0.4962 mask_only=0.4962 mask_area_fraction=1.0000
[train-ddpm] ep0 step560 masked_mse_eps=0.1704 mask_only=0.1704 mask_area_fraction=1.0000
[train-ddpm] ep0 step580 masked_mse_eps=0.0698 mask_only=0.0698 mask_area_fraction=1.0000
[train-ddpm] ep0 step600 masked_mse_eps=0.2345 mask_only=0.2345 mask_area_fraction=1.0000
[train-ddpm] ep0 step620 masked_mse_eps=0.1857 mask_only=0.1857 mask_area_fraction=1.0000
[train-ddpm] ep0 step640 masked_mse_eps=0.2039 mask_only=0.2039 mask_area_fraction=1.0000
[train-ddpm] ep0 step660 masked_mse_eps=0.0897 mask_only=0.0897 mask_area_fraction=1.0000
[train-ddpm] ep0 step680 masked_mse_eps=0.0932 mask_only=0.0932 mask_area_fraction=1.0000
[train-ddpm] ep0 step700 masked_mse_eps=0.2539 mask_only=0.2539 mask_area_fraction=1.0000
[train-ddpm] ep0 step720 masked_mse_eps=0.1701 mask_only=0.1701 mask_area_fraction=1.0000
[train-ddpm] ep0 step740 masked_mse_eps=0.0955 mask_only=0.0955 mask_area_fraction=1.0000
[train-ddpm] ep0 step760 masked_mse_eps=0.0614 mask_only=0.0614 mask_area_fraction=1.0000
[train-ddpm] ep0 step780 masked_mse_eps=0.0682 mask_only=0.0682 mask_area_fraction=1.0000
[train-ddpm] ep0 step800 masked_mse_eps=0.0936 mask_only=0.0936 mask_area_fraction=1.0000
[train-ddpm] ep0 step820 masked_mse_eps=0.0592 mask_only=0.0592 mask_area_fraction=1.0000
[train-ddpm] ep0 step840 masked_mse_eps=0.2821 mask_only=0.2867 mask_area_fraction=0.5693
[train-ddpm] ep0 step860 masked_mse_eps=0.0895 mask_only=0.0895 mask_area_fraction=1.0000
[train-ddpm] ep0 step880 masked_mse_eps=0.2329 mask_only=0.2329 mask_area_fraction=1.0000
[train-ddpm] ep0 step900 masked_mse_eps=0.1033 mask_only=0.1033 mask_area_fraction=1.0000
[train-ddpm] ep0 step920 masked_mse_eps=0.3081 mask_only=0.3081 mask_area_fraction=1.0000
[train-ddpm] ep0 step940 masked_mse_eps=0.1572 mask_only=0.1572 mask_area_fraction=1.0000
[train-ddpm] ep0 step960 masked_mse_eps=0.1346 mask_only=0.1346 mask_area_fraction=1.0000
[train-ddpm] ep0 step980 masked_mse_eps=0.0491 mask_only=0.0491 mask_area_fraction=1.0000
[train-ddpm] ep0 step1000 masked_mse_eps=0.1324 mask_only=0.1324 mask_area_fraction=1.0000
[train-ddpm] ep0 step1020 masked_mse_eps=0.0524 mask_only=0.0524 mask_area_fraction=1.0000
[train-ddpm] ep0 step1040 masked_mse_eps=0.0334 mask_only=0.0334 mask_area_fraction=1.0000
[train-ddpm] ep0 step1060 masked_mse_eps=0.0561 mask_only=0.0561 mask_area_fraction=1.0000
[train-ddpm] ep0 step1080 masked_mse_eps=0.0765 mask_only=0.0769 mask_area_fraction=0.5374
[train-ddpm] ep0 step1100 masked_mse_eps=0.7813 mask_only=0.8117 mask_area_fraction=0.5456
[train-ddpm] ep0 step1120 masked_mse_eps=0.0875 mask_only=0.0875 mask_area_fraction=1.0000
[train-ddpm] ep0 step1140 masked_mse_eps=0.0485 mask_only=0.0485 mask_area_fraction=1.0000
[train-ddpm] ep0 step1160 masked_mse_eps=0.1067 mask_only=0.1093 mask_area_fraction=0.5974
[train-ddpm] ep0 step1180 masked_mse_eps=0.0629 mask_only=0.0629 mask_area_fraction=1.0000
[train-ddpm] ep0 step1200 masked_mse_eps=0.0562 mask_only=0.0562 mask_area_fraction=1.0000
[train-ddpm] ep0 step1220 masked_mse_eps=0.0771 mask_only=0.0771 mask_area_fraction=1.0000
[train-ddpm] ep0 step1240 masked_mse_eps=0.0465 mask_only=0.0465 mask_area_fraction=1.0000
[train-ddpm] ep0 step1260 masked_mse_eps=0.0391 mask_only=0.0391 mask_area_fraction=1.0000
[train-ddpm] ep0 step1280 masked_mse_eps=0.0893 mask_only=0.0893 mask_area_fraction=1.0000
[train-ddpm] ep0 step1300 masked_mse_eps=0.0266 mask_only=0.0266 mask_area_fraction=1.0000
[train-ddpm] ep0 step1320 masked_mse_eps=0.1079 mask_only=0.1079 mask_area_fraction=1.0000
[train-ddpm] ep0 step1340 masked_mse_eps=0.0262 mask_only=0.0262 mask_area_fraction=1.0000
[train-ddpm] ep0 step1360 masked_mse_eps=0.0603 mask_only=0.0603 mask_area_fraction=1.0000
[train-ddpm] ep0 step1380 masked_mse_eps=0.0698 mask_only=0.0718 mask_area_fraction=0.5135
[train-ddpm] ep0 step1400 masked_mse_eps=0.2156 mask_only=0.2156 mask_area_fraction=1.0000
[train-ddpm] ep0 step1420 masked_mse_eps=0.0419 mask_only=0.0418 mask_area_fraction=0.5724
[train-ddpm] ep0 step1440 masked_mse_eps=0.0699 mask_only=0.0699 mask_area_fraction=1.0000
[train-ddpm] ep0 step1460 masked_mse_eps=0.0698 mask_only=0.0698 mask_area_fraction=1.0000
[train-ddpm] ep0 step1480 masked_mse_eps=0.1396 mask_only=0.1396 mask_area_fraction=1.0000
[train-ddpm] ep0 step1500 masked_mse_eps=0.2351 mask_only=0.2351 mask_area_fraction=1.0000
[train-ddpm] ep0 step1520 masked_mse_eps=0.0675 mask_only=0.0675 mask_area_fraction=1.0000
[train-ddpm] ep0 step1540 masked_mse_eps=0.0405 mask_only=0.0405 mask_area_fraction=1.0000
[train-ddpm] ep0 step1560 masked_mse_eps=0.1456 mask_only=0.1456 mask_area_fraction=1.0000
[train-ddpm] ep0 step1580 masked_mse_eps=0.0366 mask_only=0.0335 mask_area_fraction=0.5176
[train-ddpm] ep0 step1600 masked_mse_eps=0.0637 mask_only=0.0637 mask_area_fraction=1.0000
[train-ddpm] ep0 step1620 masked_mse_eps=0.1615 mask_only=0.1672 mask_area_fraction=0.5487
[train-ddpm] ep0 step1640 masked_mse_eps=0.0639 mask_only=0.0639 mask_area_fraction=1.0000
[train-ddpm] ep0 step1660 masked_mse_eps=0.1353 mask_only=0.1353 mask_area_fraction=1.0000
[train-ddpm] ep0 step1680 masked_mse_eps=0.0682 mask_only=0.0682 mask_area_fraction=1.0000
[train-ddpm] ep0 step1700 masked_mse_eps=0.0335 mask_only=0.0338 mask_area_fraction=0.5998
[train-ddpm] ep0 step1720 masked_mse_eps=0.0276 mask_only=0.0274 mask_area_fraction=0.5736
[train-ddpm] ep0 step1740 masked_mse_eps=0.1358 mask_only=0.1358 mask_area_fraction=1.0000
[train-ddpm] ep0 step1760 masked_mse_eps=0.1450 mask_only=0.1450 mask_area_fraction=1.0000
[train-ddpm] ep0 step1780 masked_mse_eps=0.0226 mask_only=0.0226 mask_area_fraction=1.0000
[train-ddpm] ep0 step1800 masked_mse_eps=0.1609 mask_only=0.1609 mask_area_fraction=1.0000
[train-ddpm] ep0 step1820 masked_mse_eps=0.1558 mask_only=0.1609 mask_area_fraction=0.5624
[train-ddpm] ep0 step1840 masked_mse_eps=0.0200 mask_only=0.0200 mask_area_fraction=1.0000
[train-ddpm] ep0 step1860 masked_mse_eps=0.0256 mask_only=0.0256 mask_area_fraction=1.0000
[train-ddpm] ep0 step1880 masked_mse_eps=0.1222 mask_only=0.1222 mask_area_fraction=1.0000
[train-ddpm] ep0 step1900 masked_mse_eps=0.4427 mask_only=0.4427 mask_area_fraction=1.0000
[train-ddpm] ep0 step1920 masked_mse_eps=0.0430 mask_only=0.0430 mask_area_fraction=1.0000
[train-ddpm] ep0 step1940 masked_mse_eps=0.0920 mask_only=0.0920 mask_area_fraction=1.0000
[train-ddpm] ep0 step1960 masked_mse_eps=0.1300 mask_only=0.1300 mask_area_fraction=1.0000
[train-ddpm] ep0 step1980 masked_mse_eps=0.0195 mask_only=0.0195 mask_area_fraction=1.0000
[train-ddpm] ep0 step2000 masked_mse_eps=0.0462 mask_only=0.0462 mask_area_fraction=1.0000
[train-ddpm] ep0 step2020 masked_mse_eps=0.1061 mask_only=0.1061 mask_area_fraction=1.0000
[train-ddpm] ep0 step2040 masked_mse_eps=0.0391 mask_only=0.0391 mask_area_fraction=1.0000
[train-ddpm] ep0 step2060 masked_mse_eps=0.0200 mask_only=0.0200 mask_area_fraction=1.0000
[train-ddpm] ep0 step2080 masked_mse_eps=0.2010 mask_only=0.2010 mask_area_fraction=1.0000
[train-ddpm] ep0 step2100 masked_mse_eps=0.2375 mask_only=0.2375 mask_area_fraction=1.0000
[train-ddpm] ep0 step2120 masked_mse_eps=0.0335 mask_only=0.0335 mask_area_fraction=1.0000
[train-ddpm] ep0 step2140 masked_mse_eps=0.0389 mask_only=0.0389 mask_area_fraction=1.0000
[train-ddpm] ep0 step2160 masked_mse_eps=0.3400 mask_only=0.3400 mask_area_fraction=1.0000
[train-ddpm] ep0 step2180 masked_mse_eps=0.1501 mask_only=0.1501 mask_area_fraction=1.0000
[train-ddpm] ep0 step2200 masked_mse_eps=0.5779 mask_only=0.5779 mask_area_fraction=1.0000
[train-ddpm] ep0 step2220 masked_mse_eps=0.1371 mask_only=0.1371 mask_area_fraction=1.0000
[train-ddpm] ep0 step2240 masked_mse_eps=0.2110 mask_only=0.2180 mask_area_fraction=0.5346
[train-ddpm] ep0 step2260 masked_mse_eps=0.0525 mask_only=0.0525 mask_area_fraction=1.0000
[train-ddpm] ep0 step2280 masked_mse_eps=0.2330 mask_only=0.2426 mask_area_fraction=0.5275
[train-ddpm] ep0 step2300 masked_mse_eps=0.0477 mask_only=0.0477 mask_area_fraction=1.0000
[train-ddpm] ep0 step2320 masked_mse_eps=0.2291 mask_only=0.2291 mask_area_fraction=1.0000
[train-ddpm] ep0 step2340 masked_mse_eps=0.1068 mask_only=0.1068 mask_area_fraction=1.0000
[train-ddpm] ep0 step2360 masked_mse_eps=0.0582 mask_only=0.0582 mask_area_fraction=1.0000
[train-ddpm] ep0 step2380 masked_mse_eps=0.0214 mask_only=0.0214 mask_area_fraction=1.0000
[train-ddpm] ep0 step2400 masked_mse_eps=0.1109 mask_only=0.1109 mask_area_fraction=1.0000
[train-ddpm] ep0 step2420 masked_mse_eps=0.0458 mask_only=0.0611 mask_area_fraction=0.0732
[train-ddpm] ep0 step2440 masked_mse_eps=0.4333 mask_only=0.4509 mask_area_fraction=0.5374
[train-ddpm] ep0 step2460 masked_mse_eps=0.0711 mask_only=0.0711 mask_area_fraction=1.0000
[train-ddpm] ep0 step2480 masked_mse_eps=0.1796 mask_only=0.1796 mask_area_fraction=1.0000
[train-ddpm] ep0 step2500 masked_mse_eps=0.0221 mask_only=0.0221 mask_area_fraction=1.0000
[train-ddpm] ep0 step2520 masked_mse_eps=0.5805 mask_only=0.5940 mask_area_fraction=0.6313
[train-ddpm] ep0 step2540 masked_mse_eps=0.0585 mask_only=0.0585 mask_area_fraction=1.0000
[train-ddpm] ep0 step2560 masked_mse_eps=0.0682 mask_only=0.0694 mask_area_fraction=0.6273
[train-ddpm] ep0 step2580 masked_mse_eps=0.0486 mask_only=0.0486 mask_area_fraction=1.0000
[train-ddpm] ep0 step2600 masked_mse_eps=0.0597 mask_only=0.0597 mask_area_fraction=1.0000
[train-ddpm] ep0 step2620 masked_mse_eps=0.1985 mask_only=0.1985 mask_area_fraction=1.0000
[train-ddpm] ep0 step2640 masked_mse_eps=0.0941 mask_only=0.0941 mask_area_fraction=1.0000
[train-ddpm] ep0 step2660 masked_mse_eps=0.0334 mask_only=0.0334 mask_area_fraction=1.0000
[train-ddpm] ep0 step2680 masked_mse_eps=0.3196 mask_only=0.3196 mask_area_fraction=1.0000
[train-ddpm] ep0 step2700 masked_mse_eps=0.0797 mask_only=0.0797 mask_area_fraction=1.0000
[train-ddpm] ep0 step2720 masked_mse_eps=0.0926 mask_only=0.0926 mask_area_fraction=1.0000
[train-ddpm] ep0 step2740 masked_mse_eps=0.2058 mask_only=0.2058 mask_area_fraction=1.0000
[train-ddpm] ep0 step2760 masked_mse_eps=0.0379 mask_only=0.0379 mask_area_fraction=1.0000
[train-ddpm] ep0 step2780 masked_mse_eps=0.0273 mask_only=0.0273 mask_area_fraction=1.0000
[train-ddpm] ep0 step2800 masked_mse_eps=0.2062 mask_only=0.2062 mask_area_fraction=1.0000
[train-ddpm] ep0 step2820 masked_mse_eps=0.0248 mask_only=0.0248 mask_area_fraction=1.0000
[train-ddpm] ep0 step2840 masked_mse_eps=0.0440 mask_only=0.0448 mask_area_fraction=0.6323
[train-ddpm] ep0 step2860 masked_mse_eps=0.0772 mask_only=0.0772 mask_area_fraction=1.0000
[train-ddpm] ep0 step2880 masked_mse_eps=0.1039 mask_only=0.1039 mask_area_fraction=1.0000
[train-ddpm] ep0 step2900 masked_mse_eps=0.0289 mask_only=0.0289 mask_area_fraction=1.0000
[train-ddpm] ep0 step2920 masked_mse_eps=0.1387 mask_only=0.1387 mask_area_fraction=1.0000
[train-ddpm] ep0 step2940 masked_mse_eps=0.1185 mask_only=0.1185 mask_area_fraction=1.0000
[train-ddpm] ep0 step2960 masked_mse_eps=0.0547 mask_only=0.0547 mask_area_fraction=1.0000
[train-ddpm] ep0 step2980 masked_mse_eps=0.0858 mask_only=0.0858 mask_area_fraction=1.0000
[train-ddpm] ep0 step3000 masked_mse_eps=0.1225 mask_only=0.1225 mask_area_fraction=1.0000
[train-ddpm] ep0 step3020 masked_mse_eps=0.0699 mask_only=0.0699 mask_area_fraction=1.0000
[train-ddpm] ep0 step3040 masked_mse_eps=0.0504 mask_only=0.0504 mask_area_fraction=1.0000
[train-ddpm] ep0 step3060 masked_mse_eps=0.2974 mask_only=0.2974 mask_area_fraction=1.0000
[train-ddpm] ep0 step3080 masked_mse_eps=0.1602 mask_only=0.1660 mask_area_fraction=0.5513
[train-ddpm] ep0 step3100 masked_mse_eps=0.0540 mask_only=0.0540 mask_area_fraction=1.0000
[train-ddpm] ep0 step3120 masked_mse_eps=0.0207 mask_only=0.0207 mask_area_fraction=1.0000
[train-ddpm] ep0 step3140 masked_mse_eps=0.0219 mask_only=0.0219 mask_area_fraction=1.0000
[train-ddpm] ep0 step3160 masked_mse_eps=0.0931 mask_only=0.0931 mask_area_fraction=1.0000
[train-ddpm] ep0 step3180 masked_mse_eps=0.1063 mask_only=0.1063 mask_area_fraction=1.0000
[train-ddpm] ep0 step3200 masked_mse_eps=0.1634 mask_only=0.1698 mask_area_fraction=0.5401
[train-ddpm] ep0 step3220 masked_mse_eps=0.0434 mask_only=0.0434 mask_area_fraction=1.0000
[train-ddpm] ep0 step3240 masked_mse_eps=0.2017 mask_only=0.2017 mask_area_fraction=1.0000
[train-ddpm] ep0 step3260 masked_mse_eps=0.5693 mask_only=0.5911 mask_area_fraction=0.5576
[train-ddpm] ep0 step3280 masked_mse_eps=0.0228 mask_only=0.0227 mask_area_fraction=0.5440
[train-ddpm] ep0 step3300 masked_mse_eps=0.1510 mask_only=0.1510 mask_area_fraction=1.0000
[train-ddpm] ep0 step3320 masked_mse_eps=0.0244 mask_only=0.0244 mask_area_fraction=1.0000
[train-ddpm] ep0 step3340 masked_mse_eps=0.0302 mask_only=0.0302 mask_area_fraction=1.0000
[train-ddpm] ep0 step3360 masked_mse_eps=0.1302 mask_only=0.1302 mask_area_fraction=1.0000
[train-ddpm] ep0 step3380 masked_mse_eps=0.0622 mask_only=0.0622 mask_area_fraction=1.0000
[train-ddpm] ep0 step3400 masked_mse_eps=0.1963 mask_only=0.1963 mask_area_fraction=1.0000
[train-ddpm] ep0 step3420 masked_mse_eps=0.1959 mask_only=0.2012 mask_area_fraction=0.6042
[train-ddpm] ep0 step3440 masked_mse_eps=0.0365 mask_only=0.0365 mask_area_fraction=1.0000
[train-ddpm] ep0 step3460 masked_mse_eps=0.1311 mask_only=0.1311 mask_area_fraction=1.0000
[train-ddpm] ep0 step3480 masked_mse_eps=0.0187 mask_only=0.0188 mask_area_fraction=0.6273
[train-ddpm] ep0 step3500 masked_mse_eps=0.0666 mask_only=0.0666 mask_area_fraction=1.0000
[train-ddpm] ep0 step3520 masked_mse_eps=0.0801 mask_only=0.0801 mask_area_fraction=1.0000
[train-ddpm] ep0 step3540 masked_mse_eps=0.0239 mask_only=0.0239 mask_area_fraction=1.0000
[train-ddpm] ep0 step3560 masked_mse_eps=0.5435 mask_only=0.5639 mask_area_fraction=0.5644
[train-ddpm] ep0 step3580 masked_mse_eps=0.2504 mask_only=0.2504 mask_area_fraction=1.0000
[train-ddpm] ep0 step3600 masked_mse_eps=0.0538 mask_only=0.0538 mask_area_fraction=1.0000
[train-ddpm] ep0 step3620 masked_mse_eps=0.0875 mask_only=0.0882 mask_area_fraction=0.5187
[train-ddpm] ep0 step3640 masked_mse_eps=0.0506 mask_only=0.0506 mask_area_fraction=1.0000
[train-ddpm] ep0 step3660 masked_mse_eps=0.1722 mask_only=0.1722 mask_area_fraction=1.0000
[train-ddpm] ep0 step3680 masked_mse_eps=0.0478 mask_only=0.0478 mask_area_fraction=1.0000
[train-ddpm] ep0 step3700 masked_mse_eps=0.1101 mask_only=0.1101 mask_area_fraction=1.0000
[train-ddpm] ep0 step3720 masked_mse_eps=0.2107 mask_only=0.2107 mask_area_fraction=1.0000
[train-ddpm] ep0 step3740 masked_mse_eps=0.2107 mask_only=0.2107 mask_area_fraction=1.0000
[train-ddpm] ep0 step3760 masked_mse_eps=0.0149 mask_only=0.0149 mask_area_fraction=1.0000
[train-ddpm] ep0 step3780 masked_mse_eps=0.0371 mask_only=0.0371 mask_area_fraction=1.0000
[train-ddpm] ep0 step3800 masked_mse_eps=0.3654 mask_only=0.3769 mask_area_fraction=0.5402
[train-ddpm] ep0 step3820 masked_mse_eps=0.0631 mask_only=0.0631 mask_area_fraction=1.0000
[train-ddpm] ep0 step3840 masked_mse_eps=0.0895 mask_only=0.0895 mask_area_fraction=1.0000
[train-ddpm] ep0 step3860 masked_mse_eps=0.1036 mask_only=0.1036 mask_area_fraction=1.0000
[train-ddpm] ep0 step3880 masked_mse_eps=0.0873 mask_only=0.0873 mask_area_fraction=1.0000
[train-ddpm] ep0 step3900 masked_mse_eps=0.0547 mask_only=0.0547 mask_area_fraction=1.0000
[train-ddpm] ep0 step3920 masked_mse_eps=0.0634 mask_only=0.0634 mask_area_fraction=1.0000
[train-ddpm] ep0 step3940 masked_mse_eps=0.1010 mask_only=0.1010 mask_area_fraction=1.0000
[train-ddpm] ep0 step3960 masked_mse_eps=0.0569 mask_only=0.0569 mask_area_fraction=1.0000
[train-ddpm] ep0 step3980 masked_mse_eps=0.0195 mask_only=0.0195 mask_area_fraction=1.0000
[train-ddpm] ep0 step4000 masked_mse_eps=0.0508 mask_only=0.0508 mask_area_fraction=1.0000
[train-ddpm] ep0 step4020 masked_mse_eps=0.4040 mask_only=0.4040 mask_area_fraction=1.0000
[train-ddpm] ep0 step4040 masked_mse_eps=0.0227 mask_only=0.0231 mask_area_fraction=0.6182
[train-ddpm] ep0 step4060 masked_mse_eps=0.0460 mask_only=0.0460 mask_area_fraction=1.0000
[train-ddpm] ep0 step4080 masked_mse_eps=0.1305 mask_only=0.1305 mask_area_fraction=1.0000
[train-ddpm] ep0 step4100 masked_mse_eps=0.2024 mask_only=0.2096 mask_area_fraction=0.5700
[train-ddpm] ep0 step4120 masked_mse_eps=0.0146 mask_only=0.0146 mask_area_fraction=1.0000
[train-ddpm] ep0 step4140 masked_mse_eps=0.0445 mask_only=0.0452 mask_area_fraction=0.5943
[train-ddpm] ep0 step4160 masked_mse_eps=0.2233 mask_only=0.2200 mask_area_fraction=0.6128
[train-ddpm] ep0 step4180 masked_mse_eps=0.1049 mask_only=0.1049 mask_area_fraction=1.0000
[train-ddpm] ep0 step4200 masked_mse_eps=0.0504 mask_only=0.0504 mask_area_fraction=1.0000
[train-ddpm] ep0 step4220 masked_mse_eps=0.1177 mask_only=0.1177 mask_area_fraction=1.0000
[train-ddpm] ep0 step4240 masked_mse_eps=0.0294 mask_only=0.0299 mask_area_fraction=0.5963
[train-ddpm] ep0 step4260 masked_mse_eps=0.0330 mask_only=0.0330 mask_area_fraction=1.0000
[train-ddpm] ep0 step4280 masked_mse_eps=0.0251 mask_only=0.0251 mask_area_fraction=1.0000
[train-ddpm] ep0 step4300 masked_mse_eps=0.0676 mask_only=0.0676 mask_area_fraction=1.0000
[train-ddpm] ep0 step4320 masked_mse_eps=0.0471 mask_only=0.0471 mask_area_fraction=1.0000
[train-ddpm] ep0 step4340 masked_mse_eps=0.0762 mask_only=0.0782 mask_area_fraction=0.5538
[train-ddpm] ep0 step4360 masked_mse_eps=0.1472 mask_only=0.1472 mask_area_fraction=1.0000
[train-ddpm] ep0 step4380 masked_mse_eps=0.0407 mask_only=0.0407 mask_area_fraction=1.0000
[train-ddpm] ep0 step4400 masked_mse_eps=0.0551 mask_only=0.0569 mask_area_fraction=0.5384
[train-ddpm] ep0 step4420 masked_mse_eps=0.1843 mask_only=0.1843 mask_area_fraction=1.0000
[train-ddpm] ep0 step4440 masked_mse_eps=0.0562 mask_only=0.0582 mask_area_fraction=0.5161
[train-ddpm] ep0 step4460 masked_mse_eps=0.0264 mask_only=0.0263 mask_area_fraction=0.5700
[train-ddpm] ep0 step4480 masked_mse_eps=0.0315 mask_only=0.0315 mask_area_fraction=1.0000
[val-ddpm] ep0 loss=0.1196  mask_only_loss=0.1204  x0_l1=0.5308  final_from_x0_psnr=33.62dB  mask_area_fraction=0.9132  outside_mask_max_diff=0.00000000
[train-ddpm] saved epoch sample grid (sampling took 1.4s)
[val-ddpm] new best loss=0.1196
[train-ddpm] ep1 step4500 masked_mse_eps=0.0134 mask_only=0.0134 mask_area_fraction=0.5135
[train-ddpm] ep1 step4520 masked_mse_eps=0.0807 mask_only=0.0807 mask_area_fraction=1.0000
[train-ddpm] ep1 step4540 masked_mse_eps=0.0375 mask_only=0.0360 mask_area_fraction=0.5257
[train-ddpm] ep1 step4560 masked_mse_eps=0.0602 mask_only=0.0602 mask_area_fraction=1.0000
[train-ddpm] ep1 step4580 masked_mse_eps=0.0150 mask_only=0.0150 mask_area_fraction=1.0000
[train-ddpm] ep1 step4600 masked_mse_eps=0.0633 mask_only=0.0649 mask_area_fraction=0.5676
[train-ddpm] ep1 step4620 masked_mse_eps=0.0671 mask_only=0.0671 mask_area_fraction=1.0000
[train-ddpm] ep1 step4640 masked_mse_eps=0.0722 mask_only=0.0749 mask_area_fraction=0.5193
[train-ddpm] ep1 step4660 masked_mse_eps=0.0454 mask_only=0.0454 mask_area_fraction=1.0000
[train-ddpm] ep1 step4680 masked_mse_eps=0.0459 mask_only=0.0459 mask_area_fraction=1.0000
[train-ddpm] ep1 step4700 masked_mse_eps=0.0815 mask_only=0.0815 mask_area_fraction=1.0000
[train-ddpm] ep1 step4720 masked_mse_eps=0.1433 mask_only=0.1433 mask_area_fraction=1.0000
[train-ddpm] ep1 step4740 masked_mse_eps=0.0332 mask_only=0.0332 mask_area_fraction=1.0000
[train-ddpm] ep1 step4760 masked_mse_eps=0.1750 mask_only=0.1750 mask_area_fraction=1.0000
[train-ddpm] ep1 step4780 masked_mse_eps=0.0153 mask_only=0.0153 mask_area_fraction=1.0000
[train-ddpm] ep1 step4800 masked_mse_eps=0.1473 mask_only=0.1473 mask_area_fraction=1.0000
[train-ddpm] ep1 step4820 masked_mse_eps=0.1215 mask_only=0.1545 mask_area_fraction=0.1080
[train-ddpm] ep1 step4840 masked_mse_eps=0.0555 mask_only=0.0555 mask_area_fraction=1.0000
[train-ddpm] ep1 step4860 masked_mse_eps=0.2095 mask_only=0.2095 mask_area_fraction=1.0000
[train-ddpm] ep1 step4880 masked_mse_eps=0.0505 mask_only=0.0505 mask_area_fraction=1.0000
[train-ddpm] ep1 step4900 masked_mse_eps=0.0142 mask_only=0.0142 mask_area_fraction=1.0000
[train-ddpm] ep1 step4920 masked_mse_eps=0.0325 mask_only=0.0325 mask_area_fraction=1.0000
[train-ddpm] ep1 step4940 masked_mse_eps=0.3274 mask_only=0.3413 mask_area_fraction=0.5206
[train-ddpm] ep1 step4960 masked_mse_eps=0.0802 mask_only=0.0802 mask_area_fraction=1.0000
[train-ddpm] ep1 step4980 masked_mse_eps=0.0515 mask_only=0.0515 mask_area_fraction=1.0000
[train-ddpm] ep1 step5000 masked_mse_eps=0.0444 mask_only=0.0444 mask_area_fraction=1.0000
[train-ddpm] ep1 step5020 masked_mse_eps=0.1851 mask_only=0.1851 mask_area_fraction=1.0000
[train-ddpm] ep1 step5040 masked_mse_eps=0.1183 mask_only=0.1183 mask_area_fraction=1.0000
[train-ddpm] ep1 step5060 masked_mse_eps=0.0972 mask_only=0.1005 mask_area_fraction=0.5425
[train-ddpm] ep1 step5080 masked_mse_eps=0.0247 mask_only=0.0247 mask_area_fraction=1.0000
[train-ddpm] ep1 step5100 masked_mse_eps=0.0124 mask_only=0.0124 mask_area_fraction=1.0000
[train-ddpm] ep1 step5120 masked_mse_eps=0.1011 mask_only=0.1011 mask_area_fraction=1.0000
[train-ddpm] ep1 step5140 masked_mse_eps=0.0248 mask_only=0.0248 mask_area_fraction=1.0000
[train-ddpm] ep1 step5160 masked_mse_eps=0.0112 mask_only=0.0113 mask_area_fraction=0.5487
[train-ddpm] ep1 step5180 masked_mse_eps=0.1287 mask_only=0.1287 mask_area_fraction=1.0000
[train-ddpm] ep1 step5200 masked_mse_eps=0.1204 mask_only=0.1204 mask_area_fraction=1.0000
[train-ddpm] ep1 step5220 masked_mse_eps=0.0272 mask_only=0.0272 mask_area_fraction=1.0000
[train-ddpm] ep1 step5240 masked_mse_eps=0.0137 mask_only=0.0137 mask_area_fraction=1.0000
[train-ddpm] ep1 step5260 masked_mse_eps=0.0120 mask_only=0.0120 mask_area_fraction=0.5583
[train-ddpm] ep1 step5280 masked_mse_eps=0.0454 mask_only=0.0539 mask_area_fraction=0.1502
[train-ddpm] ep1 step5300 masked_mse_eps=0.0800 mask_only=0.0821 mask_area_fraction=0.6268
[train-ddpm] ep1 step5320 masked_mse_eps=0.0110 mask_only=0.0111 mask_area_fraction=0.5916
[train-ddpm] ep1 step5340 masked_mse_eps=0.0288 mask_only=0.0288 mask_area_fraction=1.0000
[train-ddpm] ep1 step5360 masked_mse_eps=0.0223 mask_only=0.0264 mask_area_fraction=0.1288
[train-ddpm] ep1 step5380 masked_mse_eps=0.2356 mask_only=0.2356 mask_area_fraction=1.0000
[train-ddpm] ep1 step5400 masked_mse_eps=0.0442 mask_only=0.0442 mask_area_fraction=1.0000
[train-ddpm] ep1 step5420 masked_mse_eps=0.1137 mask_only=0.1137 mask_area_fraction=1.0000
[train-ddpm] ep1 step5440 masked_mse_eps=0.1586 mask_only=0.1586 mask_area_fraction=1.0000
[train-ddpm] ep1 step5460 masked_mse_eps=0.0475 mask_only=0.0486 mask_area_fraction=0.6178
[train-ddpm] ep1 step5480 masked_mse_eps=0.0150 mask_only=0.0151 mask_area_fraction=0.5708
[train-ddpm] ep1 step5500 masked_mse_eps=0.1737 mask_only=0.1737 mask_area_fraction=1.0000
[train-ddpm] ep1 step5520 masked_mse_eps=0.3297 mask_only=0.3297 mask_area_fraction=1.0000
[train-ddpm] ep1 step5540 masked_mse_eps=0.0860 mask_only=0.0860 mask_area_fraction=1.0000
[train-ddpm] ep1 step5560 masked_mse_eps=0.1112 mask_only=0.1112 mask_area_fraction=1.0000
[train-ddpm] ep1 step5580 masked_mse_eps=0.1285 mask_only=0.1285 mask_area_fraction=1.0000
[train-ddpm] ep1 step5600 masked_mse_eps=0.1066 mask_only=0.1066 mask_area_fraction=1.0000
[train-ddpm] ep1 step5620 masked_mse_eps=0.1661 mask_only=0.1661 mask_area_fraction=1.0000
[train-ddpm] ep1 step5640 masked_mse_eps=0.0101 mask_only=0.0101 mask_area_fraction=0.5697
[train-ddpm] ep1 step5660 masked_mse_eps=0.0165 mask_only=0.0165 mask_area_fraction=1.0000
[train-ddpm] ep1 step5680 masked_mse_eps=0.0245 mask_only=0.0237 mask_area_fraction=0.5414
[train-ddpm] ep1 step5700 masked_mse_eps=0.2618 mask_only=0.2618 mask_area_fraction=1.0000
[train-ddpm] ep1 step5720 masked_mse_eps=0.0193 mask_only=0.0197 mask_area_fraction=0.5441
[train-ddpm] ep1 step5740 masked_mse_eps=0.0844 mask_only=0.0865 mask_area_fraction=0.6313
[train-ddpm] ep1 step5760 masked_mse_eps=0.1073 mask_only=0.1073 mask_area_fraction=1.0000
[train-ddpm] ep1 step5780 masked_mse_eps=0.0962 mask_only=0.0962 mask_area_fraction=1.0000
[train-ddpm] ep1 step5800 masked_mse_eps=0.0968 mask_only=0.0968 mask_area_fraction=1.0000
[train-ddpm] ep1 step5820 masked_mse_eps=0.2166 mask_only=0.2166 mask_area_fraction=1.0000
[train-ddpm] ep1 step5840 masked_mse_eps=0.0219 mask_only=0.0219 mask_area_fraction=1.0000
[train-ddpm] ep1 step5860 masked_mse_eps=0.1268 mask_only=0.1268 mask_area_fraction=1.0000
[train-ddpm] ep1 step5880 masked_mse_eps=0.0143 mask_only=0.0143 mask_area_fraction=1.0000
[train-ddpm] ep1 step5900 masked_mse_eps=0.0498 mask_only=0.0498 mask_area_fraction=1.0000
[train-ddpm] ep1 step5920 masked_mse_eps=0.2279 mask_only=0.2279 mask_area_fraction=1.0000
[train-ddpm] ep1 step5940 masked_mse_eps=0.1324 mask_only=0.1370 mask_area_fraction=0.5692
[train-ddpm] ep1 step5960 masked_mse_eps=0.4229 mask_only=0.4229 mask_area_fraction=1.0000
[train-ddpm] ep1 step5980 masked_mse_eps=0.1358 mask_only=0.1358 mask_area_fraction=1.0000
[train-ddpm] ep1 step6000 masked_mse_eps=0.0666 mask_only=0.0666 mask_area_fraction=1.0000
[train-ddpm] ep1 step6020 masked_mse_eps=0.0753 mask_only=0.0753 mask_area_fraction=1.0000
[train-ddpm] ep1 step6040 masked_mse_eps=0.0093 mask_only=0.0093 mask_area_fraction=1.0000
[train-ddpm] ep1 step6060 masked_mse_eps=0.2283 mask_only=0.2373 mask_area_fraction=0.5301
[train-ddpm] ep1 step6080 masked_mse_eps=0.0942 mask_only=0.0961 mask_area_fraction=0.6208
[train-ddpm] ep1 step6100 masked_mse_eps=0.0332 mask_only=0.0332 mask_area_fraction=1.0000
[train-ddpm] ep1 step6120 masked_mse_eps=0.4245 mask_only=0.4245 mask_area_fraction=1.0000
[train-ddpm] ep1 step6140 masked_mse_eps=0.0308 mask_only=0.0308 mask_area_fraction=1.0000
[train-ddpm] ep1 step6160 masked_mse_eps=0.4947 mask_only=0.4947 mask_area_fraction=1.0000
[train-ddpm] ep1 step6180 masked_mse_eps=0.0557 mask_only=0.0557 mask_area_fraction=1.0000
[train-ddpm] ep1 step6200 masked_mse_eps=0.0476 mask_only=0.0476 mask_area_fraction=1.0000
[train-ddpm] ep1 step6220 masked_mse_eps=0.2183 mask_only=0.2272 mask_area_fraction=0.5375
[train-ddpm] ep1 step6240 masked_mse_eps=0.0384 mask_only=0.0384 mask_area_fraction=1.0000
[train-ddpm] ep1 step6260 masked_mse_eps=0.4981 mask_only=0.4981 mask_area_fraction=1.0000
[train-ddpm] ep1 step6280 masked_mse_eps=0.0089 mask_only=0.0089 mask_area_fraction=1.0000
[train-ddpm] ep1 step6300 masked_mse_eps=0.0171 mask_only=0.0197 mask_area_fraction=0.1330
[train-ddpm] ep1 step6320 masked_mse_eps=0.0923 mask_only=0.0923 mask_area_fraction=1.0000
[train-ddpm] ep1 step6340 masked_mse_eps=0.0556 mask_only=0.0568 mask_area_fraction=0.5896
[train-ddpm] ep1 step6360 masked_mse_eps=0.0681 mask_only=0.0681 mask_area_fraction=1.0000
[train-ddpm] ep1 step6380 masked_mse_eps=0.1342 mask_only=0.1342 mask_area_fraction=1.0000
[train-ddpm] ep1 step6400 masked_mse_eps=0.0344 mask_only=0.0350 mask_area_fraction=0.6023
[train-ddpm] ep1 step6420 masked_mse_eps=0.2017 mask_only=0.2017 mask_area_fraction=1.0000
[train-ddpm] ep1 step6440 masked_mse_eps=0.0360 mask_only=0.0360 mask_area_fraction=1.0000
[train-ddpm] ep1 step6460 masked_mse_eps=0.0408 mask_only=0.0408 mask_area_fraction=1.0000
[train-ddpm] ep1 step6480 masked_mse_eps=0.0126 mask_only=0.0126 mask_area_fraction=1.0000
[train-ddpm] ep1 step6500 masked_mse_eps=0.2141 mask_only=0.2141 mask_area_fraction=1.0000
[train-ddpm] ep1 step6520 masked_mse_eps=0.1057 mask_only=0.1057 mask_area_fraction=1.0000
[train-ddpm] ep1 step6540 masked_mse_eps=0.1779 mask_only=0.1779 mask_area_fraction=1.0000
[train-ddpm] ep1 step6560 masked_mse_eps=0.0103 mask_only=0.0104 mask_area_fraction=0.5391
[train-ddpm] ep1 step6580 masked_mse_eps=0.0084 mask_only=0.0084 mask_area_fraction=1.0000
[train-ddpm] ep1 step6600 masked_mse_eps=0.0175 mask_only=0.0175 mask_area_fraction=1.0000
[train-ddpm] ep1 step6620 masked_mse_eps=0.0203 mask_only=0.0203 mask_area_fraction=1.0000
[train-ddpm] ep1 step6640 masked_mse_eps=0.0241 mask_only=0.0241 mask_area_fraction=1.0000
[train-ddpm] ep1 step6660 masked_mse_eps=0.1096 mask_only=0.1388 mask_area_fraction=0.1366
[train-ddpm] ep1 step6680 masked_mse_eps=0.1901 mask_only=0.1941 mask_area_fraction=0.5908
[train-ddpm] ep1 step6700 masked_mse_eps=0.1247 mask_only=0.1247 mask_area_fraction=1.0000
[train-ddpm] ep1 step6720 masked_mse_eps=0.5958 mask_only=0.5958 mask_area_fraction=1.0000
[train-ddpm] ep1 step6740 masked_mse_eps=0.0812 mask_only=0.0812 mask_area_fraction=1.0000
[train-ddpm] ep1 step6760 masked_mse_eps=0.7000 mask_only=0.7286 mask_area_fraction=0.5454
[train-ddpm] ep1 step6780 masked_mse_eps=0.0800 mask_only=0.0800 mask_area_fraction=1.0000
[train-ddpm] ep1 step6800 masked_mse_eps=0.0170 mask_only=0.0170 mask_area_fraction=1.0000
[train-ddpm] ep1 step6820 masked_mse_eps=0.0296 mask_only=0.0296 mask_area_fraction=1.0000
[train-ddpm] ep1 step6840 masked_mse_eps=0.1084 mask_only=0.1084 mask_area_fraction=1.0000
[train-ddpm] ep1 step6860 masked_mse_eps=0.0121 mask_only=0.0121 mask_area_fraction=1.0000
[train-ddpm] ep1 step6880 masked_mse_eps=0.0314 mask_only=0.0314 mask_area_fraction=1.0000
[train-ddpm] ep1 step6900 masked_mse_eps=0.0119 mask_only=0.0119 mask_area_fraction=1.0000
[train-ddpm] ep1 step6920 masked_mse_eps=0.0691 mask_only=0.0717 mask_area_fraction=0.5126
[train-ddpm] ep1 step6940 masked_mse_eps=0.0547 mask_only=0.0547 mask_area_fraction=1.0000
[train-ddpm] ep1 step6960 masked_mse_eps=0.1382 mask_only=0.1418 mask_area_fraction=0.6136
[train-ddpm] ep1 step6980 masked_mse_eps=0.2804 mask_only=0.2804 mask_area_fraction=1.0000
[train-ddpm] ep1 step7000 masked_mse_eps=0.0976 mask_only=0.0976 mask_area_fraction=1.0000
[train-ddpm] ep1 step7020 masked_mse_eps=0.3267 mask_only=0.3267 mask_area_fraction=1.0000
[train-ddpm] ep1 step7040 masked_mse_eps=0.2402 mask_only=0.2402 mask_area_fraction=1.0000
[train-ddpm] ep1 step7060 masked_mse_eps=0.2291 mask_only=0.2291 mask_area_fraction=1.0000
[train-ddpm] ep1 step7080 masked_mse_eps=0.0092 mask_only=0.0092 mask_area_fraction=1.0000
[train-ddpm] ep1 step7100 masked_mse_eps=0.0833 mask_only=0.0833 mask_area_fraction=1.0000
[train-ddpm] ep1 step7120 masked_mse_eps=0.2012 mask_only=0.2012 mask_area_fraction=1.0000
[train-ddpm] ep1 step7140 masked_mse_eps=0.1011 mask_only=0.1011 mask_area_fraction=1.0000
[train-ddpm] ep1 step7160 masked_mse_eps=0.0295 mask_only=0.0295 mask_area_fraction=1.0000
[train-ddpm] ep1 step7180 masked_mse_eps=0.0499 mask_only=0.0604 mask_area_fraction=0.1505
[train-ddpm] ep1 step7200 masked_mse_eps=0.1416 mask_only=0.1416 mask_area_fraction=1.0000
[train-ddpm] ep1 step7220 masked_mse_eps=0.2524 mask_only=0.2524 mask_area_fraction=1.0000
[train-ddpm] ep1 step7240 masked_mse_eps=0.0614 mask_only=0.0614 mask_area_fraction=1.0000
[train-ddpm] ep1 step7260 masked_mse_eps=0.1920 mask_only=0.1920 mask_area_fraction=1.0000
[train-ddpm] ep1 step7280 masked_mse_eps=0.1025 mask_only=0.1025 mask_area_fraction=1.0000
[train-ddpm] ep1 step7300 masked_mse_eps=0.0786 mask_only=0.0786 mask_area_fraction=1.0000
[train-ddpm] ep1 step7320 masked_mse_eps=0.0458 mask_only=0.0458 mask_area_fraction=1.0000
[train-ddpm] ep1 step7340 masked_mse_eps=0.0587 mask_only=0.0587 mask_area_fraction=1.0000
[train-ddpm] ep1 step7360 masked_mse_eps=0.0889 mask_only=0.0889 mask_area_fraction=1.0000
[train-ddpm] ep1 step7380 masked_mse_eps=0.1552 mask_only=0.1552 mask_area_fraction=1.0000
[train-ddpm] ep1 step7400 masked_mse_eps=0.0235 mask_only=0.0235 mask_area_fraction=1.0000
[train-ddpm] ep1 step7420 masked_mse_eps=0.0495 mask_only=0.0495 mask_area_fraction=1.0000
[train-ddpm] ep1 step7440 masked_mse_eps=0.0832 mask_only=0.0832 mask_area_fraction=1.0000
[train-ddpm] ep1 step7460 masked_mse_eps=0.0426 mask_only=0.0426 mask_area_fraction=1.0000
[train-ddpm] ep1 step7480 masked_mse_eps=0.0433 mask_only=0.0433 mask_area_fraction=1.0000
[train-ddpm] ep1 step7500 masked_mse_eps=0.1078 mask_only=0.1078 mask_area_fraction=1.0000
[train-ddpm] ep1 step7520 masked_mse_eps=0.8801 mask_only=0.9142 mask_area_fraction=0.5515
[train-ddpm] ep1 step7540 masked_mse_eps=0.0442 mask_only=0.0442 mask_area_fraction=1.0000
[train-ddpm] ep1 step7560 masked_mse_eps=0.0317 mask_only=0.0320 mask_area_fraction=0.6077
[train-ddpm] ep1 step7580 masked_mse_eps=0.1877 mask_only=0.1877 mask_area_fraction=1.0000
[train-ddpm] ep1 step7600 masked_mse_eps=0.2552 mask_only=0.2552 mask_area_fraction=1.0000
[train-ddpm] ep1 step7620 masked_mse_eps=0.0485 mask_only=0.0485 mask_area_fraction=1.0000
[train-ddpm] ep1 step7640 masked_mse_eps=0.0639 mask_only=0.0639 mask_area_fraction=1.0000
[train-ddpm] ep1 step7660 masked_mse_eps=0.0090 mask_only=0.0090 mask_area_fraction=1.0000
[train-ddpm] ep1 step7680 masked_mse_eps=0.0336 mask_only=0.0336 mask_area_fraction=1.0000
[train-ddpm] ep1 step7700 masked_mse_eps=0.1021 mask_only=0.1021 mask_area_fraction=1.0000
[train-ddpm] ep1 step7720 masked_mse_eps=0.3842 mask_only=0.3842 mask_area_fraction=1.0000
[train-ddpm] ep1 step7740 masked_mse_eps=0.0094 mask_only=0.0094 mask_area_fraction=0.5566
[train-ddpm] ep1 step7760 masked_mse_eps=0.0322 mask_only=0.0322 mask_area_fraction=1.0000
[train-ddpm] ep1 step7780 masked_mse_eps=0.1031 mask_only=0.1031 mask_area_fraction=1.0000
[train-ddpm] ep1 step7800 masked_mse_eps=0.1785 mask_only=0.1861 mask_area_fraction=0.5161
[train-ddpm] ep1 step7820 masked_mse_eps=0.0438 mask_only=0.0438 mask_area_fraction=1.0000
[train-ddpm] ep1 step7840 masked_mse_eps=0.5477 mask_only=0.5477 mask_area_fraction=1.0000
[train-ddpm] ep1 step7860 masked_mse_eps=0.2091 mask_only=0.2091 mask_area_fraction=1.0000
[train-ddpm] ep1 step7880 masked_mse_eps=0.0897 mask_only=0.0897 mask_area_fraction=1.0000
[train-ddpm] ep1 step7900 masked_mse_eps=0.7986 mask_only=0.7986 mask_area_fraction=1.0000
[train-ddpm] ep1 step7920 masked_mse_eps=0.0403 mask_only=0.0403 mask_area_fraction=1.0000
[train-ddpm] ep1 step7940 masked_mse_eps=0.2550 mask_only=0.2550 mask_area_fraction=1.0000
[train-ddpm] ep1 step7960 masked_mse_eps=0.0344 mask_only=0.0344 mask_area_fraction=1.0000
[train-ddpm] ep1 step7980 masked_mse_eps=0.0131 mask_only=0.0132 mask_area_fraction=0.6096
[train-ddpm] ep1 step8000 masked_mse_eps=0.1128 mask_only=0.1128 mask_area_fraction=1.0000
[train-ddpm] ep1 step8020 masked_mse_eps=0.0300 mask_only=0.0300 mask_area_fraction=1.0000
[train-ddpm] ep1 step8040 masked_mse_eps=0.1702 mask_only=0.1702 mask_area_fraction=1.0000
[train-ddpm] ep1 step8060 masked_mse_eps=0.0397 mask_only=0.0397 mask_area_fraction=1.0000
[train-ddpm] ep1 step8080 masked_mse_eps=0.1611 mask_only=0.1611 mask_area_fraction=1.0000
[train-ddpm] ep1 step8100 masked_mse_eps=0.1677 mask_only=0.1677 mask_area_fraction=1.0000
[train-ddpm] ep1 step8120 masked_mse_eps=0.0312 mask_only=0.0312 mask_area_fraction=1.0000
[train-ddpm] ep1 step8140 masked_mse_eps=0.0312 mask_only=0.0312 mask_area_fraction=1.0000
[train-ddpm] ep1 step8160 masked_mse_eps=0.0779 mask_only=0.0779 mask_area_fraction=1.0000
[train-ddpm] ep1 step8180 masked_mse_eps=0.0883 mask_only=0.0883 mask_area_fraction=1.0000
[train-ddpm] ep1 step8200 masked_mse_eps=0.1142 mask_only=0.1142 mask_area_fraction=1.0000
[train-ddpm] ep1 step8220 masked_mse_eps=0.0546 mask_only=0.0546 mask_area_fraction=1.0000
[train-ddpm] ep1 step8240 masked_mse_eps=0.0191 mask_only=0.0191 mask_area_fraction=1.0000
[train-ddpm] ep1 step8260 masked_mse_eps=0.0924 mask_only=0.0924 mask_area_fraction=1.0000
[train-ddpm] ep1 step8280 masked_mse_eps=0.0079 mask_only=0.0079 mask_area_fraction=1.0000
[train-ddpm] ep1 step8300 masked_mse_eps=0.0210 mask_only=0.0214 mask_area_fraction=0.5673
[train-ddpm] ep1 step8320 masked_mse_eps=0.1911 mask_only=0.1911 mask_area_fraction=1.0000
[train-ddpm] ep1 step8340 masked_mse_eps=0.0650 mask_only=0.0670 mask_area_fraction=0.5877
[train-ddpm] ep1 step8360 masked_mse_eps=0.0227 mask_only=0.0229 mask_area_fraction=0.5416
[train-ddpm] ep1 step8380 masked_mse_eps=0.0214 mask_only=0.0214 mask_area_fraction=1.0000
[train-ddpm] ep1 step8400 masked_mse_eps=0.0710 mask_only=0.0710 mask_area_fraction=1.0000
[train-ddpm] ep1 step8420 masked_mse_eps=0.1050 mask_only=0.1050 mask_area_fraction=1.0000
[train-ddpm] ep1 step8440 masked_mse_eps=0.0314 mask_only=0.0314 mask_area_fraction=1.0000
[train-ddpm] ep1 step8460 masked_mse_eps=0.0506 mask_only=0.0506 mask_area_fraction=1.0000
[train-ddpm] ep1 step8480 masked_mse_eps=0.0103 mask_only=0.0103 mask_area_fraction=1.0000
[train-ddpm] ep1 step8500 masked_mse_eps=0.0787 mask_only=0.0787 mask_area_fraction=1.0000
[train-ddpm] ep1 step8520 masked_mse_eps=0.1395 mask_only=0.1433 mask_area_fraction=0.6046
[train-ddpm] ep1 step8540 masked_mse_eps=0.0156 mask_only=0.0206 mask_area_fraction=0.0633
[train-ddpm] ep1 step8560 masked_mse_eps=0.1457 mask_only=0.1457 mask_area_fraction=1.0000
[train-ddpm] ep1 step8580 masked_mse_eps=0.1023 mask_only=0.1023 mask_area_fraction=1.0000
[train-ddpm] ep1 step8600 masked_mse_eps=0.1524 mask_only=0.1524 mask_area_fraction=1.0000
[train-ddpm] ep1 step8620 masked_mse_eps=0.2224 mask_only=0.2044 mask_area_fraction=0.6229
[train-ddpm] ep1 step8640 masked_mse_eps=0.2901 mask_only=0.2901 mask_area_fraction=1.0000
[train-ddpm] ep1 step8660 masked_mse_eps=0.1981 mask_only=0.1981 mask_area_fraction=1.0000
[train-ddpm] ep1 step8680 masked_mse_eps=0.2171 mask_only=0.2171 mask_area_fraction=1.0000
[train-ddpm] ep1 step8700 masked_mse_eps=0.0412 mask_only=0.0403 mask_area_fraction=0.5530
[train-ddpm] ep1 step8720 masked_mse_eps=0.0435 mask_only=0.0435 mask_area_fraction=1.0000
[train-ddpm] ep1 step8740 masked_mse_eps=0.0757 mask_only=0.0757 mask_area_fraction=1.0000
[train-ddpm] ep1 step8760 masked_mse_eps=0.0265 mask_only=0.0265 mask_area_fraction=1.0000
[train-ddpm] ep1 step8780 masked_mse_eps=0.0759 mask_only=0.0759 mask_area_fraction=1.0000
[train-ddpm] ep1 step8800 masked_mse_eps=0.1401 mask_only=0.1401 mask_area_fraction=1.0000
[train-ddpm] ep1 step8820 masked_mse_eps=0.0513 mask_only=0.0513 mask_area_fraction=1.0000
[train-ddpm] ep1 step8840 masked_mse_eps=0.3889 mask_only=0.3889 mask_area_fraction=1.0000
[train-ddpm] ep1 step8860 masked_mse_eps=0.0826 mask_only=0.0826 mask_area_fraction=1.0000
[train-ddpm] ep1 step8880 masked_mse_eps=0.0081 mask_only=0.0081 mask_area_fraction=0.5931
[train-ddpm] ep1 step8900 masked_mse_eps=0.2932 mask_only=0.2932 mask_area_fraction=1.0000
[train-ddpm] ep1 step8920 masked_mse_eps=0.0742 mask_only=0.0742 mask_area_fraction=1.0000
[train-ddpm] ep1 step8940 masked_mse_eps=0.0650 mask_only=0.0650 mask_area_fraction=1.0000
[train-ddpm] ep1 step8960 masked_mse_eps=0.0336 mask_only=0.0336 mask_area_fraction=1.0000
[train-ddpm] ep1 step8980 masked_mse_eps=0.0272 mask_only=0.0273 mask_area_fraction=0.5657
[val-ddpm] ep1 loss=0.1102  mask_only_loss=0.1113  x0_l1=1.6425  final_from_x0_psnr=34.21dB  mask_area_fraction=0.8957  outside_mask_max_diff=0.00000000
[train-ddpm] saved epoch sample grid (sampling took 1.4s)
[val-ddpm] new best loss=0.1102
[train-ddpm] ep2 step9000 masked_mse_eps=0.0770 mask_only=0.0770 mask_area_fraction=1.0000
[train-ddpm] ep2 step9020 masked_mse_eps=0.0881 mask_only=0.0881 mask_area_fraction=1.0000
[train-ddpm] ep2 step9040 masked_mse_eps=0.0668 mask_only=0.0668 mask_area_fraction=1.0000
[train-ddpm] ep2 step9060 masked_mse_eps=0.0792 mask_only=0.0792 mask_area_fraction=1.0000
[train-ddpm] ep2 step9080 masked_mse_eps=0.1078 mask_only=0.1108 mask_area_fraction=0.6175
[train-ddpm] ep2 step9100 masked_mse_eps=0.0291 mask_only=0.0291 mask_area_fraction=1.0000
[train-ddpm] ep2 step9120 masked_mse_eps=0.1040 mask_only=0.1040 mask_area_fraction=1.0000
[train-ddpm] ep2 step9140 masked_mse_eps=0.0210 mask_only=0.0210 mask_area_fraction=1.0000
[train-ddpm] ep2 step9160 masked_mse_eps=0.0998 mask_only=0.0998 mask_area_fraction=1.0000
[train-ddpm] ep2 step9180 masked_mse_eps=0.1470 mask_only=0.1470 mask_area_fraction=1.0000
[train-ddpm] ep2 step9200 masked_mse_eps=0.0187 mask_only=0.0187 mask_area_fraction=1.0000
[train-ddpm] ep2 step9220 masked_mse_eps=0.3163 mask_only=0.3163 mask_area_fraction=1.0000
[train-ddpm] ep2 step9240 masked_mse_eps=0.1810 mask_only=0.1810 mask_area_fraction=1.0000
[train-ddpm] ep2 step9260 masked_mse_eps=0.4069 mask_only=0.4069 mask_area_fraction=1.0000
[train-ddpm] ep2 step9280 masked_mse_eps=0.0075 mask_only=0.0075 mask_area_fraction=1.0000
[train-ddpm] ep2 step9300 masked_mse_eps=0.0902 mask_only=0.0902 mask_area_fraction=1.0000
[train-ddpm] ep2 step9320 masked_mse_eps=0.0615 mask_only=0.0615 mask_area_fraction=1.0000
[train-ddpm] ep2 step9340 masked_mse_eps=0.0668 mask_only=0.0668 mask_area_fraction=1.0000
[train-ddpm] ep2 step9360 masked_mse_eps=0.0703 mask_only=0.0703 mask_area_fraction=1.0000
[train-ddpm] ep2 step9380 masked_mse_eps=0.0214 mask_only=0.0214 mask_area_fraction=1.0000
[train-ddpm] ep2 step9400 masked_mse_eps=0.1321 mask_only=0.1321 mask_area_fraction=1.0000
[train-ddpm] ep2 step9420 masked_mse_eps=0.1254 mask_only=0.1254 mask_area_fraction=1.0000
[train-ddpm] ep2 step9440 masked_mse_eps=0.0538 mask_only=0.0538 mask_area_fraction=1.0000
[train-ddpm] ep2 step9460 masked_mse_eps=0.0539 mask_only=0.0539 mask_area_fraction=1.0000
[train-ddpm] ep2 step9480 masked_mse_eps=0.0264 mask_only=0.0264 mask_area_fraction=1.0000
[train-ddpm] ep2 step9500 masked_mse_eps=0.1118 mask_only=0.1152 mask_area_fraction=0.5734
[train-ddpm] ep2 step9520 masked_mse_eps=0.0319 mask_only=0.0326 mask_area_fraction=0.5468
[train-ddpm] ep2 step9540 masked_mse_eps=0.0235 mask_only=0.0240 mask_area_fraction=0.5490
[train-ddpm] ep2 step9560 masked_mse_eps=0.0420 mask_only=0.0420 mask_area_fraction=1.0000
[train-ddpm] ep2 step9580 masked_mse_eps=0.0399 mask_only=0.0399 mask_area_fraction=1.0000
[train-ddpm] ep2 step9600 masked_mse_eps=0.1083 mask_only=0.1083 mask_area_fraction=1.0000
[train-ddpm] ep2 step9620 masked_mse_eps=0.1560 mask_only=0.1560 mask_area_fraction=1.0000
[train-ddpm] ep2 step9640 masked_mse_eps=0.0492 mask_only=0.0506 mask_area_fraction=0.5552
[train-ddpm] ep2 step9660 masked_mse_eps=0.0185 mask_only=0.0185 mask_area_fraction=1.0000
[train-ddpm] ep2 step9680 masked_mse_eps=0.0112 mask_only=0.0112 mask_area_fraction=1.0000
[train-ddpm] ep2 step9700 masked_mse_eps=0.1005 mask_only=0.1005 mask_area_fraction=1.0000
[train-ddpm] ep2 step9720 masked_mse_eps=0.0571 mask_only=0.0571 mask_area_fraction=1.0000
[train-ddpm] ep2 step9740 masked_mse_eps=0.0839 mask_only=0.0839 mask_area_fraction=1.0000
[train-ddpm] ep2 step9760 masked_mse_eps=0.1539 mask_only=0.1539 mask_area_fraction=1.0000
[train-ddpm] ep2 step9780 masked_mse_eps=0.1039 mask_only=0.1039 mask_area_fraction=1.0000
[train-ddpm] ep2 step9800 masked_mse_eps=0.0145 mask_only=0.0147 mask_area_fraction=0.5693
[train-ddpm] ep2 step9820 masked_mse_eps=0.0175 mask_only=0.0175 mask_area_fraction=1.0000
[train-ddpm] ep2 step9840 masked_mse_eps=0.0285 mask_only=0.0293 mask_area_fraction=0.5606
[train-ddpm] ep2 step9860 masked_mse_eps=0.0088 mask_only=0.0088 mask_area_fraction=1.0000
[train-ddpm] ep2 step9880 masked_mse_eps=0.0811 mask_only=0.0811 mask_area_fraction=1.0000
[train-ddpm] ep2 step9900 masked_mse_eps=0.0130 mask_only=0.0130 mask_area_fraction=1.0000
[train-ddpm] ep2 step9920 masked_mse_eps=0.0073 mask_only=0.0073 mask_area_fraction=1.0000
[train-ddpm] ep2 step9940 masked_mse_eps=0.0666 mask_only=0.0666 mask_area_fraction=1.0000
[train-ddpm] ep2 step9960 masked_mse_eps=0.1165 mask_only=0.1165 mask_area_fraction=1.0000
[train-ddpm] ep2 step9980 masked_mse_eps=0.0117 mask_only=0.0117 mask_area_fraction=1.0000
[train-ddpm] ep2 step10000 masked_mse_eps=0.2115 mask_only=0.2115 mask_area_fraction=1.0000
[train-ddpm] ep2 step10020 masked_mse_eps=0.2105 mask_only=0.2105 mask_area_fraction=1.0000
[train-ddpm] ep2 step10040 masked_mse_eps=0.0443 mask_only=0.0451 mask_area_fraction=0.5871
[train-ddpm] ep2 step10060 masked_mse_eps=0.0332 mask_only=0.0332 mask_area_fraction=1.0000
[train-ddpm] ep2 step10080 masked_mse_eps=0.0813 mask_only=0.0813 mask_area_fraction=1.0000
[train-ddpm] ep2 step10100 masked_mse_eps=0.0224 mask_only=0.0230 mask_area_fraction=0.5681
[train-ddpm] ep2 step10120 masked_mse_eps=0.3742 mask_only=0.3742 mask_area_fraction=1.0000
[train-ddpm] ep2 step10140 masked_mse_eps=0.0374 mask_only=0.0374 mask_area_fraction=1.0000
[train-ddpm] ep2 step10160 masked_mse_eps=0.0207 mask_only=0.0213 mask_area_fraction=0.5206
[train-ddpm] ep2 step10180 masked_mse_eps=0.0812 mask_only=0.0812 mask_area_fraction=1.0000
[train-ddpm] ep2 step10200 masked_mse_eps=0.0426 mask_only=0.0426 mask_area_fraction=1.0000
[train-ddpm] ep2 step10220 masked_mse_eps=0.1030 mask_only=0.1030 mask_area_fraction=1.0000
[train-ddpm] ep2 step10240 masked_mse_eps=0.0836 mask_only=0.0836 mask_area_fraction=1.0000
[train-ddpm] ep2 step10260 masked_mse_eps=0.0084 mask_only=0.0084 mask_area_fraction=1.0000
[train-ddpm] ep2 step10280 masked_mse_eps=0.0446 mask_only=0.0446 mask_area_fraction=1.0000
[train-ddpm] ep2 step10300 masked_mse_eps=0.1827 mask_only=0.1827 mask_area_fraction=1.0000
[train-ddpm] ep2 step10320 masked_mse_eps=0.0839 mask_only=0.0839 mask_area_fraction=1.0000
[train-ddpm] ep2 step10340 masked_mse_eps=0.0453 mask_only=0.0453 mask_area_fraction=1.0000
[train-ddpm] ep2 step10360 masked_mse_eps=0.2605 mask_only=0.2605 mask_area_fraction=1.0000
[train-ddpm] ep2 step10380 masked_mse_eps=0.0572 mask_only=0.0582 mask_area_fraction=0.6554
[train-ddpm] ep2 step10400 masked_mse_eps=0.0335 mask_only=0.0335 mask_area_fraction=1.0000
[train-ddpm] ep2 step10420 masked_mse_eps=0.0622 mask_only=0.0622 mask_area_fraction=1.0000
[train-ddpm] ep2 step10440 masked_mse_eps=0.0518 mask_only=0.0518 mask_area_fraction=1.0000
[train-ddpm] ep2 step10460 masked_mse_eps=0.0430 mask_only=0.0430 mask_area_fraction=1.0000
[train-ddpm] ep2 step10480 masked_mse_eps=0.0146 mask_only=0.0147 mask_area_fraction=0.6065
[train-ddpm] ep2 step10500 masked_mse_eps=0.2099 mask_only=0.2157 mask_area_fraction=0.5953
[train-ddpm] ep2 step10520 masked_mse_eps=0.0143 mask_only=0.0143 mask_area_fraction=1.0000
[train-ddpm] ep2 step10540 masked_mse_eps=0.0410 mask_only=0.0426 mask_area_fraction=0.5201
[train-ddpm] ep2 step10560 masked_mse_eps=0.1887 mask_only=0.1887 mask_area_fraction=1.0000
[train-ddpm] ep2 step10580 masked_mse_eps=0.2103 mask_only=0.2185 mask_area_fraction=0.5418
[train-ddpm] ep2 step10600 masked_mse_eps=0.0383 mask_only=0.0393 mask_area_fraction=0.5662
[train-ddpm] ep2 step10620 masked_mse_eps=0.0092 mask_only=0.0101 mask_area_fraction=0.1575
[train-ddpm] ep2 step10640 masked_mse_eps=0.0460 mask_only=0.0460 mask_area_fraction=1.0000
[train-ddpm] ep2 step10660 masked_mse_eps=0.0880 mask_only=0.0880 mask_area_fraction=1.0000
[train-ddpm] ep2 step10680 masked_mse_eps=0.2431 mask_only=0.2431 mask_area_fraction=1.0000
[train-ddpm] ep2 step10700 masked_mse_eps=0.0162 mask_only=0.0162 mask_area_fraction=1.0000
[train-ddpm] ep2 step10720 masked_mse_eps=0.2512 mask_only=0.2512 mask_area_fraction=1.0000
[train-ddpm] ep2 step10740 masked_mse_eps=0.0336 mask_only=0.0336 mask_area_fraction=1.0000
[train-ddpm] ep2 step10760 masked_mse_eps=0.0891 mask_only=0.0891 mask_area_fraction=1.0000
[train-ddpm] ep2 step10780 masked_mse_eps=0.1195 mask_only=0.1195 mask_area_fraction=1.0000
[train-ddpm] ep2 step10800 masked_mse_eps=0.0258 mask_only=0.0258 mask_area_fraction=0.5826
[train-ddpm] ep2 step10820 masked_mse_eps=0.0201 mask_only=0.0201 mask_area_fraction=1.0000
[train-ddpm] ep2 step10840 masked_mse_eps=0.1129 mask_only=0.1160 mask_area_fraction=0.6178
[train-ddpm] ep2 step10860 masked_mse_eps=0.0729 mask_only=0.0729 mask_area_fraction=1.0000
[train-ddpm] ep2 step10880 masked_mse_eps=0.2754 mask_only=0.2754 mask_area_fraction=1.0000
[train-ddpm] ep2 step10900 masked_mse_eps=0.0257 mask_only=0.0257 mask_area_fraction=1.0000
[train-ddpm] ep2 step10920 masked_mse_eps=0.1955 mask_only=0.1955 mask_area_fraction=1.0000
[train-ddpm] ep2 step10940 masked_mse_eps=0.2214 mask_only=0.2214 mask_area_fraction=1.0000
[train-ddpm] ep2 step10960 masked_mse_eps=0.0538 mask_only=0.0538 mask_area_fraction=1.0000
[train-ddpm] ep2 step10980 masked_mse_eps=0.3053 mask_only=0.3053 mask_area_fraction=1.0000
[train-ddpm] ep2 step11000 masked_mse_eps=0.0121 mask_only=0.0123 mask_area_fraction=0.5607
[train-ddpm] ep2 step11020 masked_mse_eps=0.0830 mask_only=0.0830 mask_area_fraction=1.0000
[train-ddpm] ep2 step11040 masked_mse_eps=0.0410 mask_only=0.0410 mask_area_fraction=1.0000
[train-ddpm] ep2 step11060 masked_mse_eps=0.0465 mask_only=0.0479 mask_area_fraction=0.5646
[train-ddpm] ep2 step11080 masked_mse_eps=0.1215 mask_only=0.1215 mask_area_fraction=1.0000
[train-ddpm] ep2 step11100 masked_mse_eps=0.1512 mask_only=0.1512 mask_area_fraction=1.0000
[train-ddpm] ep2 step11120 masked_mse_eps=0.1807 mask_only=0.1807 mask_area_fraction=1.0000
[train-ddpm] ep2 step11140 masked_mse_eps=0.0233 mask_only=0.0233 mask_area_fraction=1.0000
[train-ddpm] ep2 step11160 masked_mse_eps=0.0131 mask_only=0.0132 mask_area_fraction=0.6063
[train-ddpm] ep2 step11180 masked_mse_eps=0.0686 mask_only=0.0708 mask_area_fraction=0.5692
[train-ddpm] ep2 step11200 masked_mse_eps=0.0562 mask_only=0.0562 mask_area_fraction=1.0000
[train-ddpm] ep2 step11220 masked_mse_eps=0.0951 mask_only=0.0951 mask_area_fraction=1.0000
[train-ddpm] ep2 step11240 masked_mse_eps=0.0176 mask_only=0.0176 mask_area_fraction=1.0000
[train-ddpm] ep2 step11260 masked_mse_eps=0.0181 mask_only=0.0181 mask_area_fraction=1.0000
[train-ddpm] ep2 step11280 masked_mse_eps=0.2267 mask_only=0.2267 mask_area_fraction=1.0000
[train-ddpm] ep2 step11300 masked_mse_eps=0.3020 mask_only=0.3020 mask_area_fraction=1.0000
[train-ddpm] ep2 step11320 masked_mse_eps=0.0531 mask_only=0.0531 mask_area_fraction=1.0000
[train-ddpm] ep2 step11340 masked_mse_eps=0.0974 mask_only=0.0974 mask_area_fraction=1.0000
[train-ddpm] ep2 step11360 masked_mse_eps=0.0602 mask_only=0.0602 mask_area_fraction=1.0000
[train-ddpm] ep2 step11380 masked_mse_eps=0.1985 mask_only=0.1985 mask_area_fraction=1.0000
[train-ddpm] ep2 step11400 masked_mse_eps=0.0804 mask_only=0.0804 mask_area_fraction=1.0000
[train-ddpm] ep2 step11420 masked_mse_eps=0.1617 mask_only=0.1617 mask_area_fraction=1.0000
[train-ddpm] ep2 step11440 masked_mse_eps=0.0798 mask_only=0.0798 mask_area_fraction=1.0000
[train-ddpm] ep2 step11460 masked_mse_eps=0.5243 mask_only=0.5243 mask_area_fraction=1.0000
[train-ddpm] ep2 step11480 masked_mse_eps=0.2456 mask_only=0.2456 mask_area_fraction=1.0000
[train-ddpm] ep2 step11500 masked_mse_eps=0.3784 mask_only=0.3784 mask_area_fraction=1.0000
[train-ddpm] ep2 step11520 masked_mse_eps=0.0762 mask_only=0.0762 mask_area_fraction=1.0000
[train-ddpm] ep2 step11540 masked_mse_eps=0.0460 mask_only=0.0460 mask_area_fraction=1.0000
[train-ddpm] ep2 step11560 masked_mse_eps=0.0466 mask_only=0.0481 mask_area_fraction=0.5731
[train-ddpm] ep2 step11580 masked_mse_eps=0.2582 mask_only=0.2582 mask_area_fraction=1.0000
[train-ddpm] ep2 step11600 masked_mse_eps=0.0900 mask_only=0.0930 mask_area_fraction=0.5838
[train-ddpm] ep2 step11620 masked_mse_eps=0.0089 mask_only=0.0089 mask_area_fraction=1.0000
[train-ddpm] ep2 step11640 masked_mse_eps=0.0667 mask_only=0.0667 mask_area_fraction=1.0000
[train-ddpm] ep2 step11660 masked_mse_eps=0.0218 mask_only=0.0218 mask_area_fraction=1.0000
[train-ddpm] ep2 step11680 masked_mse_eps=0.2115 mask_only=0.2115 mask_area_fraction=1.0000
[train-ddpm] ep2 step11700 masked_mse_eps=0.0394 mask_only=0.0394 mask_area_fraction=1.0000
[train-ddpm] ep2 step11720 masked_mse_eps=0.1714 mask_only=0.1714 mask_area_fraction=1.0000
[train-ddpm] ep2 step11740 masked_mse_eps=0.0178 mask_only=0.0182 mask_area_fraction=0.6525
[train-ddpm] ep2 step11760 masked_mse_eps=0.0702 mask_only=0.0702 mask_area_fraction=1.0000
[train-ddpm] ep2 step11780 masked_mse_eps=0.0171 mask_only=0.0171 mask_area_fraction=1.0000
[train-ddpm] ep2 step11800 masked_mse_eps=0.0163 mask_only=0.0157 mask_area_fraction=0.5423
[train-ddpm] ep2 step11820 masked_mse_eps=0.1915 mask_only=0.1915 mask_area_fraction=1.0000
[train-ddpm] ep2 step11840 masked_mse_eps=0.0253 mask_only=0.0253 mask_area_fraction=1.0000
[train-ddpm] ep2 step11860 masked_mse_eps=0.1424 mask_only=0.1424 mask_area_fraction=1.0000
[train-ddpm] ep2 step11880 masked_mse_eps=0.0382 mask_only=0.0382 mask_area_fraction=1.0000
[train-ddpm] ep2 step11900 masked_mse_eps=0.0556 mask_only=0.0556 mask_area_fraction=1.0000
[train-ddpm] ep2 step11920 masked_mse_eps=0.0081 mask_only=0.0103 mask_area_fraction=0.0776
[train-ddpm] ep2 step11940 masked_mse_eps=0.0199 mask_only=0.0204 mask_area_fraction=0.5957
[train-ddpm] ep2 step11960 masked_mse_eps=0.0845 mask_only=0.0845 mask_area_fraction=1.0000
[train-ddpm] ep2 step11980 masked_mse_eps=0.0680 mask_only=0.0701 mask_area_fraction=0.5910
[train-ddpm] ep2 step12000 masked_mse_eps=0.0852 mask_only=0.0852 mask_area_fraction=1.0000
[train-ddpm] ep2 step12020 masked_mse_eps=0.0517 mask_only=0.0517 mask_area_fraction=1.0000
[train-ddpm] ep2 step12040 masked_mse_eps=0.0648 mask_only=0.0648 mask_area_fraction=1.0000
[train-ddpm] ep2 step12060 masked_mse_eps=0.3075 mask_only=0.3075 mask_area_fraction=1.0000
[train-ddpm] ep2 step12080 masked_mse_eps=0.0537 mask_only=0.0537 mask_area_fraction=1.0000
[train-ddpm] ep2 step12100 masked_mse_eps=0.0472 mask_only=0.0490 mask_area_fraction=0.5149
[train-ddpm] ep2 step12120 masked_mse_eps=0.0682 mask_only=0.0682 mask_area_fraction=1.0000
[train-ddpm] ep2 step12140 masked_mse_eps=0.0783 mask_only=0.0783 mask_area_fraction=1.0000
[train-ddpm] ep2 step12160 masked_mse_eps=0.1143 mask_only=0.1143 mask_area_fraction=1.0000
[train-ddpm] ep2 step12180 masked_mse_eps=0.0192 mask_only=0.0192 mask_area_fraction=1.0000
[train-ddpm] ep2 step12200 masked_mse_eps=0.0119 mask_only=0.0119 mask_area_fraction=1.0000
[train-ddpm] ep2 step12220 masked_mse_eps=0.3245 mask_only=0.3245 mask_area_fraction=1.0000
[train-ddpm] ep2 step12240 masked_mse_eps=0.1263 mask_only=0.1263 mask_area_fraction=1.0000
[train-ddpm] ep2 step12260 masked_mse_eps=0.0517 mask_only=0.0517 mask_area_fraction=1.0000
[train-ddpm] ep2 step12280 masked_mse_eps=0.0414 mask_only=0.0414 mask_area_fraction=1.0000
[train-ddpm] ep2 step12300 masked_mse_eps=0.0869 mask_only=0.0869 mask_area_fraction=1.0000
[train-ddpm] ep2 step12320 masked_mse_eps=0.1335 mask_only=0.1335 mask_area_fraction=1.0000
[train-ddpm] ep2 step12340 masked_mse_eps=0.0208 mask_only=0.0208 mask_area_fraction=1.0000
[train-ddpm] ep2 step12360 masked_mse_eps=0.0494 mask_only=0.0494 mask_area_fraction=1.0000
[train-ddpm] ep2 step12380 masked_mse_eps=0.0814 mask_only=0.0814 mask_area_fraction=1.0000
[train-ddpm] ep2 step12400 masked_mse_eps=0.0595 mask_only=0.0595 mask_area_fraction=1.0000
[train-ddpm] ep2 step12420 masked_mse_eps=0.3975 mask_only=0.3975 mask_area_fraction=1.0000
[train-ddpm] ep2 step12440 masked_mse_eps=0.0373 mask_only=0.0553 mask_area_fraction=0.0753
[train-ddpm] ep2 step12460 masked_mse_eps=0.0196 mask_only=0.0196 mask_area_fraction=1.0000
[train-ddpm] ep2 step12480 masked_mse_eps=0.0395 mask_only=0.0395 mask_area_fraction=1.0000
[train-ddpm] ep2 step12500 masked_mse_eps=0.1376 mask_only=0.1376 mask_area_fraction=1.0000
[train-ddpm] ep2 step12520 masked_mse_eps=0.0580 mask_only=0.0580 mask_area_fraction=1.0000
[train-ddpm] ep2 step12540 masked_mse_eps=0.2649 mask_only=0.2649 mask_area_fraction=1.0000
[train-ddpm] ep2 step12560 masked_mse_eps=0.0559 mask_only=0.0578 mask_area_fraction=0.5714
[train-ddpm] ep2 step12580 masked_mse_eps=0.0316 mask_only=0.0316 mask_area_fraction=1.0000
[train-ddpm] ep2 step12600 masked_mse_eps=0.0529 mask_only=0.0529 mask_area_fraction=1.0000
[train-ddpm] ep2 step12620 masked_mse_eps=0.0376 mask_only=0.0376 mask_area_fraction=1.0000
[train-ddpm] ep2 step12640 masked_mse_eps=0.0452 mask_only=0.0452 mask_area_fraction=1.0000
[train-ddpm] ep2 step12660 masked_mse_eps=0.0238 mask_only=0.0238 mask_area_fraction=1.0000
[train-ddpm] ep2 step12680 masked_mse_eps=0.0140 mask_only=0.0144 mask_area_fraction=0.5580
[train-ddpm] ep2 step12700 masked_mse_eps=0.0144 mask_only=0.0144 mask_area_fraction=1.0000
[train-ddpm] ep2 step12720 masked_mse_eps=0.0129 mask_only=0.0129 mask_area_fraction=1.0000
[train-ddpm] ep2 step12740 masked_mse_eps=0.2311 mask_only=0.2311 mask_area_fraction=1.0000
[train-ddpm] ep2 step12760 masked_mse_eps=0.0279 mask_only=0.0279 mask_area_fraction=1.0000
[train-ddpm] ep2 step12780 masked_mse_eps=0.0104 mask_only=0.0104 mask_area_fraction=1.0000
[train-ddpm] ep2 step12800 masked_mse_eps=0.2321 mask_only=0.2321 mask_area_fraction=1.0000
[train-ddpm] ep2 step12820 masked_mse_eps=0.1277 mask_only=0.1277 mask_area_fraction=1.0000
[train-ddpm] ep2 step12840 masked_mse_eps=0.0378 mask_only=0.0378 mask_area_fraction=1.0000
[train-ddpm] ep2 step12860 masked_mse_eps=0.0195 mask_only=0.0195 mask_area_fraction=1.0000
[train-ddpm] ep2 step12880 masked_mse_eps=0.0060 mask_only=0.0060 mask_area_fraction=0.5364
[train-ddpm] ep2 step12900 masked_mse_eps=0.1141 mask_only=0.1141 mask_area_fraction=1.0000
[train-ddpm] ep2 step12920 masked_mse_eps=0.1334 mask_only=0.1334 mask_area_fraction=1.0000
[train-ddpm] ep2 step12940 masked_mse_eps=0.0473 mask_only=0.0473 mask_area_fraction=1.0000
[train-ddpm] ep2 step12960 masked_mse_eps=0.0926 mask_only=0.0926 mask_area_fraction=1.0000
[train-ddpm] ep2 step12980 masked_mse_eps=0.0464 mask_only=0.0464 mask_area_fraction=1.0000
[train-ddpm] ep2 step13000 masked_mse_eps=0.0291 mask_only=0.0298 mask_area_fraction=0.5764
[train-ddpm] ep2 step13020 masked_mse_eps=0.2136 mask_only=0.2208 mask_area_fraction=0.5926
[train-ddpm] ep2 step13040 masked_mse_eps=0.0137 mask_only=0.0141 mask_area_fraction=0.5530
[train-ddpm] ep2 step13060 masked_mse_eps=0.0832 mask_only=0.0832 mask_area_fraction=1.0000
[train-ddpm] ep2 step13080 masked_mse_eps=0.1051 mask_only=0.1051 mask_area_fraction=1.0000
[train-ddpm] ep2 step13100 masked_mse_eps=0.1214 mask_only=0.1214 mask_area_fraction=1.0000
[train-ddpm] ep2 step13120 masked_mse_eps=0.1250 mask_only=0.1250 mask_area_fraction=1.0000
[train-ddpm] ep2 step13140 masked_mse_eps=0.0174 mask_only=0.0177 mask_area_fraction=0.5507
[train-ddpm] ep2 step13160 masked_mse_eps=0.0429 mask_only=0.0429 mask_area_fraction=1.0000
[train-ddpm] ep2 step13180 masked_mse_eps=0.0641 mask_only=0.0641 mask_area_fraction=1.0000
[train-ddpm] ep2 step13200 masked_mse_eps=0.1887 mask_only=0.1887 mask_area_fraction=1.0000
[train-ddpm] ep2 step13220 masked_mse_eps=0.0658 mask_only=0.0658 mask_area_fraction=1.0000
[train-ddpm] ep2 step13240 masked_mse_eps=0.0222 mask_only=0.0222 mask_area_fraction=1.0000
[train-ddpm] ep2 step13260 masked_mse_eps=0.0953 mask_only=0.0963 mask_area_fraction=0.5956
[train-ddpm] ep2 step13280 masked_mse_eps=0.1246 mask_only=0.1246 mask_area_fraction=1.0000
[train-ddpm] ep2 step13300 masked_mse_eps=0.0329 mask_only=0.0329 mask_area_fraction=1.0000
[train-ddpm] ep2 step13320 masked_mse_eps=0.0735 mask_only=0.0735 mask_area_fraction=1.0000
[train-ddpm] ep2 step13340 masked_mse_eps=0.1983 mask_only=0.1983 mask_area_fraction=1.0000
[train-ddpm] ep2 step13360 masked_mse_eps=0.0229 mask_only=0.0229 mask_area_fraction=1.0000
[train-ddpm] ep2 step13380 masked_mse_eps=0.1058 mask_only=0.1058 mask_area_fraction=1.0000
[train-ddpm] ep2 step13400 masked_mse_eps=0.0042 mask_only=0.0042 mask_area_fraction=1.0000
[train-ddpm] ep2 step13420 masked_mse_eps=0.0545 mask_only=0.0545 mask_area_fraction=1.0000
[train-ddpm] ep2 step13440 masked_mse_eps=0.3788 mask_only=0.3788 mask_area_fraction=1.0000
[train-ddpm] ep2 step13460 masked_mse_eps=0.0502 mask_only=0.0502 mask_area_fraction=1.0000
[train-ddpm] ep2 step13480 masked_mse_eps=0.1202 mask_only=0.1202 mask_area_fraction=1.0000
[val-ddpm] ep2 loss=0.0916  mask_only_loss=0.0924  x0_l1=3.6232  final_from_x0_psnr=34.08dB  mask_area_fraction=0.9042  outside_mask_max_diff=0.00000000
[train-ddpm] saved epoch sample grid (sampling took 1.4s)
[val-ddpm] new best loss=0.0916
[train-ddpm] ep3 step13500 masked_mse_eps=0.1233 mask_only=0.1233 mask_area_fraction=1.0000
[train-ddpm] ep3 step13520 masked_mse_eps=0.3077 mask_only=0.3077 mask_area_fraction=1.0000
[train-ddpm] ep3 step13540 masked_mse_eps=0.0471 mask_only=0.0471 mask_area_fraction=1.0000
[train-ddpm] ep3 step13560 masked_mse_eps=0.2871 mask_only=0.2871 mask_area_fraction=1.0000
[train-ddpm] ep3 step13580 masked_mse_eps=0.0887 mask_only=0.0887 mask_area_fraction=1.0000
[train-ddpm] ep3 step13600 masked_mse_eps=0.0569 mask_only=0.0569 mask_area_fraction=1.0000
[train-ddpm] ep3 step13620 masked_mse_eps=0.1248 mask_only=0.1248 mask_area_fraction=1.0000
[train-ddpm] ep3 step13640 masked_mse_eps=0.1496 mask_only=0.1496 mask_area_fraction=1.0000
[train-ddpm] ep3 step13660 masked_mse_eps=0.0169 mask_only=0.0169 mask_area_fraction=1.0000
[train-ddpm] ep3 step13680 masked_mse_eps=0.0491 mask_only=0.0491 mask_area_fraction=1.0000
[train-ddpm] ep3 step13700 masked_mse_eps=0.0880 mask_only=0.0918 mask_area_fraction=0.5149
[train-ddpm] ep3 step13720 masked_mse_eps=0.1067 mask_only=0.1067 mask_area_fraction=1.0000
[train-ddpm] ep3 step13740 masked_mse_eps=0.0143 mask_only=0.0144 mask_area_fraction=0.5363
[train-ddpm] ep3 step13760 masked_mse_eps=0.1423 mask_only=0.1423 mask_area_fraction=1.0000
[train-ddpm] ep3 step13780 masked_mse_eps=0.0699 mask_only=0.0699 mask_area_fraction=1.0000
[train-ddpm] ep3 step13800 masked_mse_eps=0.1230 mask_only=0.1230 mask_area_fraction=1.0000
[train-ddpm] ep3 step13820 masked_mse_eps=0.0052 mask_only=0.0052 mask_area_fraction=1.0000
[train-ddpm] ep3 step13840 masked_mse_eps=0.0138 mask_only=0.0138 mask_area_fraction=1.0000
[train-ddpm] ep3 step13860 masked_mse_eps=0.0400 mask_only=0.0400 mask_area_fraction=1.0000
[train-ddpm] ep3 step13880 masked_mse_eps=0.0641 mask_only=0.0641 mask_area_fraction=1.0000
[train-ddpm] ep3 step13900 masked_mse_eps=0.3165 mask_only=0.3165 mask_area_fraction=1.0000
[train-ddpm] ep3 step13920 masked_mse_eps=0.0595 mask_only=0.0595 mask_area_fraction=1.0000
[train-ddpm] ep3 step13940 masked_mse_eps=0.1469 mask_only=0.1469 mask_area_fraction=1.0000
[train-ddpm] ep3 step13960 masked_mse_eps=0.1751 mask_only=0.1751 mask_area_fraction=1.0000
[train-ddpm] ep3 step13980 masked_mse_eps=0.0387 mask_only=0.0387 mask_area_fraction=1.0000
[train-ddpm] ep3 step14000 masked_mse_eps=0.0772 mask_only=0.0988 mask_area_fraction=0.1311
[train-ddpm] ep3 step14020 masked_mse_eps=0.1061 mask_only=0.1061 mask_area_fraction=1.0000
[train-ddpm] ep3 step14040 masked_mse_eps=0.0055 mask_only=0.0055 mask_area_fraction=0.5418
[train-ddpm] ep3 step14060 masked_mse_eps=0.0421 mask_only=0.0421 mask_area_fraction=1.0000
[train-ddpm] ep3 step14080 masked_mse_eps=0.0866 mask_only=0.0866 mask_area_fraction=1.0000
[train-ddpm] ep3 step14100 masked_mse_eps=0.0349 mask_only=0.0349 mask_area_fraction=1.0000
[train-ddpm] ep3 step14120 masked_mse_eps=0.0056 mask_only=0.0056 mask_area_fraction=1.0000
[train-ddpm] ep3 step14140 masked_mse_eps=0.0347 mask_only=0.0347 mask_area_fraction=1.0000
[train-ddpm] ep3 step14160 masked_mse_eps=0.1680 mask_only=0.1680 mask_area_fraction=1.0000
[train-ddpm] ep3 step14180 masked_mse_eps=0.0503 mask_only=0.0503 mask_area_fraction=1.0000
[train-ddpm] ep3 step14200 masked_mse_eps=0.1809 mask_only=0.1809 mask_area_fraction=1.0000
[train-ddpm] ep3 step14220 masked_mse_eps=0.0463 mask_only=0.0463 mask_area_fraction=1.0000
[train-ddpm] ep3 step14240 masked_mse_eps=0.1181 mask_only=0.1181 mask_area_fraction=1.0000
[train-ddpm] ep3 step14260 masked_mse_eps=0.0140 mask_only=0.0140 mask_area_fraction=1.0000
[train-ddpm] ep3 step14280 masked_mse_eps=0.0281 mask_only=0.0281 mask_area_fraction=1.0000
[train-ddpm] ep3 step14300 masked_mse_eps=0.1095 mask_only=0.1095 mask_area_fraction=1.0000
[train-ddpm] ep3 step14320 masked_mse_eps=0.0672 mask_only=0.0672 mask_area_fraction=1.0000
[train-ddpm] ep3 step14340 masked_mse_eps=0.1080 mask_only=0.1118 mask_area_fraction=0.5798
[train-ddpm] ep3 step14360 masked_mse_eps=0.0227 mask_only=0.0233 mask_area_fraction=0.5893
[train-ddpm] ep3 step14380 masked_mse_eps=0.1874 mask_only=0.1874 mask_area_fraction=1.0000
[train-ddpm] ep3 step14400 masked_mse_eps=0.0375 mask_only=0.0375 mask_area_fraction=1.0000
[train-ddpm] ep3 step14420 masked_mse_eps=0.2065 mask_only=0.2065 mask_area_fraction=1.0000
[train-ddpm] ep3 step14440 masked_mse_eps=0.0117 mask_only=0.0119 mask_area_fraction=0.5769
[train-ddpm] ep3 step14460 masked_mse_eps=0.0419 mask_only=0.0426 mask_area_fraction=0.5702
[train-ddpm] ep3 step14480 masked_mse_eps=0.1162 mask_only=0.1162 mask_area_fraction=1.0000
[train-ddpm] ep3 step14500 masked_mse_eps=0.0246 mask_only=0.0247 mask_area_fraction=0.5555
[train-ddpm] ep3 step14520 masked_mse_eps=0.0510 mask_only=0.0510 mask_area_fraction=1.0000
[train-ddpm] ep3 step14540 masked_mse_eps=0.0607 mask_only=0.0607 mask_area_fraction=1.0000
[train-ddpm] ep3 step14560 masked_mse_eps=0.1110 mask_only=0.1148 mask_area_fraction=0.5363
[train-ddpm] ep3 step14580 masked_mse_eps=0.0913 mask_only=0.0913 mask_area_fraction=1.0000
[train-ddpm] ep3 step14600 masked_mse_eps=0.0297 mask_only=0.0297 mask_area_fraction=1.0000
[train-ddpm] ep3 step14620 masked_mse_eps=0.1723 mask_only=0.1723 mask_area_fraction=1.0000
[train-ddpm] ep3 step14640 masked_mse_eps=0.1696 mask_only=0.1754 mask_area_fraction=0.5846
[train-ddpm] ep3 step14660 masked_mse_eps=0.0454 mask_only=0.0454 mask_area_fraction=1.0000
[train-ddpm] ep3 step14680 masked_mse_eps=0.0520 mask_only=0.0520 mask_area_fraction=1.0000
[train-ddpm] ep3 step14700 masked_mse_eps=0.2114 mask_only=0.2114 mask_area_fraction=1.0000
[train-ddpm] ep3 step14720 masked_mse_eps=0.1409 mask_only=0.1409 mask_area_fraction=1.0000
[train-ddpm] ep3 step14740 masked_mse_eps=0.0476 mask_only=0.0476 mask_area_fraction=1.0000
[train-ddpm] ep3 step14760 masked_mse_eps=0.0095 mask_only=0.0095 mask_area_fraction=1.0000
[train-ddpm] ep3 step14780 masked_mse_eps=0.0328 mask_only=0.0328 mask_area_fraction=1.0000
[train-ddpm] ep3 step14800 masked_mse_eps=0.1122 mask_only=0.1122 mask_area_fraction=1.0000
[train-ddpm] ep3 step14820 masked_mse_eps=0.1236 mask_only=0.1236 mask_area_fraction=1.0000
[train-ddpm] ep3 step14840 masked_mse_eps=0.0553 mask_only=0.0575 mask_area_fraction=0.5274
[train-ddpm] ep3 step14860 masked_mse_eps=0.0137 mask_only=0.0137 mask_area_fraction=1.0000
[train-ddpm] ep3 step14880 masked_mse_eps=0.0092 mask_only=0.0094 mask_area_fraction=0.5840
[train-ddpm] ep3 step14900 masked_mse_eps=0.0670 mask_only=0.0670 mask_area_fraction=1.0000
[train-ddpm] ep3 step14920 masked_mse_eps=0.0311 mask_only=0.0311 mask_area_fraction=1.0000
[train-ddpm] ep3 step14940 masked_mse_eps=0.5001 mask_only=0.5001 mask_area_fraction=1.0000
[train-ddpm] ep3 step14960 masked_mse_eps=0.2826 mask_only=0.2826 mask_area_fraction=1.0000
[train-ddpm] ep3 step14980 masked_mse_eps=0.0157 mask_only=0.0161 mask_area_fraction=0.5618
[train-ddpm] ep3 step15000 masked_mse_eps=0.2073 mask_only=0.2137 mask_area_fraction=0.6103
[train-ddpm] ep3 step15020 masked_mse_eps=0.1648 mask_only=0.1648 mask_area_fraction=1.0000
[train-ddpm] ep3 step15040 masked_mse_eps=0.0233 mask_only=0.0233 mask_area_fraction=1.0000
[train-ddpm] ep3 step15060 masked_mse_eps=0.0292 mask_only=0.0300 mask_area_fraction=0.5855
[train-ddpm] ep3 step15080 masked_mse_eps=0.0528 mask_only=0.0528 mask_area_fraction=1.0000
[train-ddpm] ep3 step15100 masked_mse_eps=0.0078 mask_only=0.0078 mask_area_fraction=1.0000
[train-ddpm] ep3 step15120 masked_mse_eps=0.0247 mask_only=0.0255 mask_area_fraction=0.5638
[train-ddpm] ep3 step15140 masked_mse_eps=0.0133 mask_only=0.0133 mask_area_fraction=1.0000
[train-ddpm] ep3 step15160 masked_mse_eps=0.1156 mask_only=0.1156 mask_area_fraction=1.0000
[train-ddpm] ep3 step15180 masked_mse_eps=0.1625 mask_only=0.2261 mask_area_fraction=0.0966
[train-ddpm] ep3 step15200 masked_mse_eps=0.0365 mask_only=0.0365 mask_area_fraction=1.0000
[train-ddpm] ep3 step15220 masked_mse_eps=0.1725 mask_only=0.1782 mask_area_fraction=0.5948
[train-ddpm] ep3 step15240 masked_mse_eps=0.0320 mask_only=0.0320 mask_area_fraction=1.0000
[train-ddpm] ep3 step15260 masked_mse_eps=0.0744 mask_only=0.0744 mask_area_fraction=1.0000
[train-ddpm] ep3 step15280 masked_mse_eps=0.0117 mask_only=0.0117 mask_area_fraction=1.0000
[train-ddpm] ep3 step15300 masked_mse_eps=0.1178 mask_only=0.1178 mask_area_fraction=1.0000
[train-ddpm] ep3 step15320 masked_mse_eps=0.0504 mask_only=0.0504 mask_area_fraction=1.0000
[train-ddpm] ep3 step15340 masked_mse_eps=0.1448 mask_only=0.1448 mask_area_fraction=1.0000
[train-ddpm] ep3 step15360 masked_mse_eps=0.0554 mask_only=0.0554 mask_area_fraction=1.0000
[train-ddpm] ep3 step15380 masked_mse_eps=0.1299 mask_only=0.1299 mask_area_fraction=1.0000
[train-ddpm] ep3 step15400 masked_mse_eps=0.1130 mask_only=0.1130 mask_area_fraction=1.0000
[train-ddpm] ep3 step15420 masked_mse_eps=0.0624 mask_only=0.0624 mask_area_fraction=1.0000
[train-ddpm] ep3 step15440 masked_mse_eps=0.1034 mask_only=0.0801 mask_area_fraction=0.5418
[train-ddpm] ep3 step15460 masked_mse_eps=0.0826 mask_only=0.0857 mask_area_fraction=0.5564
[train-ddpm] ep3 step15480 masked_mse_eps=0.0175 mask_only=0.0175 mask_area_fraction=1.0000
[train-ddpm] ep3 step15500 masked_mse_eps=0.0571 mask_only=0.0571 mask_area_fraction=1.0000
[train-ddpm] ep3 step15520 masked_mse_eps=0.3278 mask_only=0.3278 mask_area_fraction=1.0000
[train-ddpm] ep3 step15540 masked_mse_eps=0.1826 mask_only=0.1826 mask_area_fraction=1.0000
[train-ddpm] ep3 step15560 masked_mse_eps=0.2992 mask_only=0.2992 mask_area_fraction=1.0000
[train-ddpm] ep3 step15580 masked_mse_eps=0.0495 mask_only=0.0495 mask_area_fraction=1.0000
[train-ddpm] ep3 step15600 masked_mse_eps=0.2963 mask_only=0.2963 mask_area_fraction=1.0000
[train-ddpm] ep3 step15620 masked_mse_eps=0.0838 mask_only=0.0838 mask_area_fraction=1.0000
[train-ddpm] ep3 step15640 masked_mse_eps=0.0174 mask_only=0.0174 mask_area_fraction=0.6091
[train-ddpm] ep3 step15660 masked_mse_eps=0.0865 mask_only=0.0865 mask_area_fraction=1.0000
[train-ddpm] ep3 step15680 masked_mse_eps=0.1484 mask_only=0.1484 mask_area_fraction=1.0000
[train-ddpm] ep3 step15700 masked_mse_eps=0.0098 mask_only=0.0098 mask_area_fraction=1.0000
[train-ddpm] ep3 step15720 masked_mse_eps=0.0181 mask_only=0.0181 mask_area_fraction=1.0000
[train-ddpm] ep3 step15740 masked_mse_eps=0.0248 mask_only=0.0248 mask_area_fraction=1.0000
[train-ddpm] ep3 step15760 masked_mse_eps=0.0437 mask_only=0.0437 mask_area_fraction=1.0000
[train-ddpm] ep3 step15780 masked_mse_eps=0.3408 mask_only=0.3408 mask_area_fraction=1.0000
[train-ddpm] ep3 step15800 masked_mse_eps=0.0234 mask_only=0.0234 mask_area_fraction=1.0000
[train-ddpm] ep3 step15820 masked_mse_eps=0.1029 mask_only=0.1029 mask_area_fraction=1.0000
[train-ddpm] ep3 step15840 masked_mse_eps=0.4259 mask_only=0.4259 mask_area_fraction=1.0000
[train-ddpm] ep3 step15860 masked_mse_eps=0.1112 mask_only=0.1112 mask_area_fraction=1.0000
[train-ddpm] ep3 step15880 masked_mse_eps=0.2775 mask_only=0.2775 mask_area_fraction=1.0000
[train-ddpm] ep3 step15900 masked_mse_eps=0.0097 mask_only=0.0097 mask_area_fraction=1.0000
[train-ddpm] ep3 step15920 masked_mse_eps=0.0306 mask_only=0.0306 mask_area_fraction=1.0000
[train-ddpm] ep3 step15940 masked_mse_eps=0.0450 mask_only=0.0450 mask_area_fraction=1.0000
[train-ddpm] ep3 step15960 masked_mse_eps=0.0207 mask_only=0.0207 mask_area_fraction=1.0000
[train-ddpm] ep3 step15980 masked_mse_eps=0.0298 mask_only=0.0298 mask_area_fraction=1.0000
[train-ddpm] ep3 step16000 masked_mse_eps=0.1813 mask_only=0.1874 mask_area_fraction=0.5490
[train-ddpm] ep3 step16020 masked_mse_eps=0.0358 mask_only=0.0358 mask_area_fraction=1.0000
[train-ddpm] ep3 step16040 masked_mse_eps=0.3647 mask_only=0.3784 mask_area_fraction=0.5464
[train-ddpm] ep3 step16060 masked_mse_eps=0.0391 mask_only=0.0391 mask_area_fraction=1.0000
[train-ddpm] ep3 step16080 masked_mse_eps=0.0566 mask_only=0.0586 mask_area_fraction=0.5584
[train-ddpm] ep3 step16100 masked_mse_eps=0.2153 mask_only=0.2153 mask_area_fraction=1.0000
[train-ddpm] ep3 step16120 masked_mse_eps=0.0278 mask_only=0.0285 mask_area_fraction=0.5807
[train-ddpm] ep3 step16140 masked_mse_eps=0.0859 mask_only=0.0884 mask_area_fraction=0.5755
[train-ddpm] ep3 step16160 masked_mse_eps=0.0082 mask_only=0.0084 mask_area_fraction=0.5311
[train-ddpm] ep3 step16180 masked_mse_eps=0.2637 mask_only=0.2637 mask_area_fraction=1.0000
[train-ddpm] ep3 step16200 masked_mse_eps=0.0290 mask_only=0.0290 mask_area_fraction=1.0000
[train-ddpm] ep3 step16220 masked_mse_eps=0.1343 mask_only=0.1343 mask_area_fraction=1.0000
[train-ddpm] ep3 step16240 masked_mse_eps=0.0261 mask_only=0.0261 mask_area_fraction=1.0000
[train-ddpm] ep3 step16260 masked_mse_eps=0.1483 mask_only=0.1483 mask_area_fraction=1.0000
[train-ddpm] ep3 step16280 masked_mse_eps=0.0567 mask_only=0.0567 mask_area_fraction=1.0000
[train-ddpm] ep3 step16300 masked_mse_eps=0.0532 mask_only=0.0532 mask_area_fraction=1.0000
[train-ddpm] ep3 step16320 masked_mse_eps=0.0161 mask_only=0.0161 mask_area_fraction=1.0000
[train-ddpm] ep3 step16340 masked_mse_eps=0.0197 mask_only=0.0197 mask_area_fraction=1.0000
[train-ddpm] ep3 step16360 masked_mse_eps=0.0356 mask_only=0.0356 mask_area_fraction=1.0000
[train-ddpm] ep3 step16380 masked_mse_eps=0.0571 mask_only=0.0571 mask_area_fraction=1.0000
[train-ddpm] ep3 step16400 masked_mse_eps=0.0381 mask_only=0.0381 mask_area_fraction=1.0000
[train-ddpm] ep3 step16420 masked_mse_eps=0.0258 mask_only=0.0266 mask_area_fraction=0.5652
[train-ddpm] ep3 step16440 masked_mse_eps=0.0112 mask_only=0.0112 mask_area_fraction=1.0000
[train-ddpm] ep3 step16460 masked_mse_eps=0.0182 mask_only=0.0182 mask_area_fraction=1.0000
[train-ddpm] ep3 step16480 masked_mse_eps=0.0601 mask_only=0.0601 mask_area_fraction=1.0000
[train-ddpm] ep3 step16500 masked_mse_eps=0.0976 mask_only=0.1014 mask_area_fraction=0.5436
[train-ddpm] ep3 step16520 masked_mse_eps=0.1731 mask_only=0.1731 mask_area_fraction=1.0000
[train-ddpm] ep3 step16540 masked_mse_eps=0.1992 mask_only=0.1992 mask_area_fraction=1.0000
[train-ddpm] ep3 step16560 masked_mse_eps=0.0829 mask_only=0.0829 mask_area_fraction=1.0000
[train-ddpm] ep3 step16580 masked_mse_eps=0.0617 mask_only=0.0634 mask_area_fraction=0.5601
[train-ddpm] ep3 step16600 masked_mse_eps=0.0254 mask_only=0.0258 mask_area_fraction=0.5983
[train-ddpm] ep3 step16620 masked_mse_eps=0.0682 mask_only=0.0682 mask_area_fraction=1.0000
[train-ddpm] ep3 step16640 masked_mse_eps=0.0254 mask_only=0.0254 mask_area_fraction=1.0000
[train-ddpm] ep3 step16660 masked_mse_eps=0.0195 mask_only=0.0195 mask_area_fraction=1.0000
[train-ddpm] ep3 step16680 masked_mse_eps=0.0086 mask_only=0.0086 mask_area_fraction=1.0000
[train-ddpm] ep3 step16700 masked_mse_eps=0.0212 mask_only=0.0212 mask_area_fraction=1.0000
[train-ddpm] ep3 step16720 masked_mse_eps=0.0560 mask_only=0.0560 mask_area_fraction=1.0000
[train-ddpm] ep3 step16740 masked_mse_eps=0.1633 mask_only=0.1633 mask_area_fraction=1.0000
[train-ddpm] ep3 step16760 masked_mse_eps=0.1354 mask_only=0.1354 mask_area_fraction=1.0000
[train-ddpm] ep3 step16780 masked_mse_eps=0.2712 mask_only=0.2712 mask_area_fraction=1.0000
[train-ddpm] ep3 step16800 masked_mse_eps=0.0173 mask_only=0.0178 mask_area_fraction=0.5402
[train-ddpm] ep3 step16820 masked_mse_eps=0.0115 mask_only=0.0118 mask_area_fraction=0.5701
[train-ddpm] ep3 step16840 masked_mse_eps=0.1632 mask_only=0.1632 mask_area_fraction=1.0000
[train-ddpm] ep3 step16860 masked_mse_eps=0.0068 mask_only=0.0068 mask_area_fraction=1.0000
[train-ddpm] ep3 step16880 masked_mse_eps=0.0160 mask_only=0.0196 mask_area_fraction=0.1390
[train-ddpm] ep3 step16900 masked_mse_eps=0.1015 mask_only=0.1291 mask_area_fraction=0.1361
[train-ddpm] ep3 step16920 masked_mse_eps=0.0859 mask_only=0.0859 mask_area_fraction=1.0000
[train-ddpm] ep3 step16940 masked_mse_eps=0.1089 mask_only=0.1089 mask_area_fraction=1.0000
[train-ddpm] ep3 step16960 masked_mse_eps=0.0076 mask_only=0.0076 mask_area_fraction=1.0000
[train-ddpm] ep3 step16980 masked_mse_eps=0.0811 mask_only=0.0811 mask_area_fraction=1.0000
[train-ddpm] ep3 step17000 masked_mse_eps=0.1377 mask_only=0.1421 mask_area_fraction=0.5951
[train-ddpm] ep3 step17020 masked_mse_eps=0.0291 mask_only=0.0299 mask_area_fraction=0.5449
[train-ddpm] ep3 step17040 masked_mse_eps=0.0198 mask_only=0.0196 mask_area_fraction=0.5611
[train-ddpm] ep3 step17060 masked_mse_eps=0.2067 mask_only=0.2067 mask_area_fraction=1.0000
[train-ddpm] ep3 step17080 masked_mse_eps=0.0594 mask_only=0.0594 mask_area_fraction=1.0000
[train-ddpm] ep3 step17100 masked_mse_eps=0.0954 mask_only=0.0954 mask_area_fraction=1.0000
[train-ddpm] ep3 step17120 masked_mse_eps=0.0487 mask_only=0.0487 mask_area_fraction=1.0000
[train-ddpm] ep3 step17140 masked_mse_eps=0.0166 mask_only=0.0166 mask_area_fraction=1.0000
[train-ddpm] ep3 step17160 masked_mse_eps=0.0062 mask_only=0.0062 mask_area_fraction=1.0000
[train-ddpm] ep3 step17180 masked_mse_eps=0.0604 mask_only=0.0604 mask_area_fraction=1.0000
[train-ddpm] ep3 step17200 masked_mse_eps=0.2701 mask_only=0.2701 mask_area_fraction=1.0000
[train-ddpm] ep3 step17220 masked_mse_eps=0.0549 mask_only=0.0549 mask_area_fraction=1.0000
[train-ddpm] ep3 step17240 masked_mse_eps=0.3247 mask_only=0.3247 mask_area_fraction=1.0000
[train-ddpm] ep3 step17260 masked_mse_eps=0.1394 mask_only=0.1394 mask_area_fraction=1.0000
[train-ddpm] ep3 step17280 masked_mse_eps=0.0341 mask_only=0.0341 mask_area_fraction=1.0000
[train-ddpm] ep3 step17300 masked_mse_eps=0.1699 mask_only=0.1699 mask_area_fraction=1.0000
[train-ddpm] ep3 step17320 masked_mse_eps=0.0095 mask_only=0.0095 mask_area_fraction=1.0000
[train-ddpm] ep3 step17340 masked_mse_eps=0.0371 mask_only=0.0371 mask_area_fraction=1.0000
[train-ddpm] ep3 step17360 masked_mse_eps=0.0201 mask_only=0.0201 mask_area_fraction=1.0000
[train-ddpm] ep3 step17380 masked_mse_eps=0.1419 mask_only=0.1419 mask_area_fraction=1.0000
[train-ddpm] ep3 step17400 masked_mse_eps=0.1492 mask_only=0.1492 mask_area_fraction=1.0000
[train-ddpm] ep3 step17420 masked_mse_eps=0.0900 mask_only=0.0900 mask_area_fraction=1.0000
[train-ddpm] ep3 step17440 masked_mse_eps=0.0137 mask_only=0.0137 mask_area_fraction=1.0000
[train-ddpm] ep3 step17460 masked_mse_eps=0.0204 mask_only=0.0204 mask_area_fraction=1.0000
[train-ddpm] ep3 step17480 masked_mse_eps=0.0070 mask_only=0.0070 mask_area_fraction=1.0000
[train-ddpm] ep3 step17500 masked_mse_eps=0.1103 mask_only=0.1103 mask_area_fraction=1.0000
[train-ddpm] ep3 step17520 masked_mse_eps=0.0503 mask_only=0.0503 mask_area_fraction=1.0000
[train-ddpm] ep3 step17540 masked_mse_eps=0.0297 mask_only=0.0297 mask_area_fraction=1.0000
[train-ddpm] ep3 step17560 masked_mse_eps=0.0423 mask_only=0.0423 mask_area_fraction=1.0000
[train-ddpm] ep3 step17580 masked_mse_eps=0.1003 mask_only=0.1003 mask_area_fraction=1.0000
[train-ddpm] ep3 step17600 masked_mse_eps=0.4344 mask_only=0.4344 mask_area_fraction=1.0000
[train-ddpm] ep3 step17620 masked_mse_eps=0.0943 mask_only=0.0943 mask_area_fraction=1.0000
[train-ddpm] ep3 step17640 masked_mse_eps=0.1028 mask_only=0.1028 mask_area_fraction=1.0000
[train-ddpm] ep3 step17660 masked_mse_eps=0.0158 mask_only=0.0163 mask_area_fraction=0.5567
[train-ddpm] ep3 step17680 masked_mse_eps=0.1525 mask_only=0.1525 mask_area_fraction=1.0000
[train-ddpm] ep3 step17700 masked_mse_eps=0.4656 mask_only=0.4656 mask_area_fraction=1.0000
[train-ddpm] ep3 step17720 masked_mse_eps=0.0730 mask_only=0.0730 mask_area_fraction=1.0000
[train-ddpm] ep3 step17740 masked_mse_eps=0.0915 mask_only=0.0915 mask_area_fraction=1.0000
[train-ddpm] ep3 step17760 masked_mse_eps=0.3692 mask_only=0.3692 mask_area_fraction=1.0000
[train-ddpm] ep3 step17780 masked_mse_eps=0.3600 mask_only=0.3720 mask_area_fraction=0.5971
[train-ddpm] ep3 step17800 masked_mse_eps=0.1013 mask_only=0.1013 mask_area_fraction=1.0000
[train-ddpm] ep3 step17820 masked_mse_eps=0.1072 mask_only=0.1082 mask_area_fraction=0.5860
[train-ddpm] ep3 step17840 masked_mse_eps=0.0220 mask_only=0.0220 mask_area_fraction=1.0000
[train-ddpm] ep3 step17860 masked_mse_eps=0.0279 mask_only=0.0279 mask_area_fraction=1.0000
[train-ddpm] ep3 step17880 masked_mse_eps=0.0368 mask_only=0.0368 mask_area_fraction=1.0000
[train-ddpm] ep3 step17900 masked_mse_eps=0.1848 mask_only=0.1848 mask_area_fraction=1.0000
[train-ddpm] ep3 step17920 masked_mse_eps=0.1285 mask_only=0.1285 mask_area_fraction=1.0000
[train-ddpm] ep3 step17940 masked_mse_eps=0.1212 mask_only=0.1212 mask_area_fraction=1.0000
[train-ddpm] ep3 step17960 masked_mse_eps=0.0461 mask_only=0.0461 mask_area_fraction=1.0000
[train-ddpm] ep3 step17980 masked_mse_eps=0.0108 mask_only=0.0110 mask_area_fraction=0.6146
[val-ddpm] ep3 loss=0.0958  mask_only_loss=0.0963  x0_l1=0.2589  final_from_x0_psnr=34.05dB  mask_area_fraction=0.9209  outside_mask_max_diff=0.00000000
[train-ddpm] saved epoch sample grid (sampling took 1.4s)
[train-ddpm] ep4 step18000 masked_mse_eps=0.0371 mask_only=0.0371 mask_area_fraction=1.0000
[train-ddpm] ep4 step18020 masked_mse_eps=0.5175 mask_only=0.5374 mask_area_fraction=0.5622
[train-ddpm] ep4 step18040 masked_mse_eps=0.0198 mask_only=0.0198 mask_area_fraction=1.0000
[train-ddpm] ep4 step18060 masked_mse_eps=0.0153 mask_only=0.0153 mask_area_fraction=1.0000
[train-ddpm] ep4 step18080 masked_mse_eps=0.0201 mask_only=0.0201 mask_area_fraction=1.0000
[train-ddpm] ep4 step18100 masked_mse_eps=0.0931 mask_only=0.0931 mask_area_fraction=1.0000
[train-ddpm] ep4 step18120 masked_mse_eps=0.1012 mask_only=0.1012 mask_area_fraction=1.0000
[train-ddpm] ep4 step18140 masked_mse_eps=0.1170 mask_only=0.1170 mask_area_fraction=1.0000
[train-ddpm] ep4 step18160 masked_mse_eps=0.0116 mask_only=0.0116 mask_area_fraction=1.0000
[train-ddpm] ep4 step18180 masked_mse_eps=0.0073 mask_only=0.0074 mask_area_fraction=0.5311
[train-ddpm] ep4 step18200 masked_mse_eps=0.4820 mask_only=0.4820 mask_area_fraction=1.0000
[train-ddpm] ep4 step18220 masked_mse_eps=0.0404 mask_only=0.0404 mask_area_fraction=1.0000
[train-ddpm] ep4 step18240 masked_mse_eps=0.1949 mask_only=0.1986 mask_area_fraction=0.5942
[train-ddpm] ep4 step18260 masked_mse_eps=0.0365 mask_only=0.0365 mask_area_fraction=1.0000
[train-ddpm] ep4 step18280 masked_mse_eps=0.1580 mask_only=0.1580 mask_area_fraction=1.0000
[train-ddpm] ep4 step18300 masked_mse_eps=0.1007 mask_only=0.1007 mask_area_fraction=1.0000
[train-ddpm] ep4 step18320 masked_mse_eps=0.2271 mask_only=0.2339 mask_area_fraction=0.6026
[train-ddpm] ep4 step18340 masked_mse_eps=0.2928 mask_only=0.2928 mask_area_fraction=1.0000
[train-ddpm] ep4 step18360 masked_mse_eps=0.0471 mask_only=0.0485 mask_area_fraction=0.5721
[train-ddpm] ep4 step18380 masked_mse_eps=0.0334 mask_only=0.0334 mask_area_fraction=1.0000
[train-ddpm] ep4 step18400 masked_mse_eps=0.0123 mask_only=0.0126 mask_area_fraction=0.5757
[train-ddpm] ep4 step18420 masked_mse_eps=0.0326 mask_only=0.0336 mask_area_fraction=0.5775
[train-ddpm] ep4 step18440 masked_mse_eps=0.0359 mask_only=0.0359 mask_area_fraction=1.0000
[train-ddpm] ep4 step18460 masked_mse_eps=0.2078 mask_only=0.2078 mask_area_fraction=1.0000
[train-ddpm] ep4 step18480 masked_mse_eps=0.0298 mask_only=0.0298 mask_area_fraction=1.0000
[train-ddpm] ep4 step18500 masked_mse_eps=0.0824 mask_only=0.0824 mask_area_fraction=1.0000
[train-ddpm] ep4 step18520 masked_mse_eps=0.0310 mask_only=0.0310 mask_area_fraction=1.0000
[train-ddpm] ep4 step18540 masked_mse_eps=0.1112 mask_only=0.1112 mask_area_fraction=1.0000
[train-ddpm] ep4 step18560 masked_mse_eps=0.0149 mask_only=0.0149 mask_area_fraction=1.0000
[train-ddpm] ep4 step18580 masked_mse_eps=0.0927 mask_only=0.0927 mask_area_fraction=1.0000
[train-ddpm] ep4 step18600 masked_mse_eps=0.0092 mask_only=0.0092 mask_area_fraction=1.0000
[train-ddpm] ep4 step18620 masked_mse_eps=0.0828 mask_only=0.0828 mask_area_fraction=1.0000
[train-ddpm] ep4 step18640 masked_mse_eps=0.2754 mask_only=0.2874 mask_area_fraction=0.5275
[train-ddpm] ep4 step18660 masked_mse_eps=0.0504 mask_only=0.0504 mask_area_fraction=1.0000
[train-ddpm] ep4 step18680 masked_mse_eps=0.1546 mask_only=0.1546 mask_area_fraction=1.0000
[train-ddpm] ep4 step18700 masked_mse_eps=0.2456 mask_only=0.2456 mask_area_fraction=1.0000
[train-ddpm] ep4 step18720 masked_mse_eps=0.0072 mask_only=0.0072 mask_area_fraction=1.0000
[train-ddpm] ep4 step18740 masked_mse_eps=0.0410 mask_only=0.0410 mask_area_fraction=1.0000
[train-ddpm] ep4 step18760 masked_mse_eps=0.1233 mask_only=0.1233 mask_area_fraction=1.0000
[train-ddpm] ep4 step18780 masked_mse_eps=0.0816 mask_only=0.0816 mask_area_fraction=1.0000
[train-ddpm] ep4 step18800 masked_mse_eps=0.0114 mask_only=0.0114 mask_area_fraction=1.0000
[train-ddpm] ep4 step18820 masked_mse_eps=0.1054 mask_only=0.1054 mask_area_fraction=1.0000
[train-ddpm] ep4 step18840 masked_mse_eps=0.0249 mask_only=0.0249 mask_area_fraction=1.0000
[train-ddpm] ep4 step18860 masked_mse_eps=0.2197 mask_only=0.2461 mask_area_fraction=0.1388
[train-ddpm] ep4 step18880 masked_mse_eps=0.1130 mask_only=0.1130 mask_area_fraction=1.0000
[train-ddpm] ep4 step18900 masked_mse_eps=0.1261 mask_only=0.1261 mask_area_fraction=1.0000
[train-ddpm] ep4 step18920 masked_mse_eps=0.2963 mask_only=0.2963 mask_area_fraction=1.0000
[train-ddpm] ep4 step18940 masked_mse_eps=0.0073 mask_only=0.0074 mask_area_fraction=0.5625
[train-ddpm] ep4 step18960 masked_mse_eps=0.0109 mask_only=0.0109 mask_area_fraction=1.0000
[train-ddpm] ep4 step18980 masked_mse_eps=0.1100 mask_only=0.1100 mask_area_fraction=1.0000
[train-ddpm] ep4 step19000 masked_mse_eps=0.0282 mask_only=0.0282 mask_area_fraction=1.0000
[train-ddpm] ep4 step19020 masked_mse_eps=0.0666 mask_only=0.0687 mask_area_fraction=0.5168
[train-ddpm] ep4 step19040 masked_mse_eps=0.0380 mask_only=0.0380 mask_area_fraction=1.0000
[train-ddpm] ep4 step19060 masked_mse_eps=0.0688 mask_only=0.0710 mask_area_fraction=0.5945
[train-ddpm] ep4 step19080 masked_mse_eps=0.4945 mask_only=0.4945 mask_area_fraction=1.0000
[train-ddpm] ep4 step19100 masked_mse_eps=0.0222 mask_only=0.0228 mask_area_fraction=0.5692
[train-ddpm] ep4 step19120 masked_mse_eps=0.0161 mask_only=0.0161 mask_area_fraction=1.0000
[train-ddpm] ep4 step19140 masked_mse_eps=0.0884 mask_only=0.0884 mask_area_fraction=1.0000
[train-ddpm] ep4 step19160 masked_mse_eps=0.0358 mask_only=0.0358 mask_area_fraction=1.0000
[train-ddpm] ep4 step19180 masked_mse_eps=0.0125 mask_only=0.0125 mask_area_fraction=1.0000
[train-ddpm] ep4 step19200 masked_mse_eps=0.0562 mask_only=0.0562 mask_area_fraction=1.0000
[train-ddpm] ep4 step19220 masked_mse_eps=0.4408 mask_only=0.4408 mask_area_fraction=1.0000
[train-ddpm] ep4 step19240 masked_mse_eps=0.0069 mask_only=0.0069 mask_area_fraction=1.0000
[train-ddpm] ep4 step19260 masked_mse_eps=0.0141 mask_only=0.0145 mask_area_fraction=0.5518
[train-ddpm] ep4 step19280 masked_mse_eps=0.0182 mask_only=0.0182 mask_area_fraction=1.0000
[train-ddpm] ep4 step19300 masked_mse_eps=0.0448 mask_only=0.0457 mask_area_fraction=0.5986
[train-ddpm] ep4 step19320 masked_mse_eps=0.1442 mask_only=0.1442 mask_area_fraction=1.0000
[train-ddpm] ep4 step19340 masked_mse_eps=0.0762 mask_only=0.0792 mask_area_fraction=0.5425
[train-ddpm] ep4 step19360 masked_mse_eps=0.0197 mask_only=0.0197 mask_area_fraction=1.0000
[train-ddpm] ep4 step19380 masked_mse_eps=0.0692 mask_only=0.0692 mask_area_fraction=1.0000
[train-ddpm] ep4 step19400 masked_mse_eps=0.0769 mask_only=0.0769 mask_area_fraction=1.0000
[train-ddpm] ep4 step19420 masked_mse_eps=0.0674 mask_only=0.0701 mask_area_fraction=0.5463
[train-ddpm] ep4 step19440 masked_mse_eps=0.0803 mask_only=0.0803 mask_area_fraction=1.0000
[train-ddpm] ep4 step19460 masked_mse_eps=0.0668 mask_only=0.0668 mask_area_fraction=1.0000
[train-ddpm] ep4 step19480 masked_mse_eps=0.0743 mask_only=0.0743 mask_area_fraction=1.0000
[train-ddpm] ep4 step19500 masked_mse_eps=0.1589 mask_only=0.1589 mask_area_fraction=1.0000
[train-ddpm] ep4 step19520 masked_mse_eps=0.1028 mask_only=0.1028 mask_area_fraction=1.0000
[train-ddpm] ep4 step19540 masked_mse_eps=0.0316 mask_only=0.0316 mask_area_fraction=1.0000
[train-ddpm] ep4 step19560 masked_mse_eps=0.0041 mask_only=0.0041 mask_area_fraction=1.0000
[train-ddpm] ep4 step19580 masked_mse_eps=0.0148 mask_only=0.0152 mask_area_fraction=0.5975
[train-ddpm] ep4 step19600 masked_mse_eps=0.1398 mask_only=0.1443 mask_area_fraction=0.5964
[train-ddpm] ep4 step19620 masked_mse_eps=0.1740 mask_only=0.1740 mask_area_fraction=1.0000
[train-ddpm] ep4 step19640 masked_mse_eps=0.0498 mask_only=0.0498 mask_area_fraction=1.0000
[train-ddpm] ep4 step19660 masked_mse_eps=0.2655 mask_only=0.2655 mask_area_fraction=1.0000
[train-ddpm] ep4 step19680 masked_mse_eps=0.1570 mask_only=0.1631 mask_area_fraction=0.5357
[train-ddpm] ep4 step19700 masked_mse_eps=0.0315 mask_only=0.0315 mask_area_fraction=1.0000
[train-ddpm] ep4 step19720 masked_mse_eps=0.0406 mask_only=0.0418 mask_area_fraction=0.5606
[train-ddpm] ep4 step19740 masked_mse_eps=0.0069 mask_only=0.0069 mask_area_fraction=1.0000
[train-ddpm] ep4 step19760 masked_mse_eps=0.1608 mask_only=0.1608 mask_area_fraction=1.0000
[train-ddpm] ep4 step19780 masked_mse_eps=0.1053 mask_only=0.1053 mask_area_fraction=1.0000
[train-ddpm] ep4 step19800 masked_mse_eps=0.1198 mask_only=0.1198 mask_area_fraction=1.0000
[train-ddpm] ep4 step19820 masked_mse_eps=0.0284 mask_only=0.0284 mask_area_fraction=1.0000
[train-ddpm] ep4 step19840 masked_mse_eps=0.0446 mask_only=0.0446 mask_area_fraction=1.0000
[train-ddpm] ep4 step19860 masked_mse_eps=0.0375 mask_only=0.0375 mask_area_fraction=1.0000
[train-ddpm] ep4 step19880 masked_mse_eps=0.3804 mask_only=0.3804 mask_area_fraction=1.0000
[train-ddpm] ep4 step19900 masked_mse_eps=0.0502 mask_only=0.0520 mask_area_fraction=0.5639
[train-ddpm] ep4 step19920 masked_mse_eps=0.0487 mask_only=0.0498 mask_area_fraction=0.5588
[train-ddpm] ep4 step19940 masked_mse_eps=0.0400 mask_only=0.0400 mask_area_fraction=1.0000
[train-ddpm] ep4 step19960 masked_mse_eps=0.2180 mask_only=0.2180 mask_area_fraction=1.0000
[train-ddpm] ep4 step19980 masked_mse_eps=0.0643 mask_only=0.0643 mask_area_fraction=1.0000
[train-ddpm] ep4 step20000 masked_mse_eps=0.1282 mask_only=0.1282 mask_area_fraction=1.0000
[train-ddpm] ep4 step20020 masked_mse_eps=0.0574 mask_only=0.0574 mask_area_fraction=1.0000
[train-ddpm] ep4 step20040 masked_mse_eps=0.0349 mask_only=0.0349 mask_area_fraction=1.0000
[train-ddpm] ep4 step20060 masked_mse_eps=0.0304 mask_only=0.0304 mask_area_fraction=1.0000
[train-ddpm] ep4 step20080 masked_mse_eps=0.2548 mask_only=0.2548 mask_area_fraction=1.0000
[train-ddpm] ep4 step20100 masked_mse_eps=0.0267 mask_only=0.0267 mask_area_fraction=1.0000
[train-ddpm] ep4 step20120 masked_mse_eps=0.1839 mask_only=0.1839 mask_area_fraction=1.0000
[train-ddpm] ep4 step20140 masked_mse_eps=0.2034 mask_only=0.2034 mask_area_fraction=1.0000
[train-ddpm] ep4 step20160 masked_mse_eps=0.1237 mask_only=0.1237 mask_area_fraction=1.0000
[train-ddpm] ep4 step20180 masked_mse_eps=0.3543 mask_only=0.3543 mask_area_fraction=1.0000
[train-ddpm] ep4 step20200 masked_mse_eps=0.0186 mask_only=0.0191 mask_area_fraction=0.5187
[train-ddpm] ep4 step20220 masked_mse_eps=0.1650 mask_only=0.1650 mask_area_fraction=1.0000
[train-ddpm] ep4 step20240 masked_mse_eps=0.0297 mask_only=0.0297 mask_area_fraction=1.0000
[train-ddpm] ep4 step20260 masked_mse_eps=0.0163 mask_only=0.0163 mask_area_fraction=1.0000
[train-ddpm] ep4 step20280 masked_mse_eps=0.0783 mask_only=0.0783 mask_area_fraction=1.0000
[train-ddpm] ep4 step20300 masked_mse_eps=0.1520 mask_only=0.1520 mask_area_fraction=1.0000
[train-ddpm] ep4 step20320 masked_mse_eps=0.1324 mask_only=0.1324 mask_area_fraction=1.0000
[train-ddpm] ep4 step20340 masked_mse_eps=0.1068 mask_only=0.1068 mask_area_fraction=1.0000
[train-ddpm] ep4 step20360 masked_mse_eps=0.3207 mask_only=0.3207 mask_area_fraction=1.0000
[train-ddpm] ep4 step20380 masked_mse_eps=0.2212 mask_only=0.2212 mask_area_fraction=1.0000
[train-ddpm] ep4 step20400 masked_mse_eps=0.0599 mask_only=0.0599 mask_area_fraction=1.0000
[train-ddpm] ep4 step20420 masked_mse_eps=0.0272 mask_only=0.0272 mask_area_fraction=1.0000
[train-ddpm] ep4 step20440 masked_mse_eps=0.0063 mask_only=0.0063 mask_area_fraction=1.0000
[train-ddpm] ep4 step20460 masked_mse_eps=0.1192 mask_only=0.1192 mask_area_fraction=1.0000
[train-ddpm] ep4 step20480 masked_mse_eps=0.0290 mask_only=0.0290 mask_area_fraction=1.0000
[train-ddpm] ep4 step20500 masked_mse_eps=0.0302 mask_only=0.0302 mask_area_fraction=1.0000
[train-ddpm] ep4 step20520 masked_mse_eps=0.0266 mask_only=0.0269 mask_area_fraction=0.6141
[train-ddpm] ep4 step20540 masked_mse_eps=0.0756 mask_only=0.0756 mask_area_fraction=1.0000
[train-ddpm] ep4 step20560 masked_mse_eps=0.0611 mask_only=0.0611 mask_area_fraction=1.0000
[train-ddpm] ep4 step20580 masked_mse_eps=0.0428 mask_only=0.0428 mask_area_fraction=1.0000
[train-ddpm] ep4 step20600 masked_mse_eps=0.0151 mask_only=0.0151 mask_area_fraction=1.0000
[train-ddpm] ep4 step20620 masked_mse_eps=0.0081 mask_only=0.0081 mask_area_fraction=1.0000
[train-ddpm] ep4 step20640 masked_mse_eps=0.0209 mask_only=0.0209 mask_area_fraction=1.0000
[train-ddpm] ep4 step20660 masked_mse_eps=0.1002 mask_only=0.1002 mask_area_fraction=1.0000
[train-ddpm] ep4 step20680 masked_mse_eps=0.0732 mask_only=0.0757 mask_area_fraction=0.5530
[train-ddpm] ep4 step20700 masked_mse_eps=0.4700 mask_only=0.4700 mask_area_fraction=1.0000
[train-ddpm] ep4 step20720 masked_mse_eps=0.0188 mask_only=0.0188 mask_area_fraction=1.0000
[train-ddpm] ep4 step20740 masked_mse_eps=0.0591 mask_only=0.0591 mask_area_fraction=1.0000
[train-ddpm] ep4 step20760 masked_mse_eps=0.0662 mask_only=0.0662 mask_area_fraction=1.0000
[train-ddpm] ep4 step20780 masked_mse_eps=0.0046 mask_only=0.0046 mask_area_fraction=1.0000
[train-ddpm] ep4 step20800 masked_mse_eps=0.1567 mask_only=0.1567 mask_area_fraction=1.0000
[train-ddpm] ep4 step20820 masked_mse_eps=0.0130 mask_only=0.0130 mask_area_fraction=1.0000
[train-ddpm] ep4 step20840 masked_mse_eps=0.0065 mask_only=0.0065 mask_area_fraction=1.0000
[train-ddpm] ep4 step20860 masked_mse_eps=0.2045 mask_only=0.2045 mask_area_fraction=1.0000
[train-ddpm] ep4 step20880 masked_mse_eps=0.0212 mask_only=0.0214 mask_area_fraction=0.5346
[train-ddpm] ep4 step20900 masked_mse_eps=0.0312 mask_only=0.0312 mask_area_fraction=1.0000
[train-ddpm] ep4 step20920 masked_mse_eps=0.0304 mask_only=0.0304 mask_area_fraction=1.0000
[train-ddpm] ep4 step20940 masked_mse_eps=0.0106 mask_only=0.0106 mask_area_fraction=1.0000
[train-ddpm] ep4 step20960 masked_mse_eps=0.0483 mask_only=0.0483 mask_area_fraction=1.0000
[train-ddpm] ep4 step20980 masked_mse_eps=0.0221 mask_only=0.0221 mask_area_fraction=1.0000
[train-ddpm] ep4 step21000 masked_mse_eps=0.1123 mask_only=0.1159 mask_area_fraction=0.6013
[train-ddpm] ep4 step21020 masked_mse_eps=0.1626 mask_only=0.1626 mask_area_fraction=1.0000
[train-ddpm] ep4 step21040 masked_mse_eps=0.1120 mask_only=0.1120 mask_area_fraction=1.0000
[train-ddpm] ep4 step21060 masked_mse_eps=0.0258 mask_only=0.0258 mask_area_fraction=1.0000
[train-ddpm] ep4 step21080 masked_mse_eps=0.0135 mask_only=0.0135 mask_area_fraction=1.0000
[train-ddpm] ep4 step21100 masked_mse_eps=0.1477 mask_only=0.1477 mask_area_fraction=1.0000
[train-ddpm] ep4 step21120 masked_mse_eps=0.1151 mask_only=0.1151 mask_area_fraction=1.0000
[train-ddpm] ep4 step21140 masked_mse_eps=0.0976 mask_only=0.0976 mask_area_fraction=1.0000
[train-ddpm] ep4 step21160 masked_mse_eps=0.2020 mask_only=0.2020 mask_area_fraction=1.0000
[train-ddpm] ep4 step21180 masked_mse_eps=0.1440 mask_only=0.1440 mask_area_fraction=1.0000
[train-ddpm] ep4 step21200 masked_mse_eps=0.1510 mask_only=0.1579 mask_area_fraction=0.5149
[train-ddpm] ep4 step21220 masked_mse_eps=0.0770 mask_only=0.0770 mask_area_fraction=1.0000
[train-ddpm] ep4 step21240 masked_mse_eps=0.2545 mask_only=0.2644 mask_area_fraction=0.5564
[train-ddpm] ep4 step21260 masked_mse_eps=0.1206 mask_only=0.1248 mask_area_fraction=0.5843
[train-ddpm] ep4 step21280 masked_mse_eps=0.0587 mask_only=0.0587 mask_area_fraction=1.0000
[train-ddpm] ep4 step21300 masked_mse_eps=0.0131 mask_only=0.0135 mask_area_fraction=0.5191
[train-ddpm] ep4 step21320 masked_mse_eps=0.0352 mask_only=0.0352 mask_area_fraction=1.0000
[train-ddpm] ep4 step21340 masked_mse_eps=0.3386 mask_only=0.3386 mask_area_fraction=1.0000
[train-ddpm] ep4 step21360 masked_mse_eps=0.1040 mask_only=0.1075 mask_area_fraction=0.5837
[train-ddpm] ep4 step21380 masked_mse_eps=0.0835 mask_only=0.0835 mask_area_fraction=1.0000
[train-ddpm] ep4 step21400 masked_mse_eps=0.0929 mask_only=0.0929 mask_area_fraction=1.0000
[train-ddpm] ep4 step21420 masked_mse_eps=0.3533 mask_only=0.3533 mask_area_fraction=1.0000
[train-ddpm] ep4 step21440 masked_mse_eps=0.0989 mask_only=0.0989 mask_area_fraction=1.0000
[train-ddpm] ep4 step21460 masked_mse_eps=0.0158 mask_only=0.0158 mask_area_fraction=1.0000
[train-ddpm] ep4 step21480 masked_mse_eps=0.0038 mask_only=0.0038 mask_area_fraction=1.0000
[train-ddpm] ep4 step21500 masked_mse_eps=0.0369 mask_only=0.0369 mask_area_fraction=1.0000
[train-ddpm] ep4 step21520 masked_mse_eps=0.0699 mask_only=0.0699 mask_area_fraction=1.0000
[train-ddpm] ep4 step21540 masked_mse_eps=0.0229 mask_only=0.0229 mask_area_fraction=1.0000
[train-ddpm] ep4 step21560 masked_mse_eps=0.0327 mask_only=0.0327 mask_area_fraction=1.0000
[train-ddpm] ep4 step21580 masked_mse_eps=0.1900 mask_only=0.1900 mask_area_fraction=1.0000
[train-ddpm] ep4 step21600 masked_mse_eps=0.0280 mask_only=0.0280 mask_area_fraction=1.0000
[train-ddpm] ep4 step21620 masked_mse_eps=0.0081 mask_only=0.0081 mask_area_fraction=1.0000
[train-ddpm] ep4 step21640 masked_mse_eps=0.1176 mask_only=0.1176 mask_area_fraction=1.0000
[train-ddpm] ep4 step21660 masked_mse_eps=0.0104 mask_only=0.0104 mask_area_fraction=1.0000
[train-ddpm] ep4 step21680 masked_mse_eps=0.0461 mask_only=0.0461 mask_area_fraction=1.0000
[train-ddpm] ep4 step21700 masked_mse_eps=0.0624 mask_only=0.0647 mask_area_fraction=0.5644
[train-ddpm] ep4 step21720 masked_mse_eps=0.0695 mask_only=0.0695 mask_area_fraction=1.0000
[train-ddpm] ep4 step21740 masked_mse_eps=0.0065 mask_only=0.0065 mask_area_fraction=1.0000
[train-ddpm] ep4 step21760 masked_mse_eps=0.0573 mask_only=0.0573 mask_area_fraction=1.0000
[train-ddpm] ep4 step21780 masked_mse_eps=0.3050 mask_only=0.3050 mask_area_fraction=1.0000
[train-ddpm] ep4 step21800 masked_mse_eps=0.0330 mask_only=0.0330 mask_area_fraction=1.0000
[train-ddpm] ep4 step21820 masked_mse_eps=0.0208 mask_only=0.0208 mask_area_fraction=1.0000
[train-ddpm] ep4 step21840 masked_mse_eps=0.0299 mask_only=0.0299 mask_area_fraction=1.0000
[train-ddpm] ep4 step21860 masked_mse_eps=0.0357 mask_only=0.0357 mask_area_fraction=1.0000
[train-ddpm] ep4 step21880 masked_mse_eps=0.0333 mask_only=0.0333 mask_area_fraction=1.0000
[train-ddpm] ep4 step21900 masked_mse_eps=0.2195 mask_only=0.2195 mask_area_fraction=1.0000
[train-ddpm] ep4 step21920 masked_mse_eps=0.0261 mask_only=0.0261 mask_area_fraction=1.0000
[train-ddpm] ep4 step21940 masked_mse_eps=0.0216 mask_only=0.0216 mask_area_fraction=1.0000
[train-ddpm] ep4 step21960 masked_mse_eps=0.0722 mask_only=0.0722 mask_area_fraction=1.0000
[train-ddpm] ep4 step21980 masked_mse_eps=0.2553 mask_only=0.2553 mask_area_fraction=1.0000
[train-ddpm] ep4 step22000 masked_mse_eps=0.0096 mask_only=0.0098 mask_area_fraction=0.5701
[train-ddpm] ep4 step22020 masked_mse_eps=0.0162 mask_only=0.0162 mask_area_fraction=1.0000
[train-ddpm] ep4 step22040 masked_mse_eps=0.1015 mask_only=0.1015 mask_area_fraction=1.0000
[train-ddpm] ep4 step22060 masked_mse_eps=0.0658 mask_only=0.0658 mask_area_fraction=1.0000
[train-ddpm] ep4 step22080 masked_mse_eps=0.0117 mask_only=0.0119 mask_area_fraction=0.6158
[train-ddpm] ep4 step22100 masked_mse_eps=0.1154 mask_only=0.1154 mask_area_fraction=1.0000
[train-ddpm] ep4 step22120 masked_mse_eps=0.0147 mask_only=0.0147 mask_area_fraction=1.0000
[train-ddpm] ep4 step22140 masked_mse_eps=0.0647 mask_only=0.0672 mask_area_fraction=0.5538
[train-ddpm] ep4 step22160 masked_mse_eps=0.0085 mask_only=0.0087 mask_area_fraction=0.5498
[train-ddpm] ep4 step22180 masked_mse_eps=0.1819 mask_only=0.1819 mask_area_fraction=1.0000
[train-ddpm] ep4 step22200 masked_mse_eps=0.0199 mask_only=0.0251 mask_area_fraction=0.1364
[train-ddpm] ep4 step22220 masked_mse_eps=0.0071 mask_only=0.0071 mask_area_fraction=1.0000
[train-ddpm] ep4 step22240 masked_mse_eps=0.4693 mask_only=0.4693 mask_area_fraction=1.0000
[train-ddpm] ep4 step22260 masked_mse_eps=0.0285 mask_only=0.0285 mask_area_fraction=1.0000
[train-ddpm] ep4 step22280 masked_mse_eps=0.1314 mask_only=0.1314 mask_area_fraction=1.0000
[train-ddpm] ep4 step22300 masked_mse_eps=0.1371 mask_only=0.1371 mask_area_fraction=1.0000
[train-ddpm] ep4 step22320 masked_mse_eps=0.0343 mask_only=0.0343 mask_area_fraction=1.0000
[train-ddpm] ep4 step22340 masked_mse_eps=0.0699 mask_only=0.0725 mask_area_fraction=0.5556
[train-ddpm] ep4 step22360 masked_mse_eps=0.0046 mask_only=0.0046 mask_area_fraction=1.0000
[train-ddpm] ep4 step22380 masked_mse_eps=0.0558 mask_only=0.0558 mask_area_fraction=1.0000
[train-ddpm] ep4 step22400 masked_mse_eps=0.2074 mask_only=0.2074 mask_area_fraction=1.0000
[train-ddpm] ep4 step22420 masked_mse_eps=0.0924 mask_only=0.0924 mask_area_fraction=1.0000
[train-ddpm] ep4 step22440 masked_mse_eps=0.0068 mask_only=0.0068 mask_area_fraction=1.0000
[train-ddpm] ep4 step22460 masked_mse_eps=0.0916 mask_only=0.0933 mask_area_fraction=0.5852
[train-ddpm] ep4 step22480 masked_mse_eps=0.0692 mask_only=0.0692 mask_area_fraction=1.0000
[val-ddpm] ep4 loss=0.0980  mask_only_loss=0.0990  x0_l1=1.1457  final_from_x0_psnr=34.07dB  mask_area_fraction=0.8965  outside_mask_max_diff=0.00000000
[train-ddpm] saved epoch sample grid (sampling took 1.4s)
[train-ddpm] ep5 step22500 masked_mse_eps=0.0688 mask_only=0.0688 mask_area_fraction=1.0000
[train-ddpm] ep5 step22520 masked_mse_eps=0.1625 mask_only=0.1625 mask_area_fraction=1.0000
[train-ddpm] ep5 step22540 masked_mse_eps=0.0385 mask_only=0.0396 mask_area_fraction=0.6190
[train-ddpm] ep5 step22560 masked_mse_eps=0.1660 mask_only=0.1660 mask_area_fraction=1.0000
[train-ddpm] ep5 step22580 masked_mse_eps=0.1499 mask_only=0.1499 mask_area_fraction=1.0000
[train-ddpm] ep5 step22600 masked_mse_eps=0.1061 mask_only=0.1061 mask_area_fraction=1.0000
[train-ddpm] ep5 step22620 masked_mse_eps=0.0685 mask_only=0.0685 mask_area_fraction=1.0000
[train-ddpm] ep5 step22640 masked_mse_eps=0.1812 mask_only=0.1869 mask_area_fraction=0.6048
[train-ddpm] ep5 step22660 masked_mse_eps=0.0639 mask_only=0.0639 mask_area_fraction=1.0000
[train-ddpm] ep5 step22680 masked_mse_eps=0.0464 mask_only=0.0464 mask_area_fraction=1.0000
[train-ddpm] ep5 step22700 masked_mse_eps=0.0046 mask_only=0.0046 mask_area_fraction=1.0000
[train-ddpm] ep5 step22720 masked_mse_eps=0.0048 mask_only=0.0048 mask_area_fraction=1.0000
[train-ddpm] ep5 step22740 masked_mse_eps=0.4759 mask_only=0.4759 mask_area_fraction=1.0000
[train-ddpm] ep5 step22760 masked_mse_eps=0.0619 mask_only=0.0619 mask_area_fraction=1.0000
[train-ddpm] ep5 step22780 masked_mse_eps=0.0210 mask_only=0.0210 mask_area_fraction=1.0000
[train-ddpm] ep5 step22800 masked_mse_eps=0.1461 mask_only=0.1461 mask_area_fraction=1.0000
[train-ddpm] ep5 step22820 masked_mse_eps=0.0098 mask_only=0.0098 mask_area_fraction=1.0000
[train-ddpm] ep5 step22840 masked_mse_eps=0.1322 mask_only=0.1322 mask_area_fraction=1.0000
[train-ddpm] ep5 step22860 masked_mse_eps=0.1356 mask_only=0.1356 mask_area_fraction=1.0000
[train-ddpm] ep5 step22880 masked_mse_eps=0.1196 mask_only=0.1196 mask_area_fraction=1.0000
[train-ddpm] ep5 step22900 masked_mse_eps=0.0592 mask_only=0.0592 mask_area_fraction=1.0000
[train-ddpm] ep5 step22920 masked_mse_eps=0.0162 mask_only=0.0167 mask_area_fraction=0.5585
[train-ddpm] ep5 step22940 masked_mse_eps=0.0576 mask_only=0.0576 mask_area_fraction=1.0000
[train-ddpm] ep5 step22960 masked_mse_eps=0.0206 mask_only=0.0206 mask_area_fraction=1.0000
[train-ddpm] ep5 step22980 masked_mse_eps=0.0194 mask_only=0.0194 mask_area_fraction=1.0000
[train-ddpm] ep5 step23000 masked_mse_eps=0.1245 mask_only=0.1245 mask_area_fraction=1.0000
[train-ddpm] ep5 step23020 masked_mse_eps=0.1679 mask_only=0.1679 mask_area_fraction=1.0000
[train-ddpm] ep5 step23040 masked_mse_eps=0.0899 mask_only=0.0899 mask_area_fraction=1.0000
[train-ddpm] ep5 step23060 masked_mse_eps=0.0161 mask_only=0.0161 mask_area_fraction=1.0000
[train-ddpm] ep5 step23080 masked_mse_eps=0.1037 mask_only=0.1037 mask_area_fraction=1.0000
[train-ddpm] ep5 step23100 masked_mse_eps=0.0840 mask_only=0.0840 mask_area_fraction=1.0000
[train-ddpm] ep5 step23120 masked_mse_eps=0.0330 mask_only=0.0330 mask_area_fraction=1.0000
[train-ddpm] ep5 step23140 masked_mse_eps=0.0068 mask_only=0.0068 mask_area_fraction=1.0000
[train-ddpm] ep5 step23160 masked_mse_eps=0.0525 mask_only=0.0525 mask_area_fraction=1.0000
[train-ddpm] ep5 step23180 masked_mse_eps=0.0298 mask_only=0.0298 mask_area_fraction=1.0000
[train-ddpm] ep5 step23200 masked_mse_eps=0.0659 mask_only=0.0659 mask_area_fraction=1.0000
[train-ddpm] ep5 step23220 masked_mse_eps=0.0842 mask_only=0.0842 mask_area_fraction=1.0000
[train-ddpm] ep5 step23240 masked_mse_eps=0.3506 mask_only=0.3506 mask_area_fraction=1.0000
[train-ddpm] ep5 step23260 masked_mse_eps=0.1010 mask_only=0.1010 mask_area_fraction=1.0000
[train-ddpm] ep5 step23280 masked_mse_eps=0.0200 mask_only=0.0205 mask_area_fraction=0.5847
[train-ddpm] ep5 step23300 masked_mse_eps=0.0341 mask_only=0.0354 mask_area_fraction=0.5206
[train-ddpm] ep5 step23320 masked_mse_eps=0.0590 mask_only=0.0590 mask_area_fraction=1.0000
[train-ddpm] ep5 step23340 masked_mse_eps=0.0203 mask_only=0.0203 mask_area_fraction=1.0000
[train-ddpm] ep5 step23360 masked_mse_eps=0.0705 mask_only=0.0705 mask_area_fraction=1.0000
[train-ddpm] ep5 step23380 masked_mse_eps=0.0441 mask_only=0.0442 mask_area_fraction=0.5833
[train-ddpm] ep5 step23400 masked_mse_eps=0.1816 mask_only=0.1816 mask_area_fraction=1.0000
[train-ddpm] ep5 step23420 masked_mse_eps=0.0159 mask_only=0.0159 mask_area_fraction=1.0000
[train-ddpm] ep5 step23440 masked_mse_eps=0.0673 mask_only=0.0673 mask_area_fraction=1.0000
[train-ddpm] ep5 step23460 masked_mse_eps=0.1660 mask_only=0.1660 mask_area_fraction=1.0000
[train-ddpm] ep5 step23480 masked_mse_eps=0.0066 mask_only=0.0066 mask_area_fraction=1.0000
[train-ddpm] ep5 step23500 masked_mse_eps=0.0287 mask_only=0.0287 mask_area_fraction=1.0000
[train-ddpm] ep5 step23520 masked_mse_eps=0.0219 mask_only=0.0219 mask_area_fraction=1.0000
[train-ddpm] ep5 step23540 masked_mse_eps=0.3452 mask_only=0.3452 mask_area_fraction=1.0000
[train-ddpm] ep5 step23560 masked_mse_eps=0.0361 mask_only=0.0361 mask_area_fraction=1.0000
[train-ddpm] ep5 step23580 masked_mse_eps=0.0432 mask_only=0.0432 mask_area_fraction=1.0000
[train-ddpm] ep5 step23600 masked_mse_eps=0.3201 mask_only=0.3326 mask_area_fraction=0.5593
[train-ddpm] ep5 step23620 masked_mse_eps=0.1007 mask_only=0.1007 mask_area_fraction=1.0000
[train-ddpm] ep5 step23640 masked_mse_eps=0.0906 mask_only=0.0906 mask_area_fraction=1.0000
[train-ddpm] ep5 step23660 masked_mse_eps=0.0282 mask_only=0.0282 mask_area_fraction=1.0000
[train-ddpm] ep5 step23680 masked_mse_eps=0.0569 mask_only=0.0569 mask_area_fraction=1.0000
[train-ddpm] ep5 step23700 masked_mse_eps=0.1031 mask_only=0.1031 mask_area_fraction=1.0000
[train-ddpm] ep5 step23720 masked_mse_eps=0.0546 mask_only=0.0546 mask_area_fraction=1.0000
[train-ddpm] ep5 step23740 masked_mse_eps=0.0404 mask_only=0.0404 mask_area_fraction=1.0000
[train-ddpm] ep5 step23760 masked_mse_eps=0.0564 mask_only=0.0564 mask_area_fraction=1.0000
[train-ddpm] ep5 step23780 masked_mse_eps=0.0540 mask_only=0.0540 mask_area_fraction=1.0000
[train-ddpm] ep5 step23800 masked_mse_eps=0.0201 mask_only=0.0201 mask_area_fraction=1.0000
[train-ddpm] ep5 step23820 masked_mse_eps=0.0420 mask_only=0.0420 mask_area_fraction=1.0000
[train-ddpm] ep5 step23840 masked_mse_eps=0.0558 mask_only=0.0558 mask_area_fraction=1.0000
[train-ddpm] ep5 step23860 masked_mse_eps=0.3111 mask_only=0.3111 mask_area_fraction=1.0000
[train-ddpm] ep5 step23880 masked_mse_eps=0.0401 mask_only=0.0401 mask_area_fraction=1.0000
[train-ddpm] ep5 step23900 masked_mse_eps=0.0232 mask_only=0.0238 mask_area_fraction=0.6013
[train-ddpm] ep5 step23920 masked_mse_eps=0.0685 mask_only=0.0696 mask_area_fraction=0.6310
[train-ddpm] ep5 step23940 masked_mse_eps=0.0112 mask_only=0.0112 mask_area_fraction=1.0000
[train-ddpm] ep5 step23960 masked_mse_eps=0.0285 mask_only=0.0285 mask_area_fraction=1.0000
[train-ddpm] ep5 step23980 masked_mse_eps=0.0783 mask_only=0.0783 mask_area_fraction=1.0000
[train-ddpm] ep5 step24000 masked_mse_eps=0.0096 mask_only=0.0096 mask_area_fraction=1.0000
[train-ddpm] ep5 step24020 masked_mse_eps=0.0041 mask_only=0.0041 mask_area_fraction=1.0000
[train-ddpm] ep5 step24040 masked_mse_eps=0.0152 mask_only=0.0152 mask_area_fraction=1.0000
[train-ddpm] ep5 step24060 masked_mse_eps=0.0146 mask_only=0.0149 mask_area_fraction=0.5710
[train-ddpm] ep5 step24080 masked_mse_eps=0.0823 mask_only=0.0823 mask_area_fraction=1.0000
[train-ddpm] ep5 step24100 masked_mse_eps=0.0325 mask_only=0.0325 mask_area_fraction=1.0000
[train-ddpm] ep5 step24120 masked_mse_eps=0.0166 mask_only=0.0171 mask_area_fraction=0.5551
[train-ddpm] ep5 step24140 masked_mse_eps=0.0629 mask_only=0.0629 mask_area_fraction=1.0000
[train-ddpm] ep5 step24160 masked_mse_eps=0.5169 mask_only=0.5169 mask_area_fraction=1.0000
[train-ddpm] ep5 step24180 masked_mse_eps=0.1308 mask_only=0.1353 mask_area_fraction=0.5794
[train-ddpm] ep5 step24200 masked_mse_eps=0.0257 mask_only=0.0257 mask_area_fraction=1.0000
[train-ddpm] ep5 step24220 masked_mse_eps=0.2105 mask_only=0.2197 mask_area_fraction=0.5294
[train-ddpm] ep5 step24240 masked_mse_eps=0.0320 mask_only=0.0320 mask_area_fraction=1.0000
[train-ddpm] ep5 step24260 masked_mse_eps=0.0699 mask_only=0.0726 mask_area_fraction=0.5488
[train-ddpm] ep5 step24280 masked_mse_eps=0.1775 mask_only=0.1775 mask_area_fraction=1.0000
[train-ddpm] ep5 step24300 masked_mse_eps=0.0441 mask_only=0.0441 mask_area_fraction=1.0000
[train-ddpm] ep5 step24320 masked_mse_eps=0.0284 mask_only=0.0284 mask_area_fraction=1.0000
[train-ddpm] ep5 step24340 masked_mse_eps=0.1241 mask_only=0.1241 mask_area_fraction=1.0000
[train-ddpm] ep5 step24360 masked_mse_eps=0.0117 mask_only=0.0117 mask_area_fraction=1.0000
[train-ddpm] ep5 step24380 masked_mse_eps=0.0496 mask_only=0.0496 mask_area_fraction=1.0000
[train-ddpm] ep5 step24400 masked_mse_eps=0.0311 mask_only=0.0311 mask_area_fraction=1.0000
[train-ddpm] ep5 step24420 masked_mse_eps=0.0365 mask_only=0.0375 mask_area_fraction=0.6166
[train-ddpm] ep5 step24440 masked_mse_eps=0.0168 mask_only=0.0169 mask_area_fraction=0.5550
[train-ddpm] ep5 step24460 masked_mse_eps=0.1884 mask_only=0.1882 mask_area_fraction=0.5844
[train-ddpm] ep5 step24480 masked_mse_eps=0.0106 mask_only=0.0106 mask_area_fraction=1.0000
[train-ddpm] ep5 step24500 masked_mse_eps=0.0413 mask_only=0.0413 mask_area_fraction=1.0000
[train-ddpm] ep5 step24520 masked_mse_eps=0.0216 mask_only=0.0216 mask_area_fraction=1.0000
[train-ddpm] ep5 step24540 masked_mse_eps=0.1281 mask_only=0.1281 mask_area_fraction=1.0000
[train-ddpm] ep5 step24560 masked_mse_eps=0.1575 mask_only=0.1575 mask_area_fraction=1.0000
[train-ddpm] ep5 step24580 masked_mse_eps=0.2218 mask_only=0.2287 mask_area_fraction=0.6096
[train-ddpm] ep5 step24600 masked_mse_eps=0.1043 mask_only=0.1081 mask_area_fraction=0.5681
[train-ddpm] ep5 step24620 masked_mse_eps=0.0860 mask_only=0.0860 mask_area_fraction=1.0000
[train-ddpm] ep5 step24640 masked_mse_eps=0.0159 mask_only=0.0159 mask_area_fraction=1.0000
[train-ddpm] ep5 step24660 masked_mse_eps=0.1257 mask_only=0.1257 mask_area_fraction=1.0000
[train-ddpm] ep5 step24680 masked_mse_eps=0.0578 mask_only=0.0578 mask_area_fraction=1.0000
[train-ddpm] ep5 step24700 masked_mse_eps=0.0096 mask_only=0.0096 mask_area_fraction=1.0000
[train-ddpm] ep5 step24720 masked_mse_eps=0.0917 mask_only=0.0917 mask_area_fraction=1.0000
[train-ddpm] ep5 step24740 masked_mse_eps=0.0207 mask_only=0.0211 mask_area_fraction=0.5759
[train-ddpm] ep5 step24760 masked_mse_eps=0.0074 mask_only=0.0074 mask_area_fraction=1.0000
[train-ddpm] ep5 step24780 masked_mse_eps=0.1049 mask_only=0.1049 mask_area_fraction=1.0000
[train-ddpm] ep5 step24800 masked_mse_eps=0.0516 mask_only=0.0516 mask_area_fraction=1.0000
[train-ddpm] ep5 step24820 masked_mse_eps=0.0276 mask_only=0.0281 mask_area_fraction=0.5959
[train-ddpm] ep5 step24840 masked_mse_eps=0.0351 mask_only=0.0351 mask_area_fraction=1.0000
[train-ddpm] ep5 step24860 masked_mse_eps=0.1467 mask_only=0.1467 mask_area_fraction=1.0000
[train-ddpm] ep5 step24880 masked_mse_eps=0.0382 mask_only=0.0382 mask_area_fraction=1.0000
[train-ddpm] ep5 step24900 masked_mse_eps=0.6734 mask_only=0.6989 mask_area_fraction=0.5672
[train-ddpm] ep5 step24920 masked_mse_eps=0.1783 mask_only=0.1783 mask_area_fraction=1.0000
[train-ddpm] ep5 step24940 masked_mse_eps=0.1382 mask_only=0.1382 mask_area_fraction=1.0000
[train-ddpm] ep5 step24960 masked_mse_eps=0.0241 mask_only=0.0241 mask_area_fraction=1.0000
[train-ddpm] ep5 step24980 masked_mse_eps=0.4404 mask_only=0.4404 mask_area_fraction=1.0000
[train-ddpm] ep5 step25000 masked_mse_eps=0.0079 mask_only=0.0081 mask_area_fraction=0.6023
[train-ddpm] ep5 step25020 masked_mse_eps=0.0379 mask_only=0.0379 mask_area_fraction=1.0000
[train-ddpm] ep5 step25040 masked_mse_eps=0.2108 mask_only=0.2108 mask_area_fraction=1.0000
[train-ddpm] ep5 step25060 masked_mse_eps=0.0591 mask_only=0.0591 mask_area_fraction=1.0000
[train-ddpm] ep5 step25080 masked_mse_eps=0.1576 mask_only=0.1576 mask_area_fraction=1.0000
[train-ddpm] ep5 step25100 masked_mse_eps=0.0057 mask_only=0.0057 mask_area_fraction=1.0000
[train-ddpm] ep5 step25120 masked_mse_eps=0.0258 mask_only=0.0258 mask_area_fraction=1.0000
[train-ddpm] ep5 step25140 masked_mse_eps=0.0255 mask_only=0.0255 mask_area_fraction=1.0000
[train-ddpm] ep5 step25160 masked_mse_eps=0.2499 mask_only=0.2587 mask_area_fraction=0.5797
[train-ddpm] ep5 step25180 masked_mse_eps=0.0064 mask_only=0.0065 mask_area_fraction=0.5737
[train-ddpm] ep5 step25200 masked_mse_eps=0.0255 mask_only=0.0262 mask_area_fraction=0.6014
[train-ddpm] ep5 step25220 masked_mse_eps=0.0334 mask_only=0.0334 mask_area_fraction=1.0000
[train-ddpm] ep5 step25240 masked_mse_eps=0.0350 mask_only=0.0350 mask_area_fraction=1.0000
[train-ddpm] ep5 step25260 masked_mse_eps=0.0243 mask_only=0.0243 mask_area_fraction=1.0000
[train-ddpm] ep5 step25280 masked_mse_eps=0.0102 mask_only=0.0102 mask_area_fraction=1.0000
[train-ddpm] ep5 step25300 masked_mse_eps=0.0401 mask_only=0.0401 mask_area_fraction=1.0000
[train-ddpm] ep5 step25320 masked_mse_eps=0.0513 mask_only=0.0513 mask_area_fraction=1.0000
[train-ddpm] ep5 step25340 masked_mse_eps=0.0113 mask_only=0.0116 mask_area_fraction=0.5775
[train-ddpm] ep5 step25360 masked_mse_eps=0.0618 mask_only=0.0642 mask_area_fraction=0.5396
[train-ddpm] ep5 step25380 masked_mse_eps=0.2293 mask_only=0.2293 mask_area_fraction=1.0000
[train-ddpm] ep5 step25400 masked_mse_eps=0.0410 mask_only=0.0424 mask_area_fraction=0.5538
[train-ddpm] ep5 step25420 masked_mse_eps=0.0389 mask_only=0.0389 mask_area_fraction=1.0000
[train-ddpm] ep5 step25440 masked_mse_eps=0.0453 mask_only=0.0453 mask_area_fraction=1.0000
[train-ddpm] ep5 step25460 masked_mse_eps=0.0541 mask_only=0.0541 mask_area_fraction=1.0000
[train-ddpm] ep5 step25480 masked_mse_eps=0.0316 mask_only=0.0316 mask_area_fraction=1.0000
[train-ddpm] ep5 step25500 masked_mse_eps=0.0922 mask_only=0.0922 mask_area_fraction=1.0000
[train-ddpm] ep5 step25520 masked_mse_eps=0.0189 mask_only=0.0189 mask_area_fraction=1.0000
[train-ddpm] ep5 step25540 masked_mse_eps=0.0759 mask_only=0.0788 mask_area_fraction=0.5332
[train-ddpm] ep5 step25560 masked_mse_eps=0.2014 mask_only=0.2014 mask_area_fraction=1.0000
[train-ddpm] ep5 step25580 masked_mse_eps=0.1101 mask_only=0.1131 mask_area_fraction=0.6007
[train-ddpm] ep5 step25600 masked_mse_eps=0.0243 mask_only=0.0243 mask_area_fraction=1.0000
[train-ddpm] ep5 step25620 masked_mse_eps=0.0058 mask_only=0.0059 mask_area_fraction=0.5465
[train-ddpm] ep5 step25640 masked_mse_eps=0.5242 mask_only=0.5397 mask_area_fraction=0.5807
[train-ddpm] ep5 step25660 masked_mse_eps=0.0960 mask_only=0.0960 mask_area_fraction=1.0000
[train-ddpm] ep5 step25680 masked_mse_eps=0.2348 mask_only=0.2348 mask_area_fraction=1.0000
[train-ddpm] ep5 step25700 masked_mse_eps=0.0105 mask_only=0.0105 mask_area_fraction=1.0000
[train-ddpm] ep5 step25720 masked_mse_eps=0.1373 mask_only=0.1373 mask_area_fraction=1.0000
[train-ddpm] ep5 step25740 masked_mse_eps=0.0070 mask_only=0.0071 mask_area_fraction=0.5791
[train-ddpm] ep5 step25760 masked_mse_eps=0.0124 mask_only=0.0124 mask_area_fraction=1.0000
[train-ddpm] ep5 step25780 masked_mse_eps=0.0245 mask_only=0.0245 mask_area_fraction=1.0000
[train-ddpm] ep5 step25800 masked_mse_eps=0.1520 mask_only=0.1520 mask_area_fraction=1.0000
[train-ddpm] ep5 step25820 masked_mse_eps=0.0084 mask_only=0.0084 mask_area_fraction=1.0000
[train-ddpm] ep5 step25840 masked_mse_eps=0.0447 mask_only=0.0461 mask_area_fraction=0.6058
[train-ddpm] ep5 step25860 masked_mse_eps=0.2080 mask_only=0.2080 mask_area_fraction=1.0000
[train-ddpm] ep5 step25880 masked_mse_eps=0.0227 mask_only=0.0234 mask_area_fraction=0.5863
[train-ddpm] ep5 step25900 masked_mse_eps=0.0910 mask_only=0.0927 mask_area_fraction=0.5176
[train-ddpm] ep5 step25920 masked_mse_eps=0.0313 mask_only=0.0303 mask_area_fraction=0.5554
[train-ddpm] ep5 step25940 masked_mse_eps=0.0761 mask_only=0.0761 mask_area_fraction=1.0000
[train-ddpm] ep5 step25960 masked_mse_eps=0.1227 mask_only=0.1227 mask_area_fraction=1.0000
[train-ddpm] ep5 step25980 masked_mse_eps=0.1366 mask_only=0.1366 mask_area_fraction=1.0000
[train-ddpm] ep5 step26000 masked_mse_eps=0.0069 mask_only=0.0069 mask_area_fraction=1.0000
[train-ddpm] ep5 step26020 masked_mse_eps=0.0119 mask_only=0.0119 mask_area_fraction=1.0000
[train-ddpm] ep5 step26040 masked_mse_eps=0.0156 mask_only=0.0156 mask_area_fraction=1.0000
[train-ddpm] ep5 step26060 masked_mse_eps=0.0666 mask_only=0.0666 mask_area_fraction=1.0000
[train-ddpm] ep5 step26080 masked_mse_eps=0.0949 mask_only=0.0949 mask_area_fraction=1.0000
[train-ddpm] ep5 step26100 masked_mse_eps=0.0564 mask_only=0.0564 mask_area_fraction=1.0000
[train-ddpm] ep5 step26120 masked_mse_eps=0.4329 mask_only=0.4329 mask_area_fraction=1.0000
[train-ddpm] ep5 step26140 masked_mse_eps=0.0591 mask_only=0.0591 mask_area_fraction=1.0000
[train-ddpm] ep5 step26160 masked_mse_eps=0.0066 mask_only=0.0066 mask_area_fraction=1.0000
[train-ddpm] ep5 step26180 masked_mse_eps=0.0784 mask_only=0.0784 mask_area_fraction=1.0000
[train-ddpm] ep5 step26200 masked_mse_eps=0.0138 mask_only=0.0142 mask_area_fraction=0.5618
[train-ddpm] ep5 step26220 masked_mse_eps=0.0863 mask_only=0.0863 mask_area_fraction=1.0000
[train-ddpm] ep5 step26240 masked_mse_eps=0.0716 mask_only=0.0735 mask_area_fraction=0.6199
[train-ddpm] ep5 step26260 masked_mse_eps=0.0219 mask_only=0.0219 mask_area_fraction=1.0000
[train-ddpm] ep5 step26280 masked_mse_eps=0.1654 mask_only=0.1654 mask_area_fraction=1.0000
[train-ddpm] ep5 step26300 masked_mse_eps=0.0370 mask_only=0.0370 mask_area_fraction=1.0000
[train-ddpm] ep5 step26320 masked_mse_eps=0.0073 mask_only=0.0074 mask_area_fraction=0.5783
[train-ddpm] ep5 step26340 masked_mse_eps=0.0049 mask_only=0.0050 mask_area_fraction=0.5696
[train-ddpm] ep5 step26360 masked_mse_eps=0.0820 mask_only=0.0820 mask_area_fraction=1.0000
[train-ddpm] ep5 step26380 masked_mse_eps=0.0086 mask_only=0.0086 mask_area_fraction=1.0000
[train-ddpm] ep5 step26400 masked_mse_eps=0.2644 mask_only=0.2739 mask_area_fraction=0.5714
[train-ddpm] ep5 step26420 masked_mse_eps=0.0572 mask_only=0.0572 mask_area_fraction=1.0000
[train-ddpm] ep5 step26440 masked_mse_eps=0.0126 mask_only=0.0128 mask_area_fraction=0.5857
[train-ddpm] ep5 step26460 masked_mse_eps=0.1922 mask_only=0.1922 mask_area_fraction=1.0000
[train-ddpm] ep5 step26480 masked_mse_eps=0.0170 mask_only=0.0175 mask_area_fraction=0.5488
[train-ddpm] ep5 step26500 masked_mse_eps=0.1331 mask_only=0.1331 mask_area_fraction=1.0000
[train-ddpm] ep5 step26520 masked_mse_eps=0.0550 mask_only=0.0550 mask_area_fraction=1.0000
[train-ddpm] ep5 step26540 masked_mse_eps=0.0925 mask_only=0.0925 mask_area_fraction=1.0000
[train-ddpm] ep5 step26560 masked_mse_eps=0.0182 mask_only=0.0182 mask_area_fraction=1.0000
[train-ddpm] ep5 step26580 masked_mse_eps=0.0477 mask_only=0.0477 mask_area_fraction=1.0000
[train-ddpm] ep5 step26600 masked_mse_eps=0.0345 mask_only=0.0345 mask_area_fraction=1.0000
[train-ddpm] ep5 step26620 masked_mse_eps=0.0626 mask_only=0.0626 mask_area_fraction=1.0000
[train-ddpm] ep5 step26640 masked_mse_eps=0.0344 mask_only=0.0344 mask_area_fraction=1.0000
[train-ddpm] ep5 step26660 masked_mse_eps=0.0646 mask_only=0.0646 mask_area_fraction=1.0000
[train-ddpm] ep5 step26680 masked_mse_eps=0.0139 mask_only=0.0139 mask_area_fraction=1.0000
[train-ddpm] ep5 step26700 masked_mse_eps=0.1962 mask_only=0.1962 mask_area_fraction=1.0000
[train-ddpm] ep5 step26720 masked_mse_eps=0.0253 mask_only=0.0253 mask_area_fraction=1.0000
[train-ddpm] ep5 step26740 masked_mse_eps=0.0911 mask_only=0.0911 mask_area_fraction=1.0000
[train-ddpm] ep5 step26760 masked_mse_eps=0.3222 mask_only=0.3222 mask_area_fraction=1.0000
[train-ddpm] ep5 step26780 masked_mse_eps=0.0853 mask_only=0.0853 mask_area_fraction=1.0000
[train-ddpm] ep5 step26800 masked_mse_eps=0.0467 mask_only=0.0467 mask_area_fraction=1.0000
[train-ddpm] ep5 step26820 masked_mse_eps=0.0036 mask_only=0.0036 mask_area_fraction=1.0000
[train-ddpm] ep5 step26840 masked_mse_eps=0.0093 mask_only=0.0095 mask_area_fraction=0.5346
[train-ddpm] ep5 step26860 masked_mse_eps=0.0076 mask_only=0.0077 mask_area_fraction=0.5853
[train-ddpm] ep5 step26880 masked_mse_eps=0.0654 mask_only=0.0668 mask_area_fraction=0.6073
[train-ddpm] ep5 step26900 masked_mse_eps=0.0703 mask_only=0.0703 mask_area_fraction=1.0000
[train-ddpm] ep5 step26920 masked_mse_eps=0.0458 mask_only=0.0458 mask_area_fraction=1.0000
[train-ddpm] ep5 step26940 masked_mse_eps=0.0653 mask_only=0.0677 mask_area_fraction=0.5670
[train-ddpm] ep5 step26960 masked_mse_eps=0.2132 mask_only=0.2132 mask_area_fraction=1.0000
[train-ddpm] ep5 step26980 masked_mse_eps=0.0742 mask_only=0.0742 mask_area_fraction=1.0000
[val-ddpm] ep5 loss=0.0850  mask_only_loss=0.0856  x0_l1=1.0330  final_from_x0_psnr=33.90dB  mask_area_fraction=0.8993  outside_mask_max_diff=0.00000000
[train-ddpm] saved epoch sample grid (sampling took 1.4s)
[val-ddpm] new best loss=0.0850
[train-ddpm] ep6 step27000 masked_mse_eps=0.0196 mask_only=0.0202 mask_area_fraction=0.5930
[train-ddpm] ep6 step27020 masked_mse_eps=0.1138 mask_only=0.1138 mask_area_fraction=1.0000
[train-ddpm] ep6 step27040 masked_mse_eps=0.1107 mask_only=0.1436 mask_area_fraction=0.1249
[train-ddpm] ep6 step27060 masked_mse_eps=0.0922 mask_only=0.0922 mask_area_fraction=1.0000
[train-ddpm] ep6 step27080 masked_mse_eps=0.0743 mask_only=0.0743 mask_area_fraction=1.0000
[train-ddpm] ep6 step27100 masked_mse_eps=0.0162 mask_only=0.0168 mask_area_fraction=0.5191
[train-ddpm] ep6 step27120 masked_mse_eps=0.0186 mask_only=0.0186 mask_area_fraction=1.0000
[train-ddpm] ep6 step27140 masked_mse_eps=0.1199 mask_only=0.1199 mask_area_fraction=1.0000
[train-ddpm] ep6 step27160 masked_mse_eps=0.0135 mask_only=0.0135 mask_area_fraction=1.0000
[train-ddpm] ep6 step27180 masked_mse_eps=0.0185 mask_only=0.0185 mask_area_fraction=1.0000
[train-ddpm] ep6 step27200 masked_mse_eps=0.1288 mask_only=0.1288 mask_area_fraction=1.0000
[train-ddpm] ep6 step27220 masked_mse_eps=0.0452 mask_only=0.0452 mask_area_fraction=1.0000
[train-ddpm] ep6 step27240 masked_mse_eps=0.0341 mask_only=0.0354 mask_area_fraction=0.5441
[train-ddpm] ep6 step27260 masked_mse_eps=0.1684 mask_only=0.1745 mask_area_fraction=0.5717
[train-ddpm] ep6 step27280 masked_mse_eps=0.0174 mask_only=0.0171 mask_area_fraction=0.5588
[train-ddpm] ep6 step27300 masked_mse_eps=0.0365 mask_only=0.0365 mask_area_fraction=1.0000
[train-ddpm] ep6 step27320 masked_mse_eps=0.0199 mask_only=0.0199 mask_area_fraction=1.0000
[train-ddpm] ep6 step27340 masked_mse_eps=0.1337 mask_only=0.1337 mask_area_fraction=1.0000
[train-ddpm] ep6 step27360 masked_mse_eps=0.0186 mask_only=0.0186 mask_area_fraction=1.0000
[train-ddpm] ep6 step27380 masked_mse_eps=0.2442 mask_only=0.2442 mask_area_fraction=1.0000
[train-ddpm] ep6 step27400 masked_mse_eps=0.2497 mask_only=0.2568 mask_area_fraction=0.6289
[train-ddpm] ep6 step27420 masked_mse_eps=0.0631 mask_only=0.0631 mask_area_fraction=1.0000
[train-ddpm] ep6 step27440 masked_mse_eps=0.1241 mask_only=0.1241 mask_area_fraction=1.0000
[train-ddpm] ep6 step27460 masked_mse_eps=0.0217 mask_only=0.0223 mask_area_fraction=0.5804
[train-ddpm] ep6 step27480 masked_mse_eps=0.0914 mask_only=0.0914 mask_area_fraction=1.0000
[train-ddpm] ep6 step27500 masked_mse_eps=0.0392 mask_only=0.0406 mask_area_fraction=0.5602
[train-ddpm] ep6 step27520 masked_mse_eps=0.0665 mask_only=0.0665 mask_area_fraction=1.0000
[train-ddpm] ep6 step27540 masked_mse_eps=0.0353 mask_only=0.0353 mask_area_fraction=1.0000
[train-ddpm] ep6 step27560 masked_mse_eps=0.0208 mask_only=0.0215 mask_area_fraction=0.5427
[train-ddpm] ep6 step27580 masked_mse_eps=0.2141 mask_only=0.2141 mask_area_fraction=1.0000
[train-ddpm] ep6 step27600 masked_mse_eps=0.1735 mask_only=0.1800 mask_area_fraction=0.5563
[train-ddpm] ep6 step27620 masked_mse_eps=0.0221 mask_only=0.0221 mask_area_fraction=1.0000
[train-ddpm] ep6 step27640 masked_mse_eps=0.0516 mask_only=0.0516 mask_area_fraction=1.0000
[train-ddpm] ep6 step27660 masked_mse_eps=0.0058 mask_only=0.0058 mask_area_fraction=1.0000
[train-ddpm] ep6 step27680 masked_mse_eps=0.2613 mask_only=0.2613 mask_area_fraction=1.0000
[train-ddpm] ep6 step27700 masked_mse_eps=0.0717 mask_only=0.0717 mask_area_fraction=1.0000
[train-ddpm] ep6 step27720 masked_mse_eps=0.0119 mask_only=0.0122 mask_area_fraction=0.5346
[train-ddpm] ep6 step27740 masked_mse_eps=0.0368 mask_only=0.0368 mask_area_fraction=1.0000
[train-ddpm] ep6 step27760 masked_mse_eps=0.3499 mask_only=0.3611 mask_area_fraction=0.6075
[train-ddpm] ep6 step27780 masked_mse_eps=0.1214 mask_only=0.1214 mask_area_fraction=1.0000
[train-ddpm] ep6 step27800 masked_mse_eps=0.0073 mask_only=0.0073 mask_area_fraction=1.0000
[train-ddpm] ep6 step27820 masked_mse_eps=0.0227 mask_only=0.0227 mask_area_fraction=1.0000
[train-ddpm] ep6 step27840 masked_mse_eps=0.0231 mask_only=0.0231 mask_area_fraction=1.0000
[train-ddpm] ep6 step27860 masked_mse_eps=0.0519 mask_only=0.0519 mask_area_fraction=1.0000
[train-ddpm] ep6 step27880 masked_mse_eps=0.1137 mask_only=0.1137 mask_area_fraction=1.0000
[train-ddpm] ep6 step27900 masked_mse_eps=0.1930 mask_only=0.1930 mask_area_fraction=1.0000
[train-ddpm] ep6 step27920 masked_mse_eps=0.0624 mask_only=0.0624 mask_area_fraction=1.0000
[train-ddpm] ep6 step27940 masked_mse_eps=0.0662 mask_only=0.0662 mask_area_fraction=1.0000
[train-ddpm] ep6 step27960 masked_mse_eps=0.1261 mask_only=0.1261 mask_area_fraction=1.0000
[train-ddpm] ep6 step27980 masked_mse_eps=0.0122 mask_only=0.0122 mask_area_fraction=1.0000
[train-ddpm] ep6 step28000 masked_mse_eps=0.0583 mask_only=0.0583 mask_area_fraction=1.0000
[train-ddpm] ep6 step28020 masked_mse_eps=0.0679 mask_only=0.0679 mask_area_fraction=1.0000
[train-ddpm] ep6 step28040 masked_mse_eps=0.0221 mask_only=0.0221 mask_area_fraction=1.0000
[train-ddpm] ep6 step28060 masked_mse_eps=0.0633 mask_only=0.0633 mask_area_fraction=1.0000
[train-ddpm] ep6 step28080 masked_mse_eps=0.1141 mask_only=0.1181 mask_area_fraction=0.5724
[train-ddpm] ep6 step28100 masked_mse_eps=0.1508 mask_only=0.1508 mask_area_fraction=1.0000
[train-ddpm] ep6 step28120 masked_mse_eps=0.3272 mask_only=0.3272 mask_area_fraction=1.0000
[train-ddpm] ep6 step28140 masked_mse_eps=0.2143 mask_only=0.2143 mask_area_fraction=1.0000
[train-ddpm] ep6 step28160 masked_mse_eps=0.1265 mask_only=0.1265 mask_area_fraction=1.0000
[train-ddpm] ep6 step28180 masked_mse_eps=0.0774 mask_only=0.0774 mask_area_fraction=1.0000
[train-ddpm] ep6 step28200 masked_mse_eps=0.1447 mask_only=0.1447 mask_area_fraction=1.0000
[train-ddpm] ep6 step28220 masked_mse_eps=0.0216 mask_only=0.0216 mask_area_fraction=1.0000
[train-ddpm] ep6 step28240 masked_mse_eps=0.1109 mask_only=0.1109 mask_area_fraction=1.0000
[train-ddpm] ep6 step28260 masked_mse_eps=0.0163 mask_only=0.0151 mask_area_fraction=0.5276
[train-ddpm] ep6 step28280 masked_mse_eps=0.1881 mask_only=0.1881 mask_area_fraction=1.0000
[train-ddpm] ep6 step28300 masked_mse_eps=0.0234 mask_only=0.0234 mask_area_fraction=1.0000
[train-ddpm] ep6 step28320 masked_mse_eps=0.0391 mask_only=0.0391 mask_area_fraction=1.0000
[train-ddpm] ep6 step28340 masked_mse_eps=0.0295 mask_only=0.0305 mask_area_fraction=0.5746
[train-ddpm] ep6 step28360 masked_mse_eps=0.0143 mask_only=0.0143 mask_area_fraction=1.0000
[train-ddpm] ep6 step28380 masked_mse_eps=0.0529 mask_only=0.0529 mask_area_fraction=1.0000
[train-ddpm] ep6 step28400 masked_mse_eps=0.2375 mask_only=0.2375 mask_area_fraction=1.0000
[train-ddpm] ep6 step28420 masked_mse_eps=0.2343 mask_only=0.2440 mask_area_fraction=0.5444
[train-ddpm] ep6 step28440 masked_mse_eps=0.0073 mask_only=0.0073 mask_area_fraction=1.0000
[train-ddpm] ep6 step28460 masked_mse_eps=0.0359 mask_only=0.0359 mask_area_fraction=1.0000
[train-ddpm] ep6 step28480 masked_mse_eps=0.0738 mask_only=0.0738 mask_area_fraction=1.0000
[train-ddpm] ep6 step28500 masked_mse_eps=0.0369 mask_only=0.0369 mask_area_fraction=1.0000
[train-ddpm] ep6 step28520 masked_mse_eps=0.0547 mask_only=0.0547 mask_area_fraction=1.0000
[train-ddpm] ep6 step28540 masked_mse_eps=0.0358 mask_only=0.0358 mask_area_fraction=1.0000
[train-ddpm] ep6 step28560 masked_mse_eps=0.1867 mask_only=0.1867 mask_area_fraction=1.0000
[train-ddpm] ep6 step28580 masked_mse_eps=0.0777 mask_only=0.0777 mask_area_fraction=1.0000
[train-ddpm] ep6 step28600 masked_mse_eps=0.0930 mask_only=0.0930 mask_area_fraction=1.0000
[train-ddpm] ep6 step28620 masked_mse_eps=0.0769 mask_only=0.0791 mask_area_fraction=0.5799
[train-ddpm] ep6 step28640 masked_mse_eps=0.1102 mask_only=0.1102 mask_area_fraction=1.0000
[train-ddpm] ep6 step28660 masked_mse_eps=0.1278 mask_only=0.1330 mask_area_fraction=0.5443
[train-ddpm] ep6 step28680 masked_mse_eps=0.2226 mask_only=0.2226 mask_area_fraction=1.0000
[train-ddpm] ep6 step28700 masked_mse_eps=0.0220 mask_only=0.0220 mask_area_fraction=1.0000
[train-ddpm] ep6 step28720 masked_mse_eps=0.0791 mask_only=0.0791 mask_area_fraction=1.0000
[train-ddpm] ep6 step28740 masked_mse_eps=0.0575 mask_only=0.0567 mask_area_fraction=0.5551
[train-ddpm] ep6 step28760 masked_mse_eps=0.0253 mask_only=0.0253 mask_area_fraction=1.0000
[train-ddpm] ep6 step28780 masked_mse_eps=0.1088 mask_only=0.1088 mask_area_fraction=1.0000
[train-ddpm] ep6 step28800 masked_mse_eps=0.0422 mask_only=0.0422 mask_area_fraction=1.0000
[train-ddpm] ep6 step28820 masked_mse_eps=0.0829 mask_only=0.0829 mask_area_fraction=1.0000
[train-ddpm] ep6 step28840 masked_mse_eps=0.0765 mask_only=0.0765 mask_area_fraction=1.0000
[train-ddpm] ep6 step28860 masked_mse_eps=0.4051 mask_only=0.4051 mask_area_fraction=1.0000
[train-ddpm] ep6 step28880 masked_mse_eps=0.0112 mask_only=0.0112 mask_area_fraction=1.0000
[train-ddpm] ep6 step28900 masked_mse_eps=0.0998 mask_only=0.1042 mask_area_fraction=0.5186
[train-ddpm] ep6 step28920 masked_mse_eps=0.0280 mask_only=0.0291 mask_area_fraction=0.5229
[train-ddpm] ep6 step28940 masked_mse_eps=0.1679 mask_only=0.1679 mask_area_fraction=1.0000
[train-ddpm] ep6 step28960 masked_mse_eps=0.0051 mask_only=0.0051 mask_area_fraction=0.5879
[train-ddpm] ep6 step28980 masked_mse_eps=0.0187 mask_only=0.0187 mask_area_fraction=1.0000
[train-ddpm] ep6 step29000 masked_mse_eps=0.1753 mask_only=0.1753 mask_area_fraction=1.0000
[train-ddpm] ep6 step29020 masked_mse_eps=0.0773 mask_only=0.0773 mask_area_fraction=1.0000
[train-ddpm] ep6 step29040 masked_mse_eps=0.0114 mask_only=0.0116 mask_area_fraction=0.6213
[train-ddpm] ep6 step29060 masked_mse_eps=0.0607 mask_only=0.0607 mask_area_fraction=1.0000
[train-ddpm] ep6 step29080 masked_mse_eps=0.1269 mask_only=0.1269 mask_area_fraction=1.0000
[train-ddpm] ep6 step29100 masked_mse_eps=0.0167 mask_only=0.0171 mask_area_fraction=0.5845
[train-ddpm] ep6 step29120 masked_mse_eps=0.1372 mask_only=0.1372 mask_area_fraction=1.0000
[train-ddpm] ep6 step29140 masked_mse_eps=0.0365 mask_only=0.0365 mask_area_fraction=1.0000
[train-ddpm] ep6 step29160 masked_mse_eps=0.2202 mask_only=0.2253 mask_area_fraction=0.5743
[train-ddpm] ep6 step29180 masked_mse_eps=0.0095 mask_only=0.0095 mask_area_fraction=1.0000
[train-ddpm] ep6 step29200 masked_mse_eps=0.1663 mask_only=0.1663 mask_area_fraction=1.0000
[train-ddpm] ep6 step29220 masked_mse_eps=0.0237 mask_only=0.0237 mask_area_fraction=1.0000
[train-ddpm] ep6 step29240 masked_mse_eps=0.0343 mask_only=0.0343 mask_area_fraction=1.0000
[train-ddpm] ep6 step29260 masked_mse_eps=0.2014 mask_only=0.2014 mask_area_fraction=1.0000
[train-ddpm] ep6 step29280 masked_mse_eps=0.0366 mask_only=0.0366 mask_area_fraction=1.0000
[train-ddpm] ep6 step29300 masked_mse_eps=0.1661 mask_only=0.1661 mask_area_fraction=1.0000
[train-ddpm] ep6 step29320 masked_mse_eps=0.0403 mask_only=0.0403 mask_area_fraction=1.0000
[train-ddpm] ep6 step29340 masked_mse_eps=0.0131 mask_only=0.0135 mask_area_fraction=0.5894
[train-ddpm] ep6 step29360 masked_mse_eps=0.0044 mask_only=0.0044 mask_area_fraction=1.0000
[train-ddpm] ep6 step29380 masked_mse_eps=0.0169 mask_only=0.0169 mask_area_fraction=1.0000
[train-ddpm] ep6 step29400 masked_mse_eps=0.1379 mask_only=0.1379 mask_area_fraction=1.0000
[train-ddpm] ep6 step29420 masked_mse_eps=0.1313 mask_only=0.1313 mask_area_fraction=1.0000
[train-ddpm] ep6 step29440 masked_mse_eps=0.0329 mask_only=0.0329 mask_area_fraction=1.0000
[train-ddpm] ep6 step29460 masked_mse_eps=0.5753 mask_only=0.5980 mask_area_fraction=0.5571
[train-ddpm] ep6 step29480 masked_mse_eps=0.0153 mask_only=0.0153 mask_area_fraction=1.0000
[train-ddpm] ep6 step29500 masked_mse_eps=0.0377 mask_only=0.0387 mask_area_fraction=0.6190
[train-ddpm] ep6 step29520 masked_mse_eps=0.0085 mask_only=0.0085 mask_area_fraction=1.0000
[train-ddpm] ep6 step29540 masked_mse_eps=0.2247 mask_only=0.2315 mask_area_fraction=0.6202
[train-ddpm] ep6 step29560 masked_mse_eps=0.0841 mask_only=0.0868 mask_area_fraction=0.5839
[train-ddpm] ep6 step29580 masked_mse_eps=0.0055 mask_only=0.0055 mask_area_fraction=1.0000
[train-ddpm] ep6 step29600 masked_mse_eps=0.1256 mask_only=0.1256 mask_area_fraction=1.0000
[train-ddpm] ep6 step29620 masked_mse_eps=0.0405 mask_only=0.0405 mask_area_fraction=1.0000
[train-ddpm] ep6 step29640 masked_mse_eps=0.0180 mask_only=0.0180 mask_area_fraction=1.0000
[train-ddpm] ep6 step29660 masked_mse_eps=0.5753 mask_only=0.5753 mask_area_fraction=1.0000
[train-ddpm] ep6 step29680 masked_mse_eps=0.0726 mask_only=0.0726 mask_area_fraction=1.0000
[train-ddpm] ep6 step29700 masked_mse_eps=0.0228 mask_only=0.0228 mask_area_fraction=1.0000
[train-ddpm] ep6 step29720 masked_mse_eps=0.0275 mask_only=0.0275 mask_area_fraction=1.0000
[train-ddpm] ep6 step29740 masked_mse_eps=0.0462 mask_only=0.0479 mask_area_fraction=0.5649
[train-ddpm] ep6 step29760 masked_mse_eps=0.1100 mask_only=0.1100 mask_area_fraction=1.0000
[train-ddpm] ep6 step29780 masked_mse_eps=0.0589 mask_only=0.0589 mask_area_fraction=1.0000
[train-ddpm] ep6 step29800 masked_mse_eps=0.3177 mask_only=0.3177 mask_area_fraction=1.0000
[train-ddpm] ep6 step29820 masked_mse_eps=0.0131 mask_only=0.0135 mask_area_fraction=0.5711
[train-ddpm] ep6 step29840 masked_mse_eps=0.0145 mask_only=0.0145 mask_area_fraction=1.0000
[train-ddpm] ep6 step29860 masked_mse_eps=0.0396 mask_only=0.0396 mask_area_fraction=1.0000
[train-ddpm] ep6 step29880 masked_mse_eps=0.0123 mask_only=0.0127 mask_area_fraction=0.5488
[train-ddpm] ep6 step29900 masked_mse_eps=0.0819 mask_only=0.0835 mask_area_fraction=0.5850
[train-ddpm] ep6 step29920 masked_mse_eps=0.1000 mask_only=0.1000 mask_area_fraction=1.0000
[train-ddpm] ep6 step29940 masked_mse_eps=0.0410 mask_only=0.0410 mask_area_fraction=1.0000
[train-ddpm] ep6 step29960 masked_mse_eps=0.0615 mask_only=0.0630 mask_area_fraction=0.5569
[train-ddpm] ep6 step29980 masked_mse_eps=0.0234 mask_only=0.0234 mask_area_fraction=1.0000
[train-ddpm] ep6 step30000 masked_mse_eps=0.0115 mask_only=0.0115 mask_area_fraction=1.0000
[train-ddpm] ep6 step30020 masked_mse_eps=0.0073 mask_only=0.0073 mask_area_fraction=1.0000
[train-ddpm] ep6 step30040 masked_mse_eps=0.0389 mask_only=0.0389 mask_area_fraction=1.0000
[train-ddpm] ep6 step30060 masked_mse_eps=0.0392 mask_only=0.0403 mask_area_fraction=0.5961
[train-ddpm] ep6 step30080 masked_mse_eps=0.1245 mask_only=0.1245 mask_area_fraction=1.0000
[train-ddpm] ep6 step30100 masked_mse_eps=0.0086 mask_only=0.0086 mask_area_fraction=1.0000
[train-ddpm] ep6 step30120 masked_mse_eps=0.0566 mask_only=0.0566 mask_area_fraction=1.0000
[train-ddpm] ep6 step30140 masked_mse_eps=0.0031 mask_only=0.0032 mask_area_fraction=0.5384
[train-ddpm] ep6 step30160 masked_mse_eps=0.0133 mask_only=0.0133 mask_area_fraction=1.0000
[train-ddpm] ep6 step30180 masked_mse_eps=0.3854 mask_only=0.3854 mask_area_fraction=1.0000
[train-ddpm] ep6 step30200 masked_mse_eps=0.0968 mask_only=0.0968 mask_area_fraction=1.0000
[train-ddpm] ep6 step30220 masked_mse_eps=0.0473 mask_only=0.0473 mask_area_fraction=1.0000
[train-ddpm] ep6 step30240 masked_mse_eps=0.0266 mask_only=0.0266 mask_area_fraction=1.0000
[train-ddpm] ep6 step30260 masked_mse_eps=0.1907 mask_only=0.1907 mask_area_fraction=1.0000
[train-ddpm] ep6 step30280 masked_mse_eps=0.0714 mask_only=0.0714 mask_area_fraction=1.0000
[train-ddpm] ep6 step30300 masked_mse_eps=0.0138 mask_only=0.0138 mask_area_fraction=1.0000
[train-ddpm] ep6 step30320 masked_mse_eps=0.0037 mask_only=0.0037 mask_area_fraction=0.5413
[train-ddpm] ep6 step30340 masked_mse_eps=0.1124 mask_only=0.1124 mask_area_fraction=1.0000
[train-ddpm] ep6 step30360 masked_mse_eps=0.1222 mask_only=0.1222 mask_area_fraction=1.0000
[train-ddpm] ep6 step30380 masked_mse_eps=0.0211 mask_only=0.0211 mask_area_fraction=1.0000
[train-ddpm] ep6 step30400 masked_mse_eps=0.0837 mask_only=0.1015 mask_area_fraction=0.1573
[train-ddpm] ep6 step30420 masked_mse_eps=0.1996 mask_only=0.1996 mask_area_fraction=1.0000
[train-ddpm] ep6 step30440 masked_mse_eps=0.1339 mask_only=0.1339 mask_area_fraction=1.0000
[train-ddpm] ep6 step30460 masked_mse_eps=0.0120 mask_only=0.0120 mask_area_fraction=1.0000
[train-ddpm] ep6 step30480 masked_mse_eps=0.1259 mask_only=0.1259 mask_area_fraction=1.0000
[train-ddpm] ep6 step30500 masked_mse_eps=0.0193 mask_only=0.0193 mask_area_fraction=1.0000
[train-ddpm] ep6 step30520 masked_mse_eps=0.0043 mask_only=0.0043 mask_area_fraction=1.0000
[train-ddpm] ep6 step30540 masked_mse_eps=0.0383 mask_only=0.0383 mask_area_fraction=1.0000
[train-ddpm] ep6 step30560 masked_mse_eps=0.0500 mask_only=0.0500 mask_area_fraction=1.0000
[train-ddpm] ep6 step30580 masked_mse_eps=0.0345 mask_only=0.0345 mask_area_fraction=1.0000
[train-ddpm] ep6 step30600 masked_mse_eps=0.0246 mask_only=0.0246 mask_area_fraction=1.0000
[train-ddpm] ep6 step30620 masked_mse_eps=0.0269 mask_only=0.0269 mask_area_fraction=1.0000
[train-ddpm] ep6 step30640 masked_mse_eps=0.2961 mask_only=0.2961 mask_area_fraction=1.0000
[train-ddpm] ep6 step30660 masked_mse_eps=0.0053 mask_only=0.0053 mask_area_fraction=1.0000
[train-ddpm] ep6 step30680 masked_mse_eps=0.0055 mask_only=0.0055 mask_area_fraction=1.0000
[train-ddpm] ep6 step30700 masked_mse_eps=0.0090 mask_only=0.0091 mask_area_fraction=0.5402
[train-ddpm] ep6 step30720 masked_mse_eps=0.1449 mask_only=0.1504 mask_area_fraction=0.5364
[train-ddpm] ep6 step30740 masked_mse_eps=0.0201 mask_only=0.0206 mask_area_fraction=0.5881
[train-ddpm] ep6 step30760 masked_mse_eps=0.1101 mask_only=0.1101 mask_area_fraction=1.0000
[train-ddpm] ep6 step30780 masked_mse_eps=0.2174 mask_only=0.2174 mask_area_fraction=1.0000
[train-ddpm] ep6 step30800 masked_mse_eps=0.0383 mask_only=0.0383 mask_area_fraction=1.0000
[train-ddpm] ep6 step30820 masked_mse_eps=0.0214 mask_only=0.0214 mask_area_fraction=1.0000
[train-ddpm] ep6 step30840 masked_mse_eps=0.0199 mask_only=0.0199 mask_area_fraction=1.0000
[train-ddpm] ep6 step30860 masked_mse_eps=0.1863 mask_only=0.1863 mask_area_fraction=1.0000
[train-ddpm] ep6 step30880 masked_mse_eps=0.1242 mask_only=0.1269 mask_area_fraction=0.6101
[train-ddpm] ep6 step30900 masked_mse_eps=0.0238 mask_only=0.0238 mask_area_fraction=1.0000
[train-ddpm] ep6 step30920 masked_mse_eps=0.2313 mask_only=0.2313 mask_area_fraction=1.0000
[train-ddpm] ep6 step30940 masked_mse_eps=0.0618 mask_only=0.0618 mask_area_fraction=1.0000
[train-ddpm] ep6 step30960 masked_mse_eps=0.0369 mask_only=0.0369 mask_area_fraction=1.0000
[train-ddpm] ep6 step30980 masked_mse_eps=0.0141 mask_only=0.0141 mask_area_fraction=1.0000
[train-ddpm] ep6 step31000 masked_mse_eps=0.0671 mask_only=0.0695 mask_area_fraction=0.5742
[train-ddpm] ep6 step31020 masked_mse_eps=0.0388 mask_only=0.0388 mask_area_fraction=1.0000
[train-ddpm] ep6 step31040 masked_mse_eps=0.0143 mask_only=0.0143 mask_area_fraction=1.0000
[train-ddpm] ep6 step31060 masked_mse_eps=0.2740 mask_only=0.2740 mask_area_fraction=1.0000
[train-ddpm] ep6 step31080 masked_mse_eps=0.0396 mask_only=0.0396 mask_area_fraction=1.0000
[train-ddpm] ep6 step31100 masked_mse_eps=0.0115 mask_only=0.0115 mask_area_fraction=1.0000
[train-ddpm] ep6 step31120 masked_mse_eps=0.0158 mask_only=0.0158 mask_area_fraction=1.0000
[train-ddpm] ep6 step31140 masked_mse_eps=0.0403 mask_only=0.0408 mask_area_fraction=0.5787
[train-ddpm] ep6 step31160 masked_mse_eps=0.0679 mask_only=0.0679 mask_area_fraction=1.0000
[train-ddpm] ep6 step31180 masked_mse_eps=0.1415 mask_only=0.1415 mask_area_fraction=1.0000
[train-ddpm] ep6 step31200 masked_mse_eps=0.0775 mask_only=0.0775 mask_area_fraction=1.0000
[train-ddpm] ep6 step31220 masked_mse_eps=0.0546 mask_only=0.0546 mask_area_fraction=1.0000
[train-ddpm] ep6 step31240 masked_mse_eps=0.0943 mask_only=0.0943 mask_area_fraction=1.0000
[train-ddpm] ep6 step31260 masked_mse_eps=0.0574 mask_only=0.0596 mask_area_fraction=0.5272
[train-ddpm] ep6 step31280 masked_mse_eps=0.2088 mask_only=0.2088 mask_area_fraction=1.0000
[train-ddpm] ep6 step31300 masked_mse_eps=0.0195 mask_only=0.0195 mask_area_fraction=1.0000
[train-ddpm] ep6 step31320 masked_mse_eps=0.0062 mask_only=0.0063 mask_area_fraction=0.5841
[train-ddpm] ep6 step31340 masked_mse_eps=0.0455 mask_only=0.0455 mask_area_fraction=1.0000
[train-ddpm] ep6 step31360 masked_mse_eps=0.1694 mask_only=0.1694 mask_area_fraction=1.0000
[train-ddpm] ep6 step31380 masked_mse_eps=0.0987 mask_only=0.1013 mask_area_fraction=0.6458
[train-ddpm] ep6 step31400 masked_mse_eps=0.0371 mask_only=0.0371 mask_area_fraction=1.0000
[train-ddpm] ep6 step31420 masked_mse_eps=0.0345 mask_only=0.0345 mask_area_fraction=1.0000
[train-ddpm] ep6 step31440 masked_mse_eps=0.0119 mask_only=0.0122 mask_area_fraction=0.5756
[train-ddpm] ep6 step31460 masked_mse_eps=0.0036 mask_only=0.0036 mask_area_fraction=1.0000
[train-ddpm] ep6 step31480 masked_mse_eps=0.0301 mask_only=0.0301 mask_area_fraction=1.0000
[val-ddpm] ep6 loss=0.0831  mask_only_loss=0.0836  x0_l1=0.9659  final_from_x0_psnr=34.43dB  mask_area_fraction=0.9144  outside_mask_max_diff=0.00000000
[train-ddpm] saved epoch sample grid (sampling took 1.4s)
[val-ddpm] new best loss=0.0831
[train-ddpm] ep7 step31500 masked_mse_eps=0.2452 mask_only=0.2452 mask_area_fraction=1.0000
[train-ddpm] ep7 step31520 masked_mse_eps=0.1508 mask_only=0.1562 mask_area_fraction=0.5778
[train-ddpm] ep7 step31540 masked_mse_eps=0.0116 mask_only=0.0116 mask_area_fraction=1.0000
[train-ddpm] ep7 step31560 masked_mse_eps=0.0831 mask_only=0.0831 mask_area_fraction=1.0000
[train-ddpm] ep7 step31580 masked_mse_eps=0.0072 mask_only=0.0072 mask_area_fraction=1.0000
[train-ddpm] ep7 step31600 masked_mse_eps=0.0122 mask_only=0.0122 mask_area_fraction=1.0000
[train-ddpm] ep7 step31620 masked_mse_eps=0.0228 mask_only=0.0228 mask_area_fraction=1.0000
[train-ddpm] ep7 step31640 masked_mse_eps=0.0116 mask_only=0.0116 mask_area_fraction=1.0000
[train-ddpm] ep7 step31660 masked_mse_eps=0.1548 mask_only=0.1578 mask_area_fraction=0.5552
[train-ddpm] ep7 step31680 masked_mse_eps=0.0597 mask_only=0.0597 mask_area_fraction=1.0000
[train-ddpm] ep7 step31700 masked_mse_eps=0.2038 mask_only=0.2038 mask_area_fraction=1.0000
[train-ddpm] ep7 step31720 masked_mse_eps=0.0080 mask_only=0.0080 mask_area_fraction=1.0000
[train-ddpm] ep7 step31740 masked_mse_eps=0.1670 mask_only=0.1735 mask_area_fraction=0.5583
[train-ddpm] ep7 step31760 masked_mse_eps=0.2662 mask_only=0.2662 mask_area_fraction=1.0000
[train-ddpm] ep7 step31780 masked_mse_eps=0.0724 mask_only=0.0724 mask_area_fraction=1.0000
[train-ddpm] ep7 step31800 masked_mse_eps=0.2565 mask_only=0.2675 mask_area_fraction=0.5311
[train-ddpm] ep7 step31820 masked_mse_eps=0.0167 mask_only=0.0171 mask_area_fraction=0.5507
[train-ddpm] ep7 step31840 masked_mse_eps=0.0124 mask_only=0.0124 mask_area_fraction=1.0000
[train-ddpm] ep7 step31860 masked_mse_eps=0.2959 mask_only=0.2959 mask_area_fraction=1.0000
[train-ddpm] ep7 step31880 masked_mse_eps=0.0104 mask_only=0.0104 mask_area_fraction=1.0000
[train-ddpm] ep7 step31900 masked_mse_eps=0.0621 mask_only=0.0621 mask_area_fraction=1.0000
[train-ddpm] ep7 step31920 masked_mse_eps=0.1134 mask_only=0.1134 mask_area_fraction=1.0000
[train-ddpm] ep7 step31940 masked_mse_eps=0.1292 mask_only=0.1292 mask_area_fraction=1.0000
[train-ddpm] ep7 step31960 masked_mse_eps=0.1025 mask_only=0.1025 mask_area_fraction=1.0000
[train-ddpm] ep7 step31980 masked_mse_eps=0.0064 mask_only=0.0064 mask_area_fraction=1.0000
[train-ddpm] ep7 step32000 masked_mse_eps=0.0812 mask_only=0.0812 mask_area_fraction=1.0000
[train-ddpm] ep7 step32020 masked_mse_eps=0.0469 mask_only=0.0484 mask_area_fraction=0.5469
[train-ddpm] ep7 step32040 masked_mse_eps=0.0176 mask_only=0.0176 mask_area_fraction=1.0000
[train-ddpm] ep7 step32060 masked_mse_eps=0.0145 mask_only=0.0145 mask_area_fraction=1.0000
[train-ddpm] ep7 step32080 masked_mse_eps=0.0641 mask_only=0.0641 mask_area_fraction=1.0000
[train-ddpm] ep7 step32100 masked_mse_eps=0.0187 mask_only=0.0187 mask_area_fraction=1.0000
[train-ddpm] ep7 step32120 masked_mse_eps=0.3254 mask_only=0.3382 mask_area_fraction=0.5564
[train-ddpm] ep7 step32140 masked_mse_eps=0.1580 mask_only=0.1580 mask_area_fraction=1.0000
[train-ddpm] ep7 step32160 masked_mse_eps=0.1499 mask_only=0.1548 mask_area_fraction=0.5604
[train-ddpm] ep7 step32180 masked_mse_eps=0.0722 mask_only=0.0722 mask_area_fraction=1.0000
[train-ddpm] ep7 step32200 masked_mse_eps=0.1584 mask_only=0.1584 mask_area_fraction=1.0000
[train-ddpm] ep7 step32220 masked_mse_eps=0.0744 mask_only=0.0744 mask_area_fraction=1.0000
[train-ddpm] ep7 step32240 masked_mse_eps=0.1049 mask_only=0.1049 mask_area_fraction=1.0000
[train-ddpm] ep7 step32260 masked_mse_eps=0.1319 mask_only=0.1319 mask_area_fraction=1.0000
[train-ddpm] ep7 step32280 masked_mse_eps=0.0399 mask_only=0.0399 mask_area_fraction=1.0000
[train-ddpm] ep7 step32300 masked_mse_eps=0.0173 mask_only=0.0173 mask_area_fraction=1.0000
[train-ddpm] ep7 step32320 masked_mse_eps=0.0056 mask_only=0.0057 mask_area_fraction=0.5736
[train-ddpm] ep7 step32340 masked_mse_eps=0.0067 mask_only=0.0069 mask_area_fraction=0.5713
[train-ddpm] ep7 step32360 masked_mse_eps=0.1158 mask_only=0.1158 mask_area_fraction=1.0000
[train-ddpm] ep7 step32380 masked_mse_eps=0.0193 mask_only=0.0193 mask_area_fraction=1.0000
[train-ddpm] ep7 step32400 masked_mse_eps=0.1148 mask_only=0.1148 mask_area_fraction=1.0000
[train-ddpm] ep7 step32420 masked_mse_eps=0.0960 mask_only=0.0960 mask_area_fraction=1.0000
[train-ddpm] ep7 step32440 masked_mse_eps=0.2757 mask_only=0.2757 mask_area_fraction=1.0000
[train-ddpm] ep7 step32460 masked_mse_eps=0.0868 mask_only=0.0868 mask_area_fraction=1.0000
[train-ddpm] ep7 step32480 masked_mse_eps=0.0606 mask_only=0.0606 mask_area_fraction=1.0000
[train-ddpm] ep7 step32500 masked_mse_eps=0.0501 mask_only=0.0501 mask_area_fraction=1.0000
[train-ddpm] ep7 step32520 masked_mse_eps=0.0083 mask_only=0.0083 mask_area_fraction=1.0000
[train-ddpm] ep7 step32540 masked_mse_eps=0.0599 mask_only=0.0599 mask_area_fraction=1.0000
[train-ddpm] ep7 step32560 masked_mse_eps=0.0942 mask_only=0.0942 mask_area_fraction=1.0000
[train-ddpm] ep7 step32580 masked_mse_eps=0.0455 mask_only=0.0455 mask_area_fraction=1.0000
[train-ddpm] ep7 step32600 masked_mse_eps=0.0161 mask_only=0.0164 mask_area_fraction=0.5391
[train-ddpm] ep7 step32620 masked_mse_eps=0.0711 mask_only=0.0711 mask_area_fraction=1.0000
[train-ddpm] ep7 step32640 masked_mse_eps=0.3018 mask_only=0.3599 mask_area_fraction=0.1389
[train-ddpm] ep7 step32660 masked_mse_eps=0.0596 mask_only=0.0596 mask_area_fraction=1.0000
[train-ddpm] ep7 step32680 masked_mse_eps=0.1650 mask_only=0.1650 mask_area_fraction=1.0000
[train-ddpm] ep7 step32700 masked_mse_eps=0.2005 mask_only=0.2005 mask_area_fraction=1.0000
[train-ddpm] ep7 step32720 masked_mse_eps=0.0574 mask_only=0.0574 mask_area_fraction=1.0000
[train-ddpm] ep7 step32740 masked_mse_eps=0.1097 mask_only=0.1097 mask_area_fraction=1.0000
[train-ddpm] ep7 step32760 masked_mse_eps=0.0923 mask_only=0.0955 mask_area_fraction=0.5882
[train-ddpm] ep7 step32780 masked_mse_eps=0.0099 mask_only=0.0099 mask_area_fraction=1.0000
[train-ddpm] ep7 step32800 masked_mse_eps=0.0213 mask_only=0.0213 mask_area_fraction=1.0000
[train-ddpm] ep7 step32820 masked_mse_eps=0.0995 mask_only=0.0995 mask_area_fraction=1.0000
[train-ddpm] ep7 step32840 masked_mse_eps=0.0627 mask_only=0.0627 mask_area_fraction=1.0000
[train-ddpm] ep7 step32860 masked_mse_eps=0.0748 mask_only=0.0773 mask_area_fraction=0.5792
[train-ddpm] ep7 step32880 masked_mse_eps=0.2379 mask_only=0.2467 mask_area_fraction=0.5660
[train-ddpm] ep7 step32900 masked_mse_eps=0.0921 mask_only=0.0921 mask_area_fraction=1.0000
[train-ddpm] ep7 step32920 masked_mse_eps=0.0608 mask_only=0.0632 mask_area_fraction=0.5346
[train-ddpm] ep7 step32940 masked_mse_eps=0.1189 mask_only=0.1239 mask_area_fraction=0.5275
[train-ddpm] ep7 step32960 masked_mse_eps=0.1087 mask_only=0.1087 mask_area_fraction=1.0000
[train-ddpm] ep7 step32980 masked_mse_eps=0.2900 mask_only=0.3010 mask_area_fraction=0.5648
[train-ddpm] ep7 step33000 masked_mse_eps=0.0185 mask_only=0.0185 mask_area_fraction=1.0000
[train-ddpm] ep7 step33020 masked_mse_eps=0.1013 mask_only=0.1013 mask_area_fraction=1.0000
[train-ddpm] ep7 step33040 masked_mse_eps=0.2522 mask_only=0.2522 mask_area_fraction=1.0000
[train-ddpm] ep7 step33060 masked_mse_eps=0.1144 mask_only=0.1144 mask_area_fraction=1.0000
[train-ddpm] ep7 step33080 masked_mse_eps=0.4489 mask_only=0.4690 mask_area_fraction=0.5239
[train-ddpm] ep7 step33100 masked_mse_eps=0.0297 mask_only=0.0297 mask_area_fraction=1.0000
[train-ddpm] ep7 step33120 masked_mse_eps=0.0029 mask_only=0.0029 mask_area_fraction=1.0000
[train-ddpm] ep7 step33140 masked_mse_eps=0.0386 mask_only=0.0386 mask_area_fraction=1.0000
[train-ddpm] ep7 step33160 masked_mse_eps=0.0328 mask_only=0.0398 mask_area_fraction=0.1574
[train-ddpm] ep7 step33180 masked_mse_eps=0.0936 mask_only=0.0975 mask_area_fraction=0.5312
[train-ddpm] ep7 step33200 masked_mse_eps=0.0241 mask_only=0.0241 mask_area_fraction=1.0000
[train-ddpm] ep7 step33220 masked_mse_eps=0.0151 mask_only=0.0151 mask_area_fraction=1.0000
[train-ddpm] ep7 step33240 masked_mse_eps=0.0213 mask_only=0.0269 mask_area_fraction=0.1275
[train-ddpm] ep7 step33260 masked_mse_eps=0.0979 mask_only=0.1017 mask_area_fraction=0.5510
[train-ddpm] ep7 step33280 masked_mse_eps=0.0071 mask_only=0.0071 mask_area_fraction=1.0000
[train-ddpm] ep7 step33300 masked_mse_eps=0.0532 mask_only=0.0532 mask_area_fraction=1.0000
[train-ddpm] ep7 step33320 masked_mse_eps=0.1535 mask_only=0.1535 mask_area_fraction=1.0000
[train-ddpm] ep7 step33340 masked_mse_eps=0.0471 mask_only=0.0488 mask_area_fraction=0.5191
[train-ddpm] ep7 step33360 masked_mse_eps=0.0310 mask_only=0.0310 mask_area_fraction=1.0000
[train-ddpm] ep7 step33380 masked_mse_eps=0.0264 mask_only=0.0274 mask_area_fraction=0.5260
[train-ddpm] ep7 step33400 masked_mse_eps=0.1112 mask_only=0.1112 mask_area_fraction=1.0000
[train-ddpm] ep7 step33420 masked_mse_eps=0.0243 mask_only=0.0243 mask_area_fraction=1.0000
[train-ddpm] ep7 step33440 masked_mse_eps=0.0728 mask_only=0.0728 mask_area_fraction=1.0000
[train-ddpm] ep7 step33460 masked_mse_eps=0.0294 mask_only=0.0302 mask_area_fraction=0.5910
[train-ddpm] ep7 step33480 masked_mse_eps=0.0691 mask_only=0.0691 mask_area_fraction=1.0000
[train-ddpm] ep7 step33500 masked_mse_eps=0.0026 mask_only=0.0026 mask_area_fraction=1.0000
[train-ddpm] ep7 step33520 masked_mse_eps=0.0855 mask_only=0.0891 mask_area_fraction=0.5312
[train-ddpm] ep7 step33540 masked_mse_eps=0.1088 mask_only=0.1088 mask_area_fraction=1.0000
[train-ddpm] ep7 step33560 masked_mse_eps=0.0221 mask_only=0.0221 mask_area_fraction=1.0000
[train-ddpm] ep7 step33580 masked_mse_eps=0.0180 mask_only=0.0185 mask_area_fraction=0.5874
[train-ddpm] ep7 step33600 masked_mse_eps=0.0371 mask_only=0.0371 mask_area_fraction=1.0000
[train-ddpm] ep7 step33620 masked_mse_eps=0.1728 mask_only=0.1728 mask_area_fraction=1.0000
[train-ddpm] ep7 step33640 masked_mse_eps=0.0423 mask_only=0.0423 mask_area_fraction=1.0000
[train-ddpm] ep7 step33660 masked_mse_eps=0.2021 mask_only=0.2021 mask_area_fraction=1.0000
[train-ddpm] ep7 step33680 masked_mse_eps=0.0187 mask_only=0.0187 mask_area_fraction=1.0000
[train-ddpm] ep7 step33700 masked_mse_eps=0.0949 mask_only=0.0949 mask_area_fraction=1.0000
[train-ddpm] ep7 step33720 masked_mse_eps=0.3659 mask_only=0.3659 mask_area_fraction=1.0000
[train-ddpm] ep7 step33740 masked_mse_eps=0.0079 mask_only=0.0079 mask_area_fraction=1.0000
[train-ddpm] ep7 step33760 masked_mse_eps=0.0540 mask_only=0.0540 mask_area_fraction=1.0000
[train-ddpm] ep7 step33780 masked_mse_eps=0.0672 mask_only=0.0697 mask_area_fraction=0.5366
[train-ddpm] ep7 step33800 masked_mse_eps=0.0192 mask_only=0.0192 mask_area_fraction=1.0000
[train-ddpm] ep7 step33820 masked_mse_eps=0.1084 mask_only=0.1084 mask_area_fraction=1.0000
[train-ddpm] ep7 step33840 masked_mse_eps=0.0177 mask_only=0.0177 mask_area_fraction=1.0000
[train-ddpm] ep7 step33860 masked_mse_eps=0.0302 mask_only=0.0302 mask_area_fraction=1.0000
[train-ddpm] ep7 step33880 masked_mse_eps=0.0134 mask_only=0.0172 mask_area_fraction=0.1237
[train-ddpm] ep7 step33900 masked_mse_eps=0.1317 mask_only=0.1374 mask_area_fraction=0.5276
[train-ddpm] ep7 step33920 masked_mse_eps=0.0149 mask_only=0.0149 mask_area_fraction=1.0000
[train-ddpm] ep7 step33940 masked_mse_eps=0.0423 mask_only=0.0423 mask_area_fraction=1.0000
[train-ddpm] ep7 step33960 masked_mse_eps=0.0464 mask_only=0.0464 mask_area_fraction=1.0000
[train-ddpm] ep7 step33980 masked_mse_eps=0.0195 mask_only=0.0195 mask_area_fraction=1.0000
[train-ddpm] ep7 step34000 masked_mse_eps=0.1354 mask_only=0.1354 mask_area_fraction=1.0000
[train-ddpm] ep7 step34020 masked_mse_eps=0.2572 mask_only=0.2572 mask_area_fraction=1.0000
[train-ddpm] ep7 step34040 masked_mse_eps=0.0198 mask_only=0.0203 mask_area_fraction=0.5731
[train-ddpm] ep7 step34060 masked_mse_eps=0.0587 mask_only=0.0587 mask_area_fraction=1.0000
[train-ddpm] ep7 step34080 masked_mse_eps=0.0197 mask_only=0.0197 mask_area_fraction=1.0000
[train-ddpm] ep7 step34100 masked_mse_eps=0.0947 mask_only=0.0990 mask_area_fraction=0.5147
[train-ddpm] ep7 step34120 masked_mse_eps=0.0292 mask_only=0.0292 mask_area_fraction=1.0000
[train-ddpm] ep7 step34140 masked_mse_eps=0.0726 mask_only=0.0726 mask_area_fraction=1.0000
[train-ddpm] ep7 step34160 masked_mse_eps=0.0149 mask_only=0.0149 mask_area_fraction=1.0000
[train-ddpm] ep7 step34180 masked_mse_eps=0.1807 mask_only=0.1807 mask_area_fraction=1.0000
[train-ddpm] ep7 step34200 masked_mse_eps=0.0312 mask_only=0.0312 mask_area_fraction=1.0000
[train-ddpm] ep7 step34220 masked_mse_eps=0.0132 mask_only=0.0132 mask_area_fraction=1.0000
[train-ddpm] ep7 step34240 masked_mse_eps=0.0372 mask_only=0.0372 mask_area_fraction=1.0000
[train-ddpm] ep7 step34260 masked_mse_eps=0.1039 mask_only=0.1039 mask_area_fraction=1.0000
[train-ddpm] ep7 step34280 masked_mse_eps=0.0990 mask_only=0.0990 mask_area_fraction=1.0000
[train-ddpm] ep7 step34300 masked_mse_eps=0.0929 mask_only=0.0953 mask_area_fraction=0.6225
[train-ddpm] ep7 step34320 masked_mse_eps=0.0742 mask_only=0.0742 mask_area_fraction=1.0000
[train-ddpm] ep7 step34340 masked_mse_eps=0.2739 mask_only=0.2739 mask_area_fraction=1.0000
[train-ddpm] ep7 step34360 masked_mse_eps=0.0743 mask_only=0.0743 mask_area_fraction=1.0000
[train-ddpm] ep7 step34380 masked_mse_eps=0.1012 mask_only=0.1012 mask_area_fraction=1.0000
[train-ddpm] ep7 step34400 masked_mse_eps=0.0933 mask_only=0.0969 mask_area_fraction=0.5589
[train-ddpm] ep7 step34420 masked_mse_eps=0.0876 mask_only=0.0876 mask_area_fraction=1.0000
[train-ddpm] ep7 step34440 masked_mse_eps=0.0270 mask_only=0.0277 mask_area_fraction=0.6032
[train-ddpm] ep7 step34460 masked_mse_eps=0.1404 mask_only=0.1404 mask_area_fraction=1.0000
[train-ddpm] ep7 step34480 masked_mse_eps=0.0322 mask_only=0.0322 mask_area_fraction=1.0000
[train-ddpm] ep7 step34500 masked_mse_eps=0.0257 mask_only=0.0257 mask_area_fraction=1.0000
[train-ddpm] ep7 step34520 masked_mse_eps=0.0226 mask_only=0.0226 mask_area_fraction=1.0000
[train-ddpm] ep7 step34540 masked_mse_eps=0.0155 mask_only=0.0155 mask_area_fraction=1.0000
[train-ddpm] ep7 step34560 masked_mse_eps=0.0933 mask_only=0.0938 mask_area_fraction=0.5958
[train-ddpm] ep7 step34580 masked_mse_eps=0.0536 mask_only=0.0536 mask_area_fraction=1.0000
[train-ddpm] ep7 step34600 masked_mse_eps=0.5223 mask_only=0.5223 mask_area_fraction=1.0000
[train-ddpm] ep7 step34620 masked_mse_eps=0.3522 mask_only=0.3522 mask_area_fraction=1.0000
[train-ddpm] ep7 step34640 masked_mse_eps=0.0213 mask_only=0.0221 mask_area_fraction=0.5521
[train-ddpm] ep7 step34660 masked_mse_eps=0.0741 mask_only=0.0741 mask_area_fraction=1.0000
[train-ddpm] ep7 step34680 masked_mse_eps=0.3326 mask_only=0.3326 mask_area_fraction=1.0000
[train-ddpm] ep7 step34700 masked_mse_eps=0.0575 mask_only=0.0575 mask_area_fraction=1.0000
[train-ddpm] ep7 step34720 masked_mse_eps=0.0139 mask_only=0.0139 mask_area_fraction=1.0000
[train-ddpm] ep7 step34740 masked_mse_eps=0.1296 mask_only=0.1296 mask_area_fraction=1.0000
[train-ddpm] ep7 step34760 masked_mse_eps=0.0605 mask_only=0.0605 mask_area_fraction=1.0000
[train-ddpm] ep7 step34780 masked_mse_eps=0.0325 mask_only=0.0325 mask_area_fraction=1.0000
[train-ddpm] ep7 step34800 masked_mse_eps=0.0223 mask_only=0.0223 mask_area_fraction=1.0000
[train-ddpm] ep7 step34820 masked_mse_eps=0.0250 mask_only=0.0260 mask_area_fraction=0.5311
[train-ddpm] ep7 step34840 masked_mse_eps=0.0027 mask_only=0.0027 mask_area_fraction=1.0000
[train-ddpm] ep7 step34860 masked_mse_eps=0.0762 mask_only=0.0762 mask_area_fraction=1.0000
[train-ddpm] ep7 step34880 masked_mse_eps=0.0334 mask_only=0.0334 mask_area_fraction=1.0000
[train-ddpm] ep7 step34900 masked_mse_eps=0.0236 mask_only=0.0236 mask_area_fraction=1.0000
[train-ddpm] ep7 step34920 masked_mse_eps=0.0117 mask_only=0.0117 mask_area_fraction=1.0000
[train-ddpm] ep7 step34940 masked_mse_eps=0.0271 mask_only=0.0271 mask_area_fraction=1.0000
[train-ddpm] ep7 step34960 masked_mse_eps=0.1225 mask_only=0.1225 mask_area_fraction=1.0000
[train-ddpm] ep7 step34980 masked_mse_eps=0.1323 mask_only=0.1323 mask_area_fraction=1.0000
[train-ddpm] ep7 step35000 masked_mse_eps=0.1349 mask_only=0.1349 mask_area_fraction=1.0000
[train-ddpm] ep7 step35020 masked_mse_eps=0.0202 mask_only=0.0202 mask_area_fraction=1.0000
[train-ddpm] ep7 step35040 masked_mse_eps=0.0529 mask_only=0.0529 mask_area_fraction=1.0000
[train-ddpm] ep7 step35060 masked_mse_eps=0.1188 mask_only=0.1188 mask_area_fraction=1.0000
[train-ddpm] ep7 step35080 masked_mse_eps=0.0161 mask_only=0.0135 mask_area_fraction=0.5176
[train-ddpm] ep7 step35100 masked_mse_eps=0.0672 mask_only=0.0672 mask_area_fraction=1.0000
[train-ddpm] ep7 step35120 masked_mse_eps=0.1511 mask_only=0.1511 mask_area_fraction=1.0000
[train-ddpm] ep7 step35140 masked_mse_eps=0.0198 mask_only=0.0198 mask_area_fraction=1.0000
[train-ddpm] ep7 step35160 masked_mse_eps=0.3708 mask_only=0.3862 mask_area_fraction=0.5206
[train-ddpm] ep7 step35180 masked_mse_eps=0.0308 mask_only=0.0308 mask_area_fraction=1.0000
[train-ddpm] ep7 step35200 masked_mse_eps=0.1530 mask_only=0.1530 mask_area_fraction=1.0000
[train-ddpm] ep7 step35220 masked_mse_eps=0.0177 mask_only=0.0246 mask_area_fraction=0.0956
[train-ddpm] ep7 step35240 masked_mse_eps=0.0405 mask_only=0.0405 mask_area_fraction=1.0000
[train-ddpm] ep7 step35260 masked_mse_eps=0.0509 mask_only=0.0528 mask_area_fraction=0.5293
[train-ddpm] ep7 step35280 masked_mse_eps=0.0418 mask_only=0.0418 mask_area_fraction=1.0000
[train-ddpm] ep7 step35300 masked_mse_eps=0.0447 mask_only=0.0447 mask_area_fraction=1.0000
[train-ddpm] ep7 step35320 masked_mse_eps=0.0571 mask_only=0.0571 mask_area_fraction=1.0000
[train-ddpm] ep7 step35340 masked_mse_eps=0.0250 mask_only=0.0250 mask_area_fraction=1.0000
[train-ddpm] ep7 step35360 masked_mse_eps=0.0026 mask_only=0.0026 mask_area_fraction=0.5642
[train-ddpm] ep7 step35380 masked_mse_eps=0.3014 mask_only=0.3014 mask_area_fraction=1.0000
[train-ddpm] ep7 step35400 masked_mse_eps=0.0130 mask_only=0.0130 mask_area_fraction=1.0000
[train-ddpm] ep7 step35420 masked_mse_eps=0.0166 mask_only=0.0167 mask_area_fraction=0.5439
[train-ddpm] ep7 step35440 masked_mse_eps=0.0149 mask_only=0.0149 mask_area_fraction=1.0000
[train-ddpm] ep7 step35460 masked_mse_eps=0.1258 mask_only=0.1258 mask_area_fraction=1.0000
[train-ddpm] ep7 step35480 masked_mse_eps=0.0215 mask_only=0.0215 mask_area_fraction=1.0000
[train-ddpm] ep7 step35500 masked_mse_eps=0.0574 mask_only=0.0574 mask_area_fraction=1.0000
[train-ddpm] ep7 step35520 masked_mse_eps=0.0832 mask_only=0.0832 mask_area_fraction=1.0000
[train-ddpm] ep7 step35540 masked_mse_eps=0.2951 mask_only=0.2951 mask_area_fraction=1.0000
[train-ddpm] ep7 step35560 masked_mse_eps=0.0486 mask_only=0.0502 mask_area_fraction=0.5687
[train-ddpm] ep7 step35580 masked_mse_eps=0.2013 mask_only=0.2013 mask_area_fraction=1.0000
[train-ddpm] ep7 step35600 masked_mse_eps=0.1762 mask_only=0.2393 mask_area_fraction=0.0911
[train-ddpm] ep7 step35620 masked_mse_eps=0.1527 mask_only=0.1527 mask_area_fraction=1.0000
[train-ddpm] ep7 step35640 masked_mse_eps=0.0037 mask_only=0.0038 mask_area_fraction=0.5900
[train-ddpm] ep7 step35660 masked_mse_eps=0.0290 mask_only=0.0290 mask_area_fraction=1.0000
[train-ddpm] ep7 step35680 masked_mse_eps=0.0195 mask_only=0.0201 mask_area_fraction=0.5312
[train-ddpm] ep7 step35700 masked_mse_eps=0.0342 mask_only=0.0342 mask_area_fraction=1.0000
[train-ddpm] ep7 step35720 masked_mse_eps=0.1029 mask_only=0.1029 mask_area_fraction=1.0000
[train-ddpm] ep7 step35740 masked_mse_eps=0.0314 mask_only=0.0314 mask_area_fraction=1.0000
[train-ddpm] ep7 step35760 masked_mse_eps=0.0730 mask_only=0.0962 mask_area_fraction=0.0989
[train-ddpm] ep7 step35780 masked_mse_eps=0.0308 mask_only=0.0308 mask_area_fraction=1.0000
[train-ddpm] ep7 step35800 masked_mse_eps=0.0650 mask_only=0.0650 mask_area_fraction=1.0000
[train-ddpm] ep7 step35820 masked_mse_eps=0.1258 mask_only=0.1258 mask_area_fraction=1.0000
[train-ddpm] ep7 step35840 masked_mse_eps=0.0710 mask_only=0.0736 mask_area_fraction=0.5613
[train-ddpm] ep7 step35860 masked_mse_eps=0.0601 mask_only=0.0601 mask_area_fraction=1.0000
[train-ddpm] ep7 step35880 masked_mse_eps=0.0162 mask_only=0.0166 mask_area_fraction=0.5751
[train-ddpm] ep7 step35900 masked_mse_eps=0.0033 mask_only=0.0033 mask_area_fraction=0.5201
[train-ddpm] ep7 step35920 masked_mse_eps=0.1217 mask_only=0.1217 mask_area_fraction=1.0000
[train-ddpm] ep7 step35940 masked_mse_eps=0.1124 mask_only=0.1124 mask_area_fraction=1.0000
[train-ddpm] ep7 step35960 masked_mse_eps=0.1333 mask_only=0.1333 mask_area_fraction=1.0000
[train-ddpm] ep7 step35980 masked_mse_eps=0.0188 mask_only=0.0188 mask_area_fraction=1.0000
[val-ddpm] ep7 loss=0.0923  mask_only_loss=0.0932  x0_l1=2.1255  final_from_x0_psnr=34.21dB  mask_area_fraction=0.9001  outside_mask_max_diff=0.00000000
[train-ddpm] saved epoch sample grid (sampling took 1.4s)
[train-ddpm] ep8 step36000 masked_mse_eps=0.0119 mask_only=0.0119 mask_area_fraction=1.0000
[train-ddpm] ep8 step36020 masked_mse_eps=0.1444 mask_only=0.1444 mask_area_fraction=1.0000
[train-ddpm] ep8 step36040 masked_mse_eps=0.0199 mask_only=0.0199 mask_area_fraction=1.0000
[train-ddpm] ep8 step36060 masked_mse_eps=0.3145 mask_only=0.3259 mask_area_fraction=0.5789
[train-ddpm] ep8 step36080 masked_mse_eps=0.0231 mask_only=0.0231 mask_area_fraction=1.0000
[train-ddpm] ep8 step36100 masked_mse_eps=0.0273 mask_only=0.0273 mask_area_fraction=1.0000
[train-ddpm] ep8 step36120 masked_mse_eps=0.1621 mask_only=0.1621 mask_area_fraction=1.0000
[train-ddpm] ep8 step36140 masked_mse_eps=0.0122 mask_only=0.0120 mask_area_fraction=0.5325
[train-ddpm] ep8 step36160 masked_mse_eps=0.1095 mask_only=0.1095 mask_area_fraction=1.0000
[train-ddpm] ep8 step36180 masked_mse_eps=0.0528 mask_only=0.0528 mask_area_fraction=1.0000
[train-ddpm] ep8 step36200 masked_mse_eps=0.1429 mask_only=0.1480 mask_area_fraction=0.5692
[train-ddpm] ep8 step36220 masked_mse_eps=0.2187 mask_only=0.2187 mask_area_fraction=1.0000
[train-ddpm] ep8 step36240 masked_mse_eps=0.0030 mask_only=0.0030 mask_area_fraction=1.0000
[train-ddpm] ep8 step36260 masked_mse_eps=0.0350 mask_only=0.0354 mask_area_fraction=0.5859
[train-ddpm] ep8 step36280 masked_mse_eps=0.0514 mask_only=0.0514 mask_area_fraction=1.0000
[train-ddpm] ep8 step36300 masked_mse_eps=0.3970 mask_only=0.3970 mask_area_fraction=1.0000
[train-ddpm] ep8 step36320 masked_mse_eps=0.0147 mask_only=0.0147 mask_area_fraction=1.0000
[train-ddpm] ep8 step36340 masked_mse_eps=0.0846 mask_only=0.0846 mask_area_fraction=1.0000
[train-ddpm] ep8 step36360 masked_mse_eps=0.2757 mask_only=0.2757 mask_area_fraction=1.0000
[train-ddpm] ep8 step36380 masked_mse_eps=0.0643 mask_only=0.0643 mask_area_fraction=1.0000
[train-ddpm] ep8 step36400 masked_mse_eps=0.1180 mask_only=0.1180 mask_area_fraction=1.0000
[train-ddpm] ep8 step36420 masked_mse_eps=0.0218 mask_only=0.0218 mask_area_fraction=1.0000
[train-ddpm] ep8 step36440 masked_mse_eps=0.0043 mask_only=0.0043 mask_area_fraction=1.0000
[train-ddpm] ep8 step36460 masked_mse_eps=0.1279 mask_only=0.1279 mask_area_fraction=1.0000
[train-ddpm] ep8 step36480 masked_mse_eps=0.1186 mask_only=0.1186 mask_area_fraction=1.0000
[train-ddpm] ep8 step36500 masked_mse_eps=0.0666 mask_only=0.0666 mask_area_fraction=1.0000
[train-ddpm] ep8 step36520 masked_mse_eps=0.5364 mask_only=0.5550 mask_area_fraction=0.5875
[train-ddpm] ep8 step36540 masked_mse_eps=0.5224 mask_only=0.5224 mask_area_fraction=1.0000
[train-ddpm] ep8 step36560 masked_mse_eps=0.0196 mask_only=0.0202 mask_area_fraction=0.5507
[train-ddpm] ep8 step36580 masked_mse_eps=0.1366 mask_only=0.1393 mask_area_fraction=0.6142
[train-ddpm] ep8 step36600 masked_mse_eps=0.0217 mask_only=0.0217 mask_area_fraction=1.0000
[train-ddpm] ep8 step36620 masked_mse_eps=0.0185 mask_only=0.0185 mask_area_fraction=1.0000
[train-ddpm] ep8 step36640 masked_mse_eps=0.0040 mask_only=0.0041 mask_area_fraction=0.5637
[train-ddpm] ep8 step36660 masked_mse_eps=0.0157 mask_only=0.0157 mask_area_fraction=1.0000
[train-ddpm] ep8 step36680 masked_mse_eps=0.1200 mask_only=0.1200 mask_area_fraction=1.0000
[train-ddpm] ep8 step36700 masked_mse_eps=0.0133 mask_only=0.0133 mask_area_fraction=1.0000
[train-ddpm] ep8 step36720 masked_mse_eps=0.0648 mask_only=0.0675 mask_area_fraction=0.5257
[train-ddpm] ep8 step36740 masked_mse_eps=0.3174 mask_only=0.3174 mask_area_fraction=1.0000
[train-ddpm] ep8 step36760 masked_mse_eps=0.0054 mask_only=0.0055 mask_area_fraction=0.5884
[train-ddpm] ep8 step36780 masked_mse_eps=0.0415 mask_only=0.0424 mask_area_fraction=0.5554
[train-ddpm] ep8 step36800 masked_mse_eps=0.1210 mask_only=0.1210 mask_area_fraction=1.0000
[train-ddpm] ep8 step36820 masked_mse_eps=0.0370 mask_only=0.0370 mask_area_fraction=1.0000
[train-ddpm] ep8 step36840 masked_mse_eps=0.1493 mask_only=0.1493 mask_area_fraction=1.0000
[train-ddpm] ep8 step36860 masked_mse_eps=0.0205 mask_only=0.0212 mask_area_fraction=0.5298
[train-ddpm] ep8 step36880 masked_mse_eps=0.0283 mask_only=0.0283 mask_area_fraction=1.0000
[train-ddpm] ep8 step36900 masked_mse_eps=0.0619 mask_only=0.0619 mask_area_fraction=1.0000
[train-ddpm] ep8 step36920 masked_mse_eps=0.0245 mask_only=0.0245 mask_area_fraction=1.0000
[train-ddpm] ep8 step36940 masked_mse_eps=0.0090 mask_only=0.0090 mask_area_fraction=1.0000
[train-ddpm] ep8 step36960 masked_mse_eps=0.0564 mask_only=0.0564 mask_area_fraction=1.0000
[train-ddpm] ep8 step36980 masked_mse_eps=0.1180 mask_only=0.1180 mask_area_fraction=1.0000
[train-ddpm] ep8 step37000 masked_mse_eps=0.1171 mask_only=0.1171 mask_area_fraction=1.0000
[train-ddpm] ep8 step37020 masked_mse_eps=0.0156 mask_only=0.0161 mask_area_fraction=0.5260
[train-ddpm] ep8 step37040 masked_mse_eps=0.0143 mask_only=0.0147 mask_area_fraction=0.5618
[train-ddpm] ep8 step37060 masked_mse_eps=0.0457 mask_only=0.0457 mask_area_fraction=1.0000
[train-ddpm] ep8 step37080 masked_mse_eps=0.0632 mask_only=0.0652 mask_area_fraction=0.5465
[train-ddpm] ep8 step37100 masked_mse_eps=0.0076 mask_only=0.0076 mask_area_fraction=1.0000
[train-ddpm] ep8 step37120 masked_mse_eps=0.0307 mask_only=0.0307 mask_area_fraction=1.0000
[train-ddpm] ep8 step37140 masked_mse_eps=0.1486 mask_only=0.1486 mask_area_fraction=1.0000
[train-ddpm] ep8 step37160 masked_mse_eps=0.0978 mask_only=0.0912 mask_area_fraction=0.5618
[train-ddpm] ep8 step37180 masked_mse_eps=0.1541 mask_only=0.1541 mask_area_fraction=1.0000
[train-ddpm] ep8 step37200 masked_mse_eps=0.0440 mask_only=0.0440 mask_area_fraction=1.0000
[train-ddpm] ep8 step37220 masked_mse_eps=0.0073 mask_only=0.0073 mask_area_fraction=1.0000
[train-ddpm] ep8 step37240 masked_mse_eps=0.1038 mask_only=0.1043 mask_area_fraction=0.6087
[train-ddpm] ep8 step37260 masked_mse_eps=0.1197 mask_only=0.1197 mask_area_fraction=1.0000
[train-ddpm] ep8 step37280 masked_mse_eps=0.0482 mask_only=0.0482 mask_area_fraction=1.0000
[train-ddpm] ep8 step37300 masked_mse_eps=0.0182 mask_only=0.0183 mask_area_fraction=0.5769
[train-ddpm] ep8 step37320 masked_mse_eps=0.0353 mask_only=0.0353 mask_area_fraction=1.0000
[train-ddpm] ep8 step37340 masked_mse_eps=0.0057 mask_only=0.0057 mask_area_fraction=1.0000
[train-ddpm] ep8 step37360 masked_mse_eps=0.1293 mask_only=0.1293 mask_area_fraction=1.0000
[train-ddpm] ep8 step37380 masked_mse_eps=0.0544 mask_only=0.0544 mask_area_fraction=1.0000
[train-ddpm] ep8 step37400 masked_mse_eps=0.3015 mask_only=0.3015 mask_area_fraction=1.0000
[train-ddpm] ep8 step37420 masked_mse_eps=0.0525 mask_only=0.0525 mask_area_fraction=1.0000
[train-ddpm] ep8 step37440 masked_mse_eps=0.0479 mask_only=0.0479 mask_area_fraction=1.0000
[train-ddpm] ep8 step37460 masked_mse_eps=0.0406 mask_only=0.0406 mask_area_fraction=1.0000
[train-ddpm] ep8 step37480 masked_mse_eps=0.0039 mask_only=0.0039 mask_area_fraction=1.0000
[train-ddpm] ep8 step37500 masked_mse_eps=0.2878 mask_only=0.2878 mask_area_fraction=1.0000
[train-ddpm] ep8 step37520 masked_mse_eps=0.0985 mask_only=0.0985 mask_area_fraction=1.0000
[train-ddpm] ep8 step37540 masked_mse_eps=0.3789 mask_only=0.3789 mask_area_fraction=1.0000
[train-ddpm] ep8 step37560 masked_mse_eps=0.0563 mask_only=0.0576 mask_area_fraction=0.6105
[train-ddpm] ep8 step37580 masked_mse_eps=0.0982 mask_only=0.0982 mask_area_fraction=1.0000
[train-ddpm] ep8 step37600 masked_mse_eps=0.0892 mask_only=0.0918 mask_area_fraction=0.6044
[train-ddpm] ep8 step37620 masked_mse_eps=0.0452 mask_only=0.0452 mask_area_fraction=1.0000
[train-ddpm] ep8 step37640 masked_mse_eps=0.0442 mask_only=0.0590 mask_area_fraction=0.1167
[train-ddpm] ep8 step37660 masked_mse_eps=0.0892 mask_only=0.0892 mask_area_fraction=1.0000
[train-ddpm] ep8 step37680 masked_mse_eps=0.1496 mask_only=0.1496 mask_area_fraction=1.0000
[train-ddpm] ep8 step37700 masked_mse_eps=0.1479 mask_only=0.1479 mask_area_fraction=1.0000
[train-ddpm] ep8 step37720 masked_mse_eps=0.0326 mask_only=0.0326 mask_area_fraction=1.0000
[train-ddpm] ep8 step37740 masked_mse_eps=0.0069 mask_only=0.0069 mask_area_fraction=1.0000
[train-ddpm] ep8 step37760 masked_mse_eps=0.0305 mask_only=0.0305 mask_area_fraction=1.0000
[train-ddpm] ep8 step37780 masked_mse_eps=0.2952 mask_only=0.3049 mask_area_fraction=0.6001
[train-ddpm] ep8 step37800 masked_mse_eps=0.0469 mask_only=0.0484 mask_area_fraction=0.5909
[train-ddpm] ep8 step37820 masked_mse_eps=0.0799 mask_only=0.0799 mask_area_fraction=1.0000
[train-ddpm] ep8 step37840 masked_mse_eps=0.0522 mask_only=0.0522 mask_area_fraction=1.0000
[train-ddpm] ep8 step37860 masked_mse_eps=0.0830 mask_only=0.0830 mask_area_fraction=1.0000
[train-ddpm] ep8 step37880 masked_mse_eps=0.0357 mask_only=0.0357 mask_area_fraction=1.0000
[train-ddpm] ep8 step37900 masked_mse_eps=0.0111 mask_only=0.0111 mask_area_fraction=1.0000
[train-ddpm] ep8 step37920 masked_mse_eps=0.0601 mask_only=0.0622 mask_area_fraction=0.5788
[train-ddpm] ep8 step37940 masked_mse_eps=0.0436 mask_only=0.0436 mask_area_fraction=1.0000
[train-ddpm] ep8 step37960 masked_mse_eps=0.2220 mask_only=0.2220 mask_area_fraction=1.0000
[train-ddpm] ep8 step37980 masked_mse_eps=0.0601 mask_only=0.0622 mask_area_fraction=0.5678
[train-ddpm] ep8 step38000 masked_mse_eps=0.1492 mask_only=0.1492 mask_area_fraction=1.0000
[train-ddpm] ep8 step38020 masked_mse_eps=0.3633 mask_only=0.3633 mask_area_fraction=1.0000
[train-ddpm] ep8 step38040 masked_mse_eps=0.0279 mask_only=0.0292 mask_area_fraction=0.5135
[train-ddpm] ep8 step38060 masked_mse_eps=0.0989 mask_only=0.0989 mask_area_fraction=1.0000
[train-ddpm] ep8 step38080 masked_mse_eps=0.3525 mask_only=0.3525 mask_area_fraction=1.0000
[train-ddpm] ep8 step38100 masked_mse_eps=0.2177 mask_only=0.2277 mask_area_fraction=0.5191
[train-ddpm] ep8 step38120 masked_mse_eps=0.3818 mask_only=0.3818 mask_area_fraction=1.0000
[train-ddpm] ep8 step38140 masked_mse_eps=0.4227 mask_only=0.4227 mask_area_fraction=1.0000
[train-ddpm] ep8 step38160 masked_mse_eps=0.0715 mask_only=0.0715 mask_area_fraction=1.0000
[train-ddpm] ep8 step38180 masked_mse_eps=0.0527 mask_only=0.0527 mask_area_fraction=1.0000
[train-ddpm] ep8 step38200 masked_mse_eps=0.0557 mask_only=0.0557 mask_area_fraction=1.0000
[train-ddpm] ep8 step38220 masked_mse_eps=0.0224 mask_only=0.0224 mask_area_fraction=1.0000
[train-ddpm] ep8 step38240 masked_mse_eps=0.0086 mask_only=0.0086 mask_area_fraction=1.0000
[train-ddpm] ep8 step38260 masked_mse_eps=0.0287 mask_only=0.0287 mask_area_fraction=1.0000
[train-ddpm] ep8 step38280 masked_mse_eps=0.0141 mask_only=0.0141 mask_area_fraction=1.0000
[train-ddpm] ep8 step38300 masked_mse_eps=0.1430 mask_only=0.1430 mask_area_fraction=1.0000
[train-ddpm] ep8 step38320 masked_mse_eps=0.0943 mask_only=0.0943 mask_area_fraction=1.0000
[train-ddpm] ep8 step38340 masked_mse_eps=0.0052 mask_only=0.0052 mask_area_fraction=1.0000
[train-ddpm] ep8 step38360 masked_mse_eps=0.1707 mask_only=0.1707 mask_area_fraction=1.0000
[train-ddpm] ep8 step38380 masked_mse_eps=0.0083 mask_only=0.0083 mask_area_fraction=1.0000
[train-ddpm] ep8 step38400 masked_mse_eps=0.0844 mask_only=0.0844 mask_area_fraction=1.0000
[train-ddpm] ep8 step38420 masked_mse_eps=0.0683 mask_only=0.0683 mask_area_fraction=1.0000
[train-ddpm] ep8 step38440 masked_mse_eps=0.0524 mask_only=0.0524 mask_area_fraction=1.0000
[train-ddpm] ep8 step38460 masked_mse_eps=0.0451 mask_only=0.0451 mask_area_fraction=1.0000
[train-ddpm] ep8 step38480 masked_mse_eps=0.2510 mask_only=0.2510 mask_area_fraction=1.0000
[train-ddpm] ep8 step38500 masked_mse_eps=0.1415 mask_only=0.1415 mask_area_fraction=1.0000
[train-ddpm] ep8 step38520 masked_mse_eps=0.0459 mask_only=0.0459 mask_area_fraction=1.0000
[train-ddpm] ep8 step38540 masked_mse_eps=0.1440 mask_only=0.1440 mask_area_fraction=1.0000
[train-ddpm] ep8 step38560 masked_mse_eps=0.0799 mask_only=0.0799 mask_area_fraction=1.0000
[train-ddpm] ep8 step38580 masked_mse_eps=0.0467 mask_only=0.0467 mask_area_fraction=1.0000
[train-ddpm] ep8 step38600 masked_mse_eps=0.0248 mask_only=0.0248 mask_area_fraction=1.0000
[train-ddpm] ep8 step38620 masked_mse_eps=0.0415 mask_only=0.0415 mask_area_fraction=1.0000
[train-ddpm] ep8 step38640 masked_mse_eps=0.1069 mask_only=0.1069 mask_area_fraction=1.0000
[train-ddpm] ep8 step38660 masked_mse_eps=0.0161 mask_only=0.0161 mask_area_fraction=1.0000
[train-ddpm] ep8 step38680 masked_mse_eps=0.0301 mask_only=0.0308 mask_area_fraction=0.6125
[train-ddpm] ep8 step38700 masked_mse_eps=0.3635 mask_only=0.3635 mask_area_fraction=1.0000
[train-ddpm] ep8 step38720 masked_mse_eps=0.0095 mask_only=0.0095 mask_area_fraction=1.0000
[train-ddpm] ep8 step38740 masked_mse_eps=0.0209 mask_only=0.0214 mask_area_fraction=0.6285
[train-ddpm] ep8 step38760 masked_mse_eps=0.0219 mask_only=0.0219 mask_area_fraction=1.0000
[train-ddpm] ep8 step38780 masked_mse_eps=0.0783 mask_only=0.0783 mask_area_fraction=1.0000
[train-ddpm] ep8 step38800 masked_mse_eps=0.0362 mask_only=0.0362 mask_area_fraction=1.0000
[train-ddpm] ep8 step38820 masked_mse_eps=0.0789 mask_only=0.0789 mask_area_fraction=1.0000
[train-ddpm] ep8 step38840 masked_mse_eps=0.0199 mask_only=0.0203 mask_area_fraction=0.6065
[train-ddpm] ep8 step38860 masked_mse_eps=0.0086 mask_only=0.0086 mask_area_fraction=1.0000
[train-ddpm] ep8 step38880 masked_mse_eps=0.0441 mask_only=0.0441 mask_area_fraction=1.0000
[train-ddpm] ep8 step38900 masked_mse_eps=0.0447 mask_only=0.0447 mask_area_fraction=1.0000
[train-ddpm] ep8 step38920 masked_mse_eps=0.0220 mask_only=0.0226 mask_area_fraction=0.6029
[train-ddpm] ep8 step38940 masked_mse_eps=0.0190 mask_only=0.0190 mask_area_fraction=1.0000
[train-ddpm] ep8 step38960 masked_mse_eps=0.0034 mask_only=0.0034 mask_area_fraction=1.0000
[train-ddpm] ep8 step38980 masked_mse_eps=0.0755 mask_only=0.0755 mask_area_fraction=1.0000
[train-ddpm] ep8 step39000 masked_mse_eps=0.0130 mask_only=0.0130 mask_area_fraction=1.0000
[train-ddpm] ep8 step39020 masked_mse_eps=0.0111 mask_only=0.0111 mask_area_fraction=1.0000
[train-ddpm] ep8 step39040 masked_mse_eps=0.0427 mask_only=0.0427 mask_area_fraction=1.0000
[train-ddpm] ep8 step39060 masked_mse_eps=0.1292 mask_only=0.1292 mask_area_fraction=1.0000
[train-ddpm] ep8 step39080 masked_mse_eps=0.0380 mask_only=0.0380 mask_area_fraction=1.0000
[train-ddpm] ep8 step39100 masked_mse_eps=0.0890 mask_only=0.0890 mask_area_fraction=1.0000
[train-ddpm] ep8 step39120 masked_mse_eps=0.4434 mask_only=0.4434 mask_area_fraction=1.0000
[train-ddpm] ep8 step39140 masked_mse_eps=0.0240 mask_only=0.0240 mask_area_fraction=1.0000
[train-ddpm] ep8 step39160 masked_mse_eps=0.0299 mask_only=0.0299 mask_area_fraction=1.0000
[train-ddpm] ep8 step39180 masked_mse_eps=0.0811 mask_only=0.0811 mask_area_fraction=1.0000
[train-ddpm] ep8 step39200 masked_mse_eps=0.2678 mask_only=0.2678 mask_area_fraction=1.0000
[train-ddpm] ep8 step39220 masked_mse_eps=0.0061 mask_only=0.0061 mask_area_fraction=1.0000
[train-ddpm] ep8 step39240 masked_mse_eps=0.0142 mask_only=0.0142 mask_area_fraction=1.0000
[train-ddpm] ep8 step39260 masked_mse_eps=0.1021 mask_only=0.1021 mask_area_fraction=1.0000
[train-ddpm] ep8 step39280 masked_mse_eps=0.3525 mask_only=0.3525 mask_area_fraction=1.0000
[train-ddpm] ep8 step39300 masked_mse_eps=0.0834 mask_only=0.0834 mask_area_fraction=1.0000
[train-ddpm] ep8 step39320 masked_mse_eps=0.0150 mask_only=0.0150 mask_area_fraction=1.0000
[train-ddpm] ep8 step39340 masked_mse_eps=0.0291 mask_only=0.0291 mask_area_fraction=1.0000
[train-ddpm] ep8 step39360 masked_mse_eps=0.0188 mask_only=0.0188 mask_area_fraction=1.0000
[train-ddpm] ep8 step39380 masked_mse_eps=0.0434 mask_only=0.0449 mask_area_fraction=0.5746
[train-ddpm] ep8 step39400 masked_mse_eps=0.1749 mask_only=0.1749 mask_area_fraction=1.0000
[train-ddpm] ep8 step39420 masked_mse_eps=0.0172 mask_only=0.0172 mask_area_fraction=1.0000
[train-ddpm] ep8 step39440 masked_mse_eps=0.0049 mask_only=0.0049 mask_area_fraction=1.0000
[train-ddpm] ep8 step39460 masked_mse_eps=0.1121 mask_only=0.1167 mask_area_fraction=0.5423
[train-ddpm] ep8 step39480 masked_mse_eps=0.0119 mask_only=0.0123 mask_area_fraction=0.5483
[train-ddpm] ep8 step39500 masked_mse_eps=0.0297 mask_only=0.0308 mask_area_fraction=0.5722
[train-ddpm] ep8 step39520 masked_mse_eps=0.0141 mask_only=0.0141 mask_area_fraction=1.0000
[train-ddpm] ep8 step39540 masked_mse_eps=0.0065 mask_only=0.0080 mask_area_fraction=0.1105
[train-ddpm] ep8 step39560 masked_mse_eps=0.0473 mask_only=0.0473 mask_area_fraction=1.0000
[train-ddpm] ep8 step39580 masked_mse_eps=0.0266 mask_only=0.0266 mask_area_fraction=1.0000
[train-ddpm] ep8 step39600 masked_mse_eps=0.0731 mask_only=0.0731 mask_area_fraction=1.0000
[train-ddpm] ep8 step39620 masked_mse_eps=0.1040 mask_only=0.1040 mask_area_fraction=1.0000
[train-ddpm] ep8 step39640 masked_mse_eps=0.0734 mask_only=0.0734 mask_area_fraction=1.0000
[train-ddpm] ep8 step39660 masked_mse_eps=0.0158 mask_only=0.0162 mask_area_fraction=0.5817
[train-ddpm] ep8 step39680 masked_mse_eps=0.0607 mask_only=0.0607 mask_area_fraction=1.0000
[train-ddpm] ep8 step39700 masked_mse_eps=0.1981 mask_only=0.2072 mask_area_fraction=0.5187
[train-ddpm] ep8 step39720 masked_mse_eps=0.0206 mask_only=0.0214 mask_area_fraction=0.5112
[train-ddpm] ep8 step39740 masked_mse_eps=0.1559 mask_only=0.1559 mask_area_fraction=1.0000
[train-ddpm] ep8 step39760 masked_mse_eps=0.0317 mask_only=0.0317 mask_area_fraction=1.0000
[train-ddpm] ep8 step39780 masked_mse_eps=0.0130 mask_only=0.0130 mask_area_fraction=1.0000
[train-ddpm] ep8 step39800 masked_mse_eps=0.0354 mask_only=0.0354 mask_area_fraction=1.0000
[train-ddpm] ep8 step39820 masked_mse_eps=0.0090 mask_only=0.0090 mask_area_fraction=1.0000
[train-ddpm] ep8 step39840 masked_mse_eps=0.2226 mask_only=0.2226 mask_area_fraction=1.0000
[train-ddpm] ep8 step39860 masked_mse_eps=0.0116 mask_only=0.0116 mask_area_fraction=1.0000
[train-ddpm] ep8 step39880 masked_mse_eps=0.0442 mask_only=0.0442 mask_area_fraction=1.0000
[train-ddpm] ep8 step39900 masked_mse_eps=0.0751 mask_only=0.0751 mask_area_fraction=1.0000
[train-ddpm] ep8 step39920 masked_mse_eps=0.0598 mask_only=0.0598 mask_area_fraction=1.0000
[train-ddpm] ep8 step39940 masked_mse_eps=0.0678 mask_only=0.0678 mask_area_fraction=1.0000
[train-ddpm] ep8 step39960 masked_mse_eps=0.0186 mask_only=0.0186 mask_area_fraction=1.0000
[train-ddpm] ep8 step39980 masked_mse_eps=0.0712 mask_only=0.0712 mask_area_fraction=1.0000
[train-ddpm] ep8 step40000 masked_mse_eps=0.0273 mask_only=0.0273 mask_area_fraction=1.0000
[train-ddpm] ep8 step40020 masked_mse_eps=0.0483 mask_only=0.0483 mask_area_fraction=1.0000
[train-ddpm] ep8 step40040 masked_mse_eps=0.0302 mask_only=0.0302 mask_area_fraction=1.0000
[train-ddpm] ep8 step40060 masked_mse_eps=0.0070 mask_only=0.0070 mask_area_fraction=1.0000
[train-ddpm] ep8 step40080 masked_mse_eps=0.0409 mask_only=0.0409 mask_area_fraction=1.0000
[train-ddpm] ep8 step40100 masked_mse_eps=0.0440 mask_only=0.0440 mask_area_fraction=1.0000
[train-ddpm] ep8 step40120 masked_mse_eps=0.0527 mask_only=0.0544 mask_area_fraction=0.5966
[train-ddpm] ep8 step40140 masked_mse_eps=0.0290 mask_only=0.0290 mask_area_fraction=1.0000
[train-ddpm] ep8 step40160 masked_mse_eps=0.0128 mask_only=0.0128 mask_area_fraction=1.0000
[train-ddpm] ep8 step40180 masked_mse_eps=0.0729 mask_only=0.0729 mask_area_fraction=1.0000
[train-ddpm] ep8 step40200 masked_mse_eps=0.0826 mask_only=0.0826 mask_area_fraction=1.0000
[train-ddpm] ep8 step40220 masked_mse_eps=0.0039 mask_only=0.0039 mask_area_fraction=1.0000
[train-ddpm] ep8 step40240 masked_mse_eps=0.0193 mask_only=0.0193 mask_area_fraction=1.0000
[train-ddpm] ep8 step40260 masked_mse_eps=0.4044 mask_only=0.4044 mask_area_fraction=1.0000
[train-ddpm] ep8 step40280 masked_mse_eps=0.0223 mask_only=0.0223 mask_area_fraction=1.0000
[train-ddpm] ep8 step40300 masked_mse_eps=0.0460 mask_only=0.0474 mask_area_fraction=0.5946
[train-ddpm] ep8 step40320 masked_mse_eps=0.0453 mask_only=0.0453 mask_area_fraction=1.0000
[train-ddpm] ep8 step40340 masked_mse_eps=0.0548 mask_only=0.0548 mask_area_fraction=1.0000
[train-ddpm] ep8 step40360 masked_mse_eps=0.1795 mask_only=0.1795 mask_area_fraction=1.0000
[train-ddpm] ep8 step40380 masked_mse_eps=0.0598 mask_only=0.0598 mask_area_fraction=1.0000
[train-ddpm] ep8 step40400 masked_mse_eps=0.2197 mask_only=0.2197 mask_area_fraction=1.0000
[train-ddpm] ep8 step40420 masked_mse_eps=0.0714 mask_only=0.0714 mask_area_fraction=1.0000
[train-ddpm] ep8 step40440 masked_mse_eps=0.0657 mask_only=0.0657 mask_area_fraction=1.0000
[train-ddpm] ep8 step40460 masked_mse_eps=0.0876 mask_only=0.0876 mask_area_fraction=1.0000
[train-ddpm] ep8 step40480 masked_mse_eps=0.3361 mask_only=0.3509 mask_area_fraction=0.5275
[val-ddpm] ep8 loss=0.0928  mask_only_loss=0.0936  x0_l1=1.6501  final_from_x0_psnr=34.19dB  mask_area_fraction=0.9045  outside_mask_max_diff=0.00000000
[train-ddpm] saved epoch sample grid (sampling took 1.4s)
[train-ddpm] ep9 step40500 masked_mse_eps=0.1115 mask_only=0.1115 mask_area_fraction=1.0000
[train-ddpm] ep9 step40520 masked_mse_eps=0.0169 mask_only=0.0169 mask_area_fraction=1.0000
[train-ddpm] ep9 step40540 masked_mse_eps=0.0223 mask_only=0.0226 mask_area_fraction=0.5866
[train-ddpm] ep9 step40560 masked_mse_eps=0.0407 mask_only=0.0407 mask_area_fraction=1.0000
[train-ddpm] ep9 step40580 masked_mse_eps=0.0098 mask_only=0.0098 mask_area_fraction=1.0000
[train-ddpm] ep9 step40600 masked_mse_eps=0.0769 mask_only=0.0769 mask_area_fraction=1.0000
[train-ddpm] ep9 step40620 masked_mse_eps=0.0544 mask_only=0.0527 mask_area_fraction=0.5576
[train-ddpm] ep9 step40640 masked_mse_eps=0.0371 mask_only=0.0371 mask_area_fraction=1.0000
[train-ddpm] ep9 step40660 masked_mse_eps=0.4489 mask_only=0.4489 mask_area_fraction=1.0000
[train-ddpm] ep9 step40680 masked_mse_eps=0.0888 mask_only=0.0888 mask_area_fraction=1.0000
[train-ddpm] ep9 step40700 masked_mse_eps=0.1701 mask_only=0.1701 mask_area_fraction=1.0000
[train-ddpm] ep9 step40720 masked_mse_eps=0.1107 mask_only=0.1107 mask_area_fraction=1.0000
[train-ddpm] ep9 step40740 masked_mse_eps=0.0552 mask_only=0.0552 mask_area_fraction=1.0000
[train-ddpm] ep9 step40760 masked_mse_eps=0.0281 mask_only=0.0315 mask_area_fraction=0.2568
[train-ddpm] ep9 step40780 masked_mse_eps=0.0182 mask_only=0.0182 mask_area_fraction=1.0000
[train-ddpm] ep9 step40800 masked_mse_eps=0.0633 mask_only=0.0633 mask_area_fraction=1.0000
[train-ddpm] ep9 step40820 masked_mse_eps=0.0697 mask_only=0.0697 mask_area_fraction=1.0000
[train-ddpm] ep9 step40840 masked_mse_eps=0.0556 mask_only=0.0556 mask_area_fraction=1.0000
[train-ddpm] ep9 step40860 masked_mse_eps=0.0279 mask_only=0.0279 mask_area_fraction=1.0000
[train-ddpm] ep9 step40880 masked_mse_eps=0.0095 mask_only=0.0095 mask_area_fraction=1.0000
[train-ddpm] ep9 step40900 masked_mse_eps=0.0709 mask_only=0.0709 mask_area_fraction=1.0000
[train-ddpm] ep9 step40920 masked_mse_eps=0.0440 mask_only=0.0454 mask_area_fraction=0.5239
[train-ddpm] ep9 step40940 masked_mse_eps=0.0177 mask_only=0.0177 mask_area_fraction=1.0000
[train-ddpm] ep9 step40960 masked_mse_eps=0.0312 mask_only=0.0312 mask_area_fraction=1.0000
[train-ddpm] ep9 step40980 masked_mse_eps=0.1396 mask_only=0.1396 mask_area_fraction=1.0000
[train-ddpm] ep9 step41000 masked_mse_eps=0.1940 mask_only=0.2023 mask_area_fraction=0.5332
[train-ddpm] ep9 step41020 masked_mse_eps=0.0534 mask_only=0.0534 mask_area_fraction=1.0000
[train-ddpm] ep9 step41040 masked_mse_eps=0.0927 mask_only=0.0927 mask_area_fraction=1.0000
[train-ddpm] ep9 step41060 masked_mse_eps=0.2339 mask_only=0.2339 mask_area_fraction=1.0000
[train-ddpm] ep9 step41080 masked_mse_eps=0.0067 mask_only=0.0067 mask_area_fraction=1.0000
[train-ddpm] ep9 step41100 masked_mse_eps=0.0567 mask_only=0.0567 mask_area_fraction=1.0000
[train-ddpm] ep9 step41120 masked_mse_eps=0.0802 mask_only=0.0802 mask_area_fraction=1.0000
[train-ddpm] ep9 step41140 masked_mse_eps=0.0135 mask_only=0.0135 mask_area_fraction=1.0000
[train-ddpm] ep9 step41160 masked_mse_eps=0.0053 mask_only=0.0054 mask_area_fraction=0.5869
[train-ddpm] ep9 step41180 masked_mse_eps=0.0030 mask_only=0.0030 mask_area_fraction=1.0000
[train-ddpm] ep9 step41200 masked_mse_eps=0.0882 mask_only=0.0922 mask_area_fraction=0.5176
[train-ddpm] ep9 step41220 masked_mse_eps=0.0421 mask_only=0.0421 mask_area_fraction=1.0000
[train-ddpm] ep9 step41240 masked_mse_eps=0.0097 mask_only=0.0097 mask_area_fraction=1.0000
[train-ddpm] ep9 step41260 masked_mse_eps=0.0322 mask_only=0.0322 mask_area_fraction=1.0000
[train-ddpm] ep9 step41280 masked_mse_eps=0.1130 mask_only=0.1130 mask_area_fraction=1.0000
[train-ddpm] ep9 step41300 masked_mse_eps=0.1009 mask_only=0.1045 mask_area_fraction=0.5771
[train-ddpm] ep9 step41320 masked_mse_eps=0.1223 mask_only=0.1223 mask_area_fraction=1.0000
[train-ddpm] ep9 step41340 masked_mse_eps=0.0120 mask_only=0.0123 mask_area_fraction=0.5294
[train-ddpm] ep9 step41360 masked_mse_eps=0.0862 mask_only=0.0862 mask_area_fraction=1.0000
[train-ddpm] ep9 step41380 masked_mse_eps=0.0084 mask_only=0.0084 mask_area_fraction=1.0000
[train-ddpm] ep9 step41400 masked_mse_eps=0.0065 mask_only=0.0065 mask_area_fraction=1.0000
[train-ddpm] ep9 step41420 masked_mse_eps=0.0124 mask_only=0.0124 mask_area_fraction=1.0000
[train-ddpm] ep9 step41440 masked_mse_eps=0.0575 mask_only=0.0575 mask_area_fraction=1.0000
[train-ddpm] ep9 step41460 masked_mse_eps=0.0187 mask_only=0.0187 mask_area_fraction=1.0000
[train-ddpm] ep9 step41480 masked_mse_eps=0.0273 mask_only=0.0284 mask_area_fraction=0.5488
[train-ddpm] ep9 step41500 masked_mse_eps=0.1540 mask_only=0.1601 mask_area_fraction=0.5137
[train-ddpm] ep9 step41520 masked_mse_eps=0.0069 mask_only=0.0071 mask_area_fraction=0.5558
[train-ddpm] ep9 step41540 masked_mse_eps=0.0119 mask_only=0.0122 mask_area_fraction=0.5513
[train-ddpm] ep9 step41560 masked_mse_eps=0.1971 mask_only=0.1971 mask_area_fraction=1.0000
[train-ddpm] ep9 step41580 masked_mse_eps=0.0205 mask_only=0.0205 mask_area_fraction=1.0000
[train-ddpm] ep9 step41600 masked_mse_eps=0.0562 mask_only=0.0562 mask_area_fraction=1.0000
[train-ddpm] ep9 step41620 masked_mse_eps=0.0434 mask_only=0.0434 mask_area_fraction=1.0000
[train-ddpm] ep9 step41640 masked_mse_eps=0.0370 mask_only=0.0370 mask_area_fraction=1.0000
[train-ddpm] ep9 step41660 masked_mse_eps=0.3093 mask_only=0.3093 mask_area_fraction=1.0000
[train-ddpm] ep9 step41680 masked_mse_eps=0.0412 mask_only=0.0412 mask_area_fraction=1.0000
[train-ddpm] ep9 step41700 masked_mse_eps=0.0299 mask_only=0.0306 mask_area_fraction=0.5776
[train-ddpm] ep9 step41720 masked_mse_eps=0.1343 mask_only=0.1343 mask_area_fraction=1.0000
[train-ddpm] ep9 step41740 masked_mse_eps=0.0186 mask_only=0.0186 mask_area_fraction=1.0000
[train-ddpm] ep9 step41760 masked_mse_eps=0.0064 mask_only=0.0064 mask_area_fraction=1.0000
[train-ddpm] ep9 step41780 masked_mse_eps=0.0338 mask_only=0.0338 mask_area_fraction=1.0000
[train-ddpm] ep9 step41800 masked_mse_eps=0.0082 mask_only=0.0078 mask_area_fraction=0.5148
[train-ddpm] ep9 step41820 masked_mse_eps=0.0345 mask_only=0.0345 mask_area_fraction=1.0000
[train-ddpm] ep9 step41840 masked_mse_eps=0.1168 mask_only=0.1168 mask_area_fraction=1.0000
[train-ddpm] ep9 step41860 masked_mse_eps=0.0535 mask_only=0.0551 mask_area_fraction=0.5538
[train-ddpm] ep9 step41880 masked_mse_eps=0.0827 mask_only=0.0827 mask_area_fraction=1.0000
[train-ddpm] ep9 step41900 masked_mse_eps=0.0212 mask_only=0.0218 mask_area_fraction=0.6006
[train-ddpm] ep9 step41920 masked_mse_eps=0.0747 mask_only=0.0747 mask_area_fraction=1.0000
[train-ddpm] ep9 step41940 masked_mse_eps=0.0053 mask_only=0.0053 mask_area_fraction=1.0000
[train-ddpm] ep9 step41960 masked_mse_eps=0.0401 mask_only=0.0401 mask_area_fraction=1.0000
[train-ddpm] ep9 step41980 masked_mse_eps=0.1300 mask_only=0.1300 mask_area_fraction=1.0000
[train-ddpm] ep9 step42000 masked_mse_eps=0.0361 mask_only=0.0361 mask_area_fraction=1.0000
[train-ddpm] ep9 step42020 masked_mse_eps=0.0120 mask_only=0.0124 mask_area_fraction=0.5402
[train-ddpm] ep9 step42040 masked_mse_eps=0.3091 mask_only=0.3091 mask_area_fraction=1.0000
[train-ddpm] ep9 step42060 masked_mse_eps=0.2271 mask_only=0.2271 mask_area_fraction=1.0000
[train-ddpm] ep9 step42080 masked_mse_eps=0.0606 mask_only=0.0606 mask_area_fraction=1.0000
[train-ddpm] ep9 step42100 masked_mse_eps=0.1822 mask_only=0.1822 mask_area_fraction=1.0000
[train-ddpm] ep9 step42120 masked_mse_eps=0.0620 mask_only=0.0620 mask_area_fraction=1.0000
[train-ddpm] ep9 step42140 masked_mse_eps=0.2432 mask_only=0.2432 mask_area_fraction=1.0000
[train-ddpm] ep9 step42160 masked_mse_eps=0.0477 mask_only=0.0635 mask_area_fraction=0.1134
[train-ddpm] ep9 step42180 masked_mse_eps=0.0361 mask_only=0.0361 mask_area_fraction=1.0000
[train-ddpm] ep9 step42200 masked_mse_eps=0.0163 mask_only=0.0167 mask_area_fraction=0.5569
[train-ddpm] ep9 step42220 masked_mse_eps=0.0201 mask_only=0.0201 mask_area_fraction=1.0000
[train-ddpm] ep9 step42240 masked_mse_eps=0.0636 mask_only=0.0636 mask_area_fraction=1.0000
[train-ddpm] ep9 step42260 masked_mse_eps=0.1218 mask_only=0.1218 mask_area_fraction=1.0000
[train-ddpm] ep9 step42280 masked_mse_eps=0.4099 mask_only=0.4099 mask_area_fraction=1.0000
[train-ddpm] ep9 step42300 masked_mse_eps=0.0332 mask_only=0.0332 mask_area_fraction=1.0000
[train-ddpm] ep9 step42320 masked_mse_eps=0.0701 mask_only=0.0701 mask_area_fraction=1.0000
[train-ddpm] ep9 step42340 masked_mse_eps=0.1759 mask_only=0.1805 mask_area_fraction=0.6527
[train-ddpm] ep9 step42360 masked_mse_eps=0.0171 mask_only=0.0171 mask_area_fraction=1.0000
[train-ddpm] ep9 step42380 masked_mse_eps=0.0068 mask_only=0.0070 mask_area_fraction=0.5220
[train-ddpm] ep9 step42400 masked_mse_eps=0.0844 mask_only=0.0844 mask_area_fraction=1.0000
[train-ddpm] ep9 step42420 masked_mse_eps=0.0114 mask_only=0.0114 mask_area_fraction=1.0000
[train-ddpm] ep9 step42440 masked_mse_eps=0.1406 mask_only=0.1406 mask_area_fraction=1.0000
[train-ddpm] ep9 step42460 masked_mse_eps=0.0091 mask_only=0.0091 mask_area_fraction=1.0000
[train-ddpm] ep9 step42480 masked_mse_eps=0.1817 mask_only=0.1880 mask_area_fraction=0.5712
[train-ddpm] ep9 step42500 masked_mse_eps=0.0321 mask_only=0.0321 mask_area_fraction=1.0000
[train-ddpm] ep9 step42520 masked_mse_eps=0.0221 mask_only=0.0221 mask_area_fraction=1.0000
[train-ddpm] ep9 step42540 masked_mse_eps=0.1150 mask_only=0.1150 mask_area_fraction=1.0000
[train-ddpm] ep9 step42560 masked_mse_eps=0.3582 mask_only=0.3582 mask_area_fraction=1.0000
[train-ddpm] ep9 step42580 masked_mse_eps=0.0177 mask_only=0.0177 mask_area_fraction=1.0000
[train-ddpm] ep9 step42600 masked_mse_eps=0.0067 mask_only=0.0067 mask_area_fraction=1.0000
[train-ddpm] ep9 step42620 masked_mse_eps=0.0479 mask_only=0.0479 mask_area_fraction=1.0000
[train-ddpm] ep9 step42640 masked_mse_eps=0.0870 mask_only=0.0870 mask_area_fraction=1.0000
[train-ddpm] ep9 step42660 masked_mse_eps=0.1297 mask_only=0.1222 mask_area_fraction=0.5845
[train-ddpm] ep9 step42680 masked_mse_eps=0.0297 mask_only=0.0307 mask_area_fraction=0.5436
[train-ddpm] ep9 step42700 masked_mse_eps=0.0628 mask_only=0.0628 mask_area_fraction=1.0000
[train-ddpm] ep9 step42720 masked_mse_eps=0.0590 mask_only=0.0590 mask_area_fraction=1.0000
[train-ddpm] ep9 step42740 masked_mse_eps=0.0418 mask_only=0.0418 mask_area_fraction=1.0000
[train-ddpm] ep9 step42760 masked_mse_eps=0.0037 mask_only=0.0037 mask_area_fraction=1.0000
[train-ddpm] ep9 step42780 masked_mse_eps=0.1949 mask_only=0.1949 mask_area_fraction=1.0000
[train-ddpm] ep9 step42800 masked_mse_eps=0.0716 mask_only=0.0716 mask_area_fraction=1.0000
[train-ddpm] ep9 step42820 masked_mse_eps=0.1229 mask_only=0.1266 mask_area_fraction=0.6094
[train-ddpm] ep9 step42840 masked_mse_eps=0.1197 mask_only=0.1197 mask_area_fraction=1.0000
[train-ddpm] ep9 step42860 masked_mse_eps=0.0420 mask_only=0.0420 mask_area_fraction=1.0000
[train-ddpm] ep9 step42880 masked_mse_eps=0.1794 mask_only=0.1867 mask_area_fraction=0.5443
[train-ddpm] ep9 step42900 masked_mse_eps=0.0018 mask_only=0.0018 mask_area_fraction=1.0000
[train-ddpm] ep9 step42920 masked_mse_eps=0.1602 mask_only=0.1602 mask_area_fraction=1.0000
[train-ddpm] ep9 step42940 masked_mse_eps=0.0713 mask_only=0.0713 mask_area_fraction=1.0000
[train-ddpm] ep9 step42960 masked_mse_eps=0.0186 mask_only=0.0190 mask_area_fraction=0.5191
[train-ddpm] ep9 step42980 masked_mse_eps=0.0405 mask_only=0.0405 mask_area_fraction=1.0000
[train-ddpm] ep9 step43000 masked_mse_eps=0.0512 mask_only=0.0512 mask_area_fraction=1.0000
[train-ddpm] ep9 step43020 masked_mse_eps=0.0538 mask_only=0.0538 mask_area_fraction=1.0000
[train-ddpm] ep9 step43040 masked_mse_eps=0.1217 mask_only=0.1264 mask_area_fraction=0.5538
[train-ddpm] ep9 step43060 masked_mse_eps=0.1207 mask_only=0.1207 mask_area_fraction=1.0000
[train-ddpm] ep9 step43080 masked_mse_eps=0.0216 mask_only=0.0216 mask_area_fraction=1.0000
[train-ddpm] ep9 step43100 masked_mse_eps=0.0668 mask_only=0.0668 mask_area_fraction=1.0000
[train-ddpm] ep9 step43120 masked_mse_eps=0.0906 mask_only=0.0941 mask_area_fraction=0.5563
[train-ddpm] ep9 step43140 masked_mse_eps=0.1841 mask_only=0.1911 mask_area_fraction=0.5650
[train-ddpm] ep9 step43160 masked_mse_eps=0.0147 mask_only=0.0150 mask_area_fraction=0.5874
[train-ddpm] ep9 step43180 masked_mse_eps=0.0802 mask_only=0.0802 mask_area_fraction=1.0000
[train-ddpm] ep9 step43200 masked_mse_eps=0.1551 mask_only=0.1551 mask_area_fraction=1.0000
[train-ddpm] ep9 step43220 masked_mse_eps=0.0462 mask_only=0.0480 mask_area_fraction=0.5441
[train-ddpm] ep9 step43240 masked_mse_eps=0.0564 mask_only=0.0564 mask_area_fraction=1.0000
[train-ddpm] ep9 step43260 masked_mse_eps=0.4402 mask_only=0.4402 mask_area_fraction=1.0000
[train-ddpm] ep9 step43280 masked_mse_eps=0.4500 mask_only=0.4500 mask_area_fraction=1.0000
[train-ddpm] ep9 step43300 masked_mse_eps=0.0996 mask_only=0.0996 mask_area_fraction=1.0000
[train-ddpm] ep9 step43320 masked_mse_eps=0.0753 mask_only=0.0753 mask_area_fraction=1.0000
[train-ddpm] ep9 step43340 masked_mse_eps=0.0927 mask_only=0.0927 mask_area_fraction=1.0000
[train-ddpm] ep9 step43360 masked_mse_eps=0.0575 mask_only=0.0595 mask_area_fraction=0.5847
[train-ddpm] ep9 step43380 masked_mse_eps=0.0551 mask_only=0.0551 mask_area_fraction=1.0000
[train-ddpm] ep9 step43400 masked_mse_eps=0.1162 mask_only=0.1162 mask_area_fraction=1.0000
[train-ddpm] ep9 step43420 masked_mse_eps=0.0037 mask_only=0.0037 mask_area_fraction=1.0000
[train-ddpm] ep9 step43440 masked_mse_eps=0.0130 mask_only=0.0130 mask_area_fraction=1.0000
[train-ddpm] ep9 step43460 masked_mse_eps=0.0119 mask_only=0.0119 mask_area_fraction=1.0000
[train-ddpm] ep9 step43480 masked_mse_eps=0.0338 mask_only=0.0338 mask_area_fraction=1.0000
[train-ddpm] ep9 step43500 masked_mse_eps=0.0040 mask_only=0.0040 mask_area_fraction=1.0000
[train-ddpm] ep9 step43520 masked_mse_eps=0.0431 mask_only=0.0443 mask_area_fraction=0.5507
[train-ddpm] ep9 step43540 masked_mse_eps=0.1681 mask_only=0.1681 mask_area_fraction=1.0000
[train-ddpm] ep9 step43560 masked_mse_eps=0.1572 mask_only=0.1572 mask_area_fraction=1.0000
[train-ddpm] ep9 step43580 masked_mse_eps=0.0159 mask_only=0.0159 mask_area_fraction=1.0000
[train-ddpm] ep9 step43600 masked_mse_eps=0.1081 mask_only=0.1081 mask_area_fraction=1.0000
[train-ddpm] ep9 step43620 masked_mse_eps=0.1893 mask_only=0.1964 mask_area_fraction=0.5538
[train-ddpm] ep9 step43640 masked_mse_eps=0.0744 mask_only=0.0744 mask_area_fraction=1.0000
[train-ddpm] ep9 step43660 masked_mse_eps=0.0601 mask_only=0.0601 mask_area_fraction=1.0000
[train-ddpm] ep9 step43680 masked_mse_eps=0.0058 mask_only=0.0059 mask_area_fraction=0.5229
[train-ddpm] ep9 step43700 masked_mse_eps=0.0986 mask_only=0.1030 mask_area_fraction=0.5257
[train-ddpm] ep9 step43720 masked_mse_eps=0.0061 mask_only=0.0061 mask_area_fraction=1.0000
[train-ddpm] ep9 step43740 masked_mse_eps=0.2216 mask_only=0.2299 mask_area_fraction=0.5591
[train-ddpm] ep9 step43760 masked_mse_eps=0.0196 mask_only=0.0196 mask_area_fraction=1.0000
[train-ddpm] ep9 step43780 masked_mse_eps=0.3305 mask_only=0.3305 mask_area_fraction=1.0000
[train-ddpm] ep9 step43800 masked_mse_eps=0.0735 mask_only=0.0758 mask_area_fraction=0.6054
[train-ddpm] ep9 step43820 masked_mse_eps=0.1433 mask_only=0.1433 mask_area_fraction=1.0000
[train-ddpm] ep9 step43840 masked_mse_eps=0.0489 mask_only=0.0489 mask_area_fraction=1.0000
[train-ddpm] ep9 step43860 masked_mse_eps=0.0318 mask_only=0.0318 mask_area_fraction=1.0000
[train-ddpm] ep9 step43880 masked_mse_eps=0.0212 mask_only=0.0212 mask_area_fraction=1.0000
[train-ddpm] ep9 step43900 masked_mse_eps=0.0116 mask_only=0.0118 mask_area_fraction=0.5714
[train-ddpm] ep9 step43920 masked_mse_eps=0.1580 mask_only=0.1580 mask_area_fraction=1.0000
[train-ddpm] ep9 step43940 masked_mse_eps=0.0110 mask_only=0.0110 mask_area_fraction=1.0000
[train-ddpm] ep9 step43960 masked_mse_eps=0.0918 mask_only=0.0918 mask_area_fraction=1.0000
[train-ddpm] ep9 step43980 masked_mse_eps=0.0889 mask_only=0.0889 mask_area_fraction=1.0000
[train-ddpm] ep9 step44000 masked_mse_eps=0.0295 mask_only=0.0295 mask_area_fraction=1.0000
[train-ddpm] ep9 step44020 masked_mse_eps=0.0182 mask_only=0.0187 mask_area_fraction=0.5736
[train-ddpm] ep9 step44040 masked_mse_eps=0.0626 mask_only=0.0626 mask_area_fraction=1.0000
[train-ddpm] ep9 step44060 masked_mse_eps=0.0453 mask_only=0.0453 mask_area_fraction=1.0000
[train-ddpm] ep9 step44080 masked_mse_eps=0.0283 mask_only=0.0283 mask_area_fraction=1.0000
[train-ddpm] ep9 step44100 masked_mse_eps=0.0089 mask_only=0.0089 mask_area_fraction=1.0000
[train-ddpm] ep9 step44120 masked_mse_eps=0.0630 mask_only=0.0630 mask_area_fraction=1.0000
[train-ddpm] ep9 step44140 masked_mse_eps=0.0708 mask_only=0.0708 mask_area_fraction=1.0000
[train-ddpm] ep9 step44160 masked_mse_eps=0.0367 mask_only=0.0367 mask_area_fraction=1.0000
[train-ddpm] ep9 step44180 masked_mse_eps=0.0445 mask_only=0.0445 mask_area_fraction=1.0000
[train-ddpm] ep9 step44200 masked_mse_eps=0.0478 mask_only=0.0478 mask_area_fraction=1.0000
[train-ddpm] ep9 step44220 masked_mse_eps=0.0533 mask_only=0.0533 mask_area_fraction=1.0000
[train-ddpm] ep9 step44240 masked_mse_eps=0.0503 mask_only=0.0503 mask_area_fraction=1.0000
[train-ddpm] ep9 step44260 masked_mse_eps=0.0226 mask_only=0.0226 mask_area_fraction=1.0000
[train-ddpm] ep9 step44280 masked_mse_eps=0.0523 mask_only=0.0523 mask_area_fraction=1.0000
[train-ddpm] ep9 step44300 masked_mse_eps=0.0486 mask_only=0.0486 mask_area_fraction=1.0000
[train-ddpm] ep9 step44320 masked_mse_eps=0.0106 mask_only=0.0106 mask_area_fraction=1.0000
[train-ddpm] ep9 step44340 masked_mse_eps=0.0372 mask_only=0.0382 mask_area_fraction=0.6216
[train-ddpm] ep9 step44360 masked_mse_eps=0.0407 mask_only=0.0407 mask_area_fraction=1.0000
[train-ddpm] ep9 step44380 masked_mse_eps=0.0564 mask_only=0.0564 mask_area_fraction=1.0000
[train-ddpm] ep9 step44400 masked_mse_eps=0.1687 mask_only=0.1687 mask_area_fraction=1.0000
[train-ddpm] ep9 step44420 masked_mse_eps=0.0739 mask_only=0.0739 mask_area_fraction=1.0000
[train-ddpm] ep9 step44440 masked_mse_eps=0.2004 mask_only=0.2004 mask_area_fraction=1.0000
[train-ddpm] ep9 step44460 masked_mse_eps=0.0095 mask_only=0.0095 mask_area_fraction=1.0000
[train-ddpm] ep9 step44480 masked_mse_eps=0.0276 mask_only=0.0285 mask_area_fraction=0.5293
[train-ddpm] ep9 step44500 masked_mse_eps=0.0791 mask_only=0.0791 mask_area_fraction=1.0000
[train-ddpm] ep9 step44520 masked_mse_eps=0.1333 mask_only=0.1333 mask_area_fraction=1.0000
[train-ddpm] ep9 step44540 masked_mse_eps=0.0616 mask_only=0.0616 mask_area_fraction=1.0000
[train-ddpm] ep9 step44560 masked_mse_eps=0.0179 mask_only=0.0179 mask_area_fraction=1.0000
[train-ddpm] ep9 step44580 masked_mse_eps=0.0863 mask_only=0.0863 mask_area_fraction=1.0000
[train-ddpm] ep9 step44600 masked_mse_eps=0.1214 mask_only=0.1255 mask_area_fraction=0.5898
[train-ddpm] ep9 step44620 masked_mse_eps=0.0182 mask_only=0.0182 mask_area_fraction=1.0000
[train-ddpm] ep9 step44640 masked_mse_eps=0.0442 mask_only=0.0442 mask_area_fraction=1.0000
[train-ddpm] ep9 step44660 masked_mse_eps=0.1887 mask_only=0.1887 mask_area_fraction=1.0000
[train-ddpm] ep9 step44680 masked_mse_eps=0.0053 mask_only=0.0054 mask_area_fraction=0.5767
[train-ddpm] ep9 step44700 masked_mse_eps=0.1733 mask_only=0.1733 mask_area_fraction=1.0000
[train-ddpm] ep9 step44720 masked_mse_eps=0.0585 mask_only=0.0585 mask_area_fraction=1.0000
[train-ddpm] ep9 step44740 masked_mse_eps=0.0240 mask_only=0.0240 mask_area_fraction=1.0000
[train-ddpm] ep9 step44760 masked_mse_eps=0.0868 mask_only=0.0868 mask_area_fraction=1.0000
[train-ddpm] ep9 step44780 masked_mse_eps=0.0465 mask_only=0.0465 mask_area_fraction=1.0000
[train-ddpm] ep9 step44800 masked_mse_eps=0.0588 mask_only=0.0588 mask_area_fraction=1.0000
[train-ddpm] ep9 step44820 masked_mse_eps=0.1681 mask_only=0.1750 mask_area_fraction=0.5312
[train-ddpm] ep9 step44840 masked_mse_eps=0.0132 mask_only=0.0132 mask_area_fraction=1.0000
[train-ddpm] ep9 step44860 masked_mse_eps=0.3259 mask_only=0.3259 mask_area_fraction=1.0000
[train-ddpm] ep9 step44880 masked_mse_eps=0.0497 mask_only=0.0511 mask_area_fraction=0.5778
[train-ddpm] ep9 step44900 masked_mse_eps=0.1940 mask_only=0.1940 mask_area_fraction=1.0000
[train-ddpm] ep9 step44920 masked_mse_eps=0.0548 mask_only=0.0548 mask_area_fraction=1.0000
[train-ddpm] ep9 step44940 masked_mse_eps=0.1730 mask_only=0.1730 mask_area_fraction=1.0000
[train-ddpm] ep9 step44960 masked_mse_eps=0.2478 mask_only=0.2478 mask_area_fraction=1.0000
[train-ddpm] ep9 step44980 masked_mse_eps=0.0308 mask_only=0.0308 mask_area_fraction=1.0000
[val-ddpm] ep9 loss=0.0800  mask_only_loss=0.0808  x0_l1=1.0649  final_from_x0_psnr=34.04dB  mask_area_fraction=0.8945  outside_mask_max_diff=0.00000000
[train-ddpm] saved epoch sample grid (sampling took 1.4s)
[val-ddpm] new best loss=0.0800
[train-ddpm] plots: {'loss_curve': True, 'metric_curves': True, 'degradation_type_distribution': True}
[train-ddpm] done in 2598.4s. outputs in outputs/ddpm_masked_completion_hard_10k
===== EVAL MASKED COMPLETION DDPM 10K =====
[eval-ddpm] masked_completion mode: loaded frozen base U-Net from outputs/unet_hard_50k_b6w8/ckpt_best.pt
[eval-ddpm] masked_completion_target=residual  residual_scale=0.08508 residual_clip=0.1000  sampling_mode=ddim num_samples_per_input=4  cond_ch=8
[eval-ddpm] degradation filter=['mask_dropout', 'mixed_structured', 'lowfreq_atmospheric_bias', 'blur_downsample_upsample'] probs={'blur_downsample_upsample': 0.18, 'lowfreq_atmospheric_bias': 0.18, 'mixed_structured': 0.2, 'mask_dropout': 0.07}
[eval-ddpm] device=cuda  mode=masked_completion  samples=512  ckpt=outputs/ddpm_masked_completion_hard_10k/ckpt_best.pt  sampling_steps=50
ddim-sample:   0%|          | 0/50 [00:00<?, ?it/s]ddim-sample:  10%|█         | 5/50 [00:00<00:00, 48.26it/s]ddim-sample:  36%|███▌      | 18/50 [00:00<00:00, 93.70it/s]ddim-sample:  62%|██████▏   | 31/50 [00:00<00:00, 108.15it/s]ddim-sample:  90%|█████████ | 45/50 [00:00<00:00, 117.78it/s]                                                             ddim-sample:   0%|          | 0/50 [00:00<?, ?it/s]ddim-sample:  28%|██▊       | 14/50 [00:00<00:00, 133.69it/s]ddim-sample:  56%|█████▌    | 28/50 [00:00<00:00, 133.35it/s]ddim-sample:  84%|████████▍ | 42/50 [00:00<00:00, 133.29it/s]                                                             ddim-sample:   0%|          | 0/50 [00:00<?, ?it/s]ddim-sample:  28%|██▊       | 14/50 [00:00<00:00, 133.75it/s]ddim-sample:  56%|█████▌    | 28/50 [00:00<00:00, 133.20it/s]ddim-sample:  84%|████████▍ | 42/50 [00:00<00:00, 132.31it/s]                                                             ddim-sample:   0%|          | 0/50 [00:00<?, ?it/s]ddim-sample:  28%|██▊       | 14/50 [00:00<00:00, 131.76it/s]ddim-sample:  56%|█████▌    | 28/50 [00:00<00:00, 131.85it/s]ddim-sample:  84%|████████▍ | 42/50 [00:00<00:00, 131.68it/s]                                                             ddim-sample:   0%|          | 0/50 [00:00<?, ?it/s]ddim-sample:  28%|██▊       | 14/50 [00:00<00:00, 134.11it/s]ddim-sample:  56%|█████▌    | 28/50 [00:00<00:00, 134.14it/s]ddim-sample:  84%|████████▍ | 42/50 [00:00<00:00, 133.97it/s]                                                             ddim-sample:   0%|          | 0/50 [00:00<?, ?it/s]ddim-sample:  28%|██▊       | 14/50 [00:00<00:00, 133.36it/s]ddim-sample:  56%|█████▌    | 28/50 [00:00<00:00, 133.02it/s]ddim-sample:  84%|████████▍ | 42/50 [00:00<00:00, 132.70it/s]                                                             ddim-sample:   0%|          | 0/50 [00:00<?, ?it/s]ddim-sample:  28%|██▊       | 14/50 [00:00<00:00, 131.24it/s]ddim-sample:  56%|█████▌    | 28/50 [00:00<00:00, 131.00it/s]ddim-sample:  84%|████████▍ | 42/50 [00:00<00:00, 129.98it/s]                                                             ddim-sample:   0%|          | 0/50 [00:00<?, ?it/s]ddim-sample:  26%|██▌       | 13/50 [00:00<00:00, 128.99it/s]ddim-sample:  52%|█████▏    | 26/50 [00:00<00:00, 128.79it/s]ddim-sample:  80%|████████  | 40/50 [00:00<00:00, 129.53it/s]                                                             ddim-sample:   0%|          | 0/50 [00:00<?, ?it/s]ddim-sample:  28%|██▊       | 14/50 [00:00<00:00, 132.75it/s]ddim-sample:  56%|█████▌    | 28/50 [00:00<00:00, 132.72it/s]ddim-sample:  84%|████████▍ | 42/50 [00:00<00:00, 132.74it/s]                                                             ddim-sample:   0%|          | 0/50 [00:00<?, ?it/s]ddim-sample:  28%|██▊       | 14/50 [00:00<00:00, 131.17it/s]ddim-sample:  56%|█████▌    | 28/50 [00:00<00:00, 130.94it/s]ddim-sample:  84%|████████▍ | 42/50 [00:00<00:00, 130.54it/s]                                                             ddim-sample:   0%|          | 0/50 [00:00<?, ?it/s]ddim-sample:  26%|██▌       | 13/50 [00:00<00:00, 129.08it/s]ddim-sample:  52%|█████▏    | 26/50 [00:00<00:00, 128.16it/s]ddim-sample:  78%|███████▊  | 39/50 [00:00<00:00, 127.86it/s]                                                             ddim-sample:   0%|          | 0/50 [00:00<?, ?it/s]ddim-sample:  26%|██▌       | 13/50 [00:00<00:00, 126.88it/s]ddim-sample:  52%|█████▏    | 26/50 [00:00<00:00, 125.45it/s]ddim-sample:  78%|███████▊  | 39/50 [00:00<00:00, 126.14it/s]                                                             ddim-sample:   0%|          | 0/50 [00:00<?, ?it/s]ddim-sample:  28%|██▊       | 14/50 [00:00<00:00, 132.37it/s]ddim-sample:  56%|█████▌    | 28/50 [00:00<00:00, 132.91it/s]ddim-sample:  84%|████████▍ | 42/50 [00:00<00:00, 132.96it/s]                                                             ddim-sample:   0%|          | 0/50 [00:00<?, ?it/s]ddim-sample:  28%|██▊       | 14/50 [00:00<00:00, 131.17it/s]ddim-sample:  56%|█████▌    | 28/50 [00:00<00:00, 130.07it/s]ddim-sample:  84%|████████▍ | 42/50 [00:00<00:00, 128.73it/s]                                                             ddim-sample:   0%|          | 0/50 [00:00<?, ?it/s]ddim-sample:  26%|██▌       | 13/50 [00:00<00:00, 128.24it/s]ddim-sample:  52%|█████▏    | 26/50 [00:00<00:00, 128.00it/s]ddim-sample:  78%|███████▊  | 39/50 [00:00<00:00, 128.08it/s]                                                             ddim-sample:   0%|          | 0/50 [00:00<?, ?it/s]ddim-sample:  26%|██▌       | 13/50 [00:00<00:00, 128.63it/s]ddim-sample:  52%|█████▏    | 26/50 [00:00<00:00, 128.75it/s]ddim-sample:  78%|███████▊  | 39/50 [00:00<00:00, 128.79it/s]                                                             ddim-sample:   0%|          | 0/50 [00:00<?, ?it/s]ddim-sample:  28%|██▊       | 14/50 [00:00<00:00, 134.14it/s]ddim-sample:  56%|█████▌    | 28/50 [00:00<00:00, 134.08it/s]ddim-sample:  84%|████████▍ | 42/50 [00:00<00:00, 134.12it/s]                                                             ddim-sample:   0%|          | 0/50 [00:00<?, ?it/s]ddim-sample:  28%|██▊       | 14/50 [00:00<00:00, 132.27it/s]ddim-sample:  56%|█████▌    | 28/50 [00:00<00:00, 132.27it/s]ddim-sample:  84%|████████▍ | 42/50 [00:00<00:00, 131.17it/s]                                                             ddim-sample:   0%|          | 0/50 [00:00<?, ?it/s]ddim-sample:  26%|██▌       | 13/50 [00:00<00:00, 129.15it/s]ddim-sample:  52%|█████▏    | 26/50 [00:00<00:00, 128.68it/s]ddim-sample:  78%|███████▊  | 39/50 [00:00<00:00, 128.83it/s]                                                             ddim-sample:   0%|          | 0/50 [00:00<?, ?it/s]ddim-sample:  28%|██▊       | 14/50 [00:00<00:00, 130.16it/s]ddim-sample:  56%|█████▌    | 28/50 [00:00<00:00, 130.22it/s]ddim-sample:  84%|████████▍ | 42/50 [00:00<00:00, 130.07it/s]                                                             ddim-sample:   0%|          | 0/50 [00:00<?, ?it/s]ddim-sample:  28%|██▊       | 14/50 [00:00<00:00, 133.31it/s]ddim-sample:  56%|█████▌    | 28/50 [00:00<00:00, 133.43it/s]ddim-sample:  84%|████████▍ | 42/50 [00:00<00:00, 133.26it/s]                                                             ddim-sample:   0%|          | 0/50 [00:00<?, ?it/s]ddim-sample:  28%|██▊       | 14/50 [00:00<00:00, 132.46it/s]ddim-sample:  56%|█████▌    | 28/50 [00:00<00:00, 132.44it/s]ddim-sample:  84%|████████▍ | 42/50 [00:00<00:00, 131.61it/s]                                                             ddim-sample:   0%|          | 0/50 [00:00<?, ?it/s]ddim-sample:  26%|██▌       | 13/50 [00:00<00:00, 128.84it/s]ddim-sample:  52%|█████▏    | 26/50 [00:00<00:00, 128.14it/s]ddim-sample:  78%|███████▊  | 39/50 [00:00<00:00, 127.80it/s]                                                             ddim-sample:   0%|          | 0/50 [00:00<?, ?it/s]ddim-sample:  26%|██▌       | 13/50 [00:00<00:00, 128.12it/s]ddim-sample:  52%|█████▏    | 26/50 [00:00<00:00, 128.88it/s]ddim-sample:  78%|███████▊  | 39/50 [00:00<00:00, 129.32it/s]                                                             ddim-sample:   0%|          | 0/50 [00:00<?, ?it/s]ddim-sample:  28%|██▊       | 14/50 [00:00<00:00, 133.81it/s]ddim-sample:  56%|█████▌    | 28/50 [00:00<00:00, 134.09it/s]ddim-sample:  84%|████████▍ | 42/50 [00:00<00:00, 134.22it/s]                                                             ddim-sample:   0%|          | 0/50 [00:00<?, ?it/s]ddim-sample:  28%|██▊       | 14/50 [00:00<00:00, 132.73it/s]ddim-sample:  56%|█████▌    | 28/50 [00:00<00:00, 130.55it/s]ddim-sample:  84%|████████▍ | 42/50 [00:00<00:00, 130.01it/s]                                                             ddim-sample:   0%|          | 0/50 [00:00<?, ?it/s]ddim-sample:  26%|██▌       | 13/50 [00:00<00:00, 128.55it/s]ddim-sample:  52%|█████▏    | 26/50 [00:00<00:00, 129.26it/s]ddim-sample:  80%|████████  | 40/50 [00:00<00:00, 129.75it/s]                                                             ddim-sample:   0%|          | 0/50 [00:00<?, ?it/s]ddim-sample:  28%|██▊       | 14/50 [00:00<00:00, 130.22it/s]ddim-sample:  56%|█████▌    | 28/50 [00:00<00:00, 129.27it/s]ddim-sample:  82%|████████▏ | 41/50 [00:00<00:00, 128.87it/s]                                                             ddim-sample:   0%|          | 0/50 [00:00<?, ?it/s]ddim-sample:  28%|██▊       | 14/50 [00:00<00:00, 133.31it/s]ddim-sample:  56%|█████▌    | 28/50 [00:00<00:00, 133.33it/s]ddim-sample:  84%|████████▍ | 42/50 [00:00<00:00, 133.32it/s]                                                             ddim-sample:   0%|          | 0/50 [00:00<?, ?it/s]ddim-sample:  28%|██▊       | 14/50 [00:00<00:00, 132.16it/s]ddim-sample:  56%|█████▌    | 28/50 [00:00<00:00, 131.19it/s]ddim-sample:  84%|████████▍ | 42/50 [00:00<00:00, 130.58it/s]                                                             ddim-sample:   0%|          | 0/50 [00:00<?, ?it/s]ddim-sample:  26%|██▌       | 13/50 [00:00<00:00, 129.85it/s]ddim-sample:  52%|█████▏    | 26/50 [00:00<00:00, 129.84it/s]ddim-sample:  78%|███████▊  | 39/50 [00:00<00:00, 129.90it/s]                                                             ddim-sample:   0%|          | 0/50 [00:00<?, ?it/s]ddim-sample:  26%|██▌       | 13/50 [00:00<00:00, 128.63it/s]ddim-sample:  52%|█████▏    | 26/50 [00:00<00:00, 128.51it/s]ddim-sample:  78%|███████▊  | 39/50 [00:00<00:00, 128.34it/s]                                                             ddim-sample:   0%|          | 0/50 [00:00<?, ?it/s]ddim-sample:  28%|██▊       | 14/50 [00:00<00:00, 134.13it/s]ddim-sample:  56%|█████▌    | 28/50 [00:00<00:00, 134.07it/s]ddim-sample:  84%|████████▍ | 42/50 [00:00<00:00, 134.15it/s]                                                             ddim-sample:   0%|          | 0/50 [00:00<?, ?it/s]ddim-sample:  28%|██▊       | 14/50 [00:00<00:00, 131.12it/s]ddim-sample:  56%|█████▌    | 28/50 [00:00<00:00, 129.73it/s]ddim-sample:  82%|████████▏ | 41/50 [00:00<00:00, 129.40it/s]                                                             ddim-sample:   0%|          | 0/50 [00:00<?, ?it/s]ddim-sample:  26%|██▌       | 13/50 [00:00<00:00, 128.50it/s]ddim-sample:  52%|█████▏    | 26/50 [00:00<00:00, 128.59it/s]ddim-sample:  78%|███████▊  | 39/50 [00:00<00:00, 128.68it/s]                                                             ddim-sample:   0%|          | 0/50 [00:00<?, ?it/s]ddim-sample:  26%|██▌       | 13/50 [00:00<00:00, 128.72it/s]ddim-sample:  52%|█████▏    | 26/50 [00:00<00:00, 128.82it/s]ddim-sample:  78%|███████▊  | 39/50 [00:00<00:00, 128.86it/s]                                                             ddim-sample:   0%|          | 0/50 [00:00<?, ?it/s]ddim-sample:  28%|██▊       | 14/50 [00:00<00:00, 134.30it/s]ddim-sample:  56%|█████▌    | 28/50 [00:00<00:00, 134.23it/s]ddim-sample:  84%|████████▍ | 42/50 [00:00<00:00, 134.18it/s]                                                             ddim-sample:   0%|          | 0/50 [00:00<?, ?it/s]ddim-sample:  28%|██▊       | 14/50 [00:00<00:00, 132.56it/s]ddim-sample:  56%|█████▌    | 28/50 [00:00<00:00, 132.02it/s]ddim-sample:  84%|████████▍ | 42/50 [00:00<00:00, 131.40it/s]                                                             ddim-sample:   0%|          | 0/50 [00:00<?, ?it/s]ddim-sample:  28%|██▊       | 14/50 [00:00<00:00, 130.28it/s]ddim-sample:  56%|█████▌    | 28/50 [00:00<00:00, 129.98it/s]ddim-sample:  82%|████████▏ | 41/50 [00:00<00:00, 129.86it/s]                                                             ddim-sample:   0%|          | 0/50 [00:00<?, ?it/s]ddim-sample:  28%|██▊       | 14/50 [00:00<00:00, 130.06it/s]ddim-sample:  56%|█████▌    | 28/50 [00:00<00:00, 129.92it/s]ddim-sample:  82%|████████▏ | 41/50 [00:00<00:00, 129.90it/s]                                                             ddim-sample:   0%|          | 0/50 [00:00<?, ?it/s]ddim-sample:  28%|██▊       | 14/50 [00:00<00:00, 134.30it/s]ddim-sample:  56%|█████▌    | 28/50 [00:00<00:00, 134.43it/s]ddim-sample:  84%|████████▍ | 42/50 [00:00<00:00, 134.41it/s]                                                             ddim-sample:   0%|          | 0/50 [00:00<?, ?it/s]ddim-sample:  28%|██▊       | 14/50 [00:00<00:00, 133.99it/s]ddim-sample:  56%|█████▌    | 28/50 [00:00<00:00, 133.44it/s]ddim-sample:  84%|████████▍ | 42/50 [00:00<00:00, 132.65it/s]                                                             ddim-sample:   0%|          | 0/50 [00:00<?, ?it/s]ddim-sample:  28%|██▊       | 14/50 [00:00<00:00, 130.51it/s]ddim-sample:  56%|█████▌    | 28/50 [00:00<00:00, 129.50it/s]ddim-sample:  82%|████████▏ | 41/50 [00:00<00:00, 129.22it/s]                                                             ddim-sample:   0%|          | 0/50 [00:00<?, ?it/s]ddim-sample:  26%|██▌       | 13/50 [00:00<00:00, 128.39it/s]ddim-sample:  52%|█████▏    | 26/50 [00:00<00:00, 128.20it/s]ddim-sample:  78%|███████▊  | 39/50 [00:00<00:00, 128.40it/s]                                                             ddim-sample:   0%|          | 0/50 [00:00<?, ?it/s]ddim-sample:  28%|██▊       | 14/50 [00:00<00:00, 134.45it/s]ddim-sample:  56%|█████▌    | 28/50 [00:00<00:00, 134.05it/s]ddim-sample:  84%|████████▍ | 42/50 [00:00<00:00, 134.02it/s]                                                             ddim-sample:   0%|          | 0/50 [00:00<?, ?it/s]ddim-sample:  28%|██▊       | 14/50 [00:00<00:00, 132.64it/s]ddim-sample:  56%|█████▌    | 28/50 [00:00<00:00, 131.94it/s]ddim-sample:  84%|████████▍ | 42/50 [00:00<00:00, 131.23it/s]                                                             ddim-sample:   0%|          | 0/50 [00:00<?, ?it/s]ddim-sample:  26%|██▌       | 13/50 [00:00<00:00, 128.50it/s]ddim-sample:  52%|█████▏    | 26/50 [00:00<00:00, 128.64it/s]ddim-sample:  78%|███████▊  | 39/50 [00:00<00:00, 128.76it/s]                                                             ddim-sample:   0%|          | 0/50 [00:00<?, ?it/s]ddim-sample:  26%|██▌       | 13/50 [00:00<00:00, 128.79it/s]ddim-sample:  52%|█████▏    | 26/50 [00:00<00:00, 128.96it/s]ddim-sample:  78%|███████▊  | 39/50 [00:00<00:00, 128.94it/s]                                                             ddim-sample:   0%|          | 0/50 [00:00<?, ?it/s]ddim-sample:  28%|██▊       | 14/50 [00:00<00:00, 134.04it/s]ddim-sample:  56%|█████▌    | 28/50 [00:00<00:00, 134.04it/s]ddim-sample:  84%|████████▍ | 42/50 [00:00<00:00, 133.99it/s]                                                             ddim-sample:   0%|          | 0/50 [00:00<?, ?it/s]ddim-sample:  28%|██▊       | 14/50 [00:00<00:00, 131.94it/s]ddim-sample:  56%|█████▌    | 28/50 [00:00<00:00, 131.90it/s]ddim-sample:  84%|████████▍ | 42/50 [00:00<00:00, 131.94it/s]                                                             ddim-sample:   0%|          | 0/50 [00:00<?, ?it/s]ddim-sample:  28%|██▊       | 14/50 [00:00<00:00, 130.80it/s]ddim-sample:  56%|█████▌    | 28/50 [00:00<00:00, 130.56it/s]ddim-sample:  84%|████████▍ | 42/50 [00:00<00:00, 130.68it/s]                                                             ddim-sample:   0%|          | 0/50 [00:00<?, ?it/s]ddim-sample:  28%|██▊       | 14/50 [00:00<00:00, 130.73it/s]ddim-sample:  56%|█████▌    | 28/50 [00:00<00:00, 130.59it/s]ddim-sample:  84%|████████▍ | 42/50 [00:00<00:00, 129.77it/s]                                                             ddim-sample:   0%|          | 0/50 [00:00<?, ?it/s]ddim-sample:  28%|██▊       | 14/50 [00:00<00:00, 134.28it/s]ddim-sample:  56%|█████▌    | 28/50 [00:00<00:00, 134.33it/s]ddim-sample:  84%|████████▍ | 42/50 [00:00<00:00, 134.35it/s]                                                             ddim-sample:   0%|          | 0/50 [00:00<?, ?it/s]ddim-sample:  28%|██▊       | 14/50 [00:00<00:00, 132.67it/s]ddim-sample:  56%|█████▌    | 28/50 [00:00<00:00, 131.94it/s]ddim-sample:  84%|████████▍ | 42/50 [00:00<00:00, 131.25it/s]                                                             ddim-sample:   0%|          | 0/50 [00:00<?, ?it/s]ddim-sample:  28%|██▊       | 14/50 [00:00<00:00, 130.75it/s]ddim-sample:  56%|█████▌    | 28/50 [00:00<00:00, 130.60it/s]ddim-sample:  84%|████████▍ | 42/50 [00:00<00:00, 130.54it/s]                                                             ddim-sample:   0%|          | 0/50 [00:00<?, ?it/s]ddim-sample:  28%|██▊       | 14/50 [00:00<00:00, 130.35it/s]ddim-sample:  56%|█████▌    | 28/50 [00:00<00:00, 130.52it/s]ddim-sample:  84%|████████▍ | 42/50 [00:00<00:00, 130.48it/s]                                                             ddim-sample:   0%|          | 0/50 [00:00<?, ?it/s]ddim-sample:  28%|██▊       | 14/50 [00:00<00:00, 132.41it/s]ddim-sample:  56%|█████▌    | 28/50 [00:00<00:00, 132.30it/s]ddim-sample:  84%|████████▍ | 42/50 [00:00<00:00, 132.20it/s]                                                             ddim-sample:   0%|          | 0/50 [00:00<?, ?it/s]ddim-sample:  28%|██▊       | 14/50 [00:00<00:00, 130.81it/s]ddim-sample:  56%|█████▌    | 28/50 [00:00<00:00, 130.59it/s]ddim-sample:  84%|████████▍ | 42/50 [00:00<00:00, 130.04it/s]                                                             ddim-sample:   0%|          | 0/50 [00:00<?, ?it/s]ddim-sample:  26%|██▌       | 13/50 [00:00<00:00, 129.63it/s]ddim-sample:  52%|█████▏    | 26/50 [00:00<00:00, 129.48it/s]ddim-sample:  78%|███████▊  | 39/50 [00:00<00:00, 128.61it/s]                                                             ddim-sample:   0%|          | 0/50 [00:00<?, ?it/s]ddim-sample:  26%|██▌       | 13/50 [00:00<00:00, 127.16it/s]ddim-sample:  52%|█████▏    | 26/50 [00:00<00:00, 126.99it/s]ddim-sample:  78%|███████▊  | 39/50 [00:00<00:00, 127.44it/s]                                                             ddim-sample:   0%|          | 0/50 [00:00<?, ?it/s]ddim-sample:  28%|██▊       | 14/50 [00:00<00:00, 134.71it/s]ddim-sample:  56%|█████▌    | 28/50 [00:00<00:00, 134.59it/s]ddim-sample:  84%|████████▍ | 42/50 [00:00<00:00, 134.42it/s]                                                             ddim-sample:   0%|          | 0/50 [00:00<?, ?it/s]ddim-sample:  28%|██▊       | 14/50 [00:00<00:00, 132.52it/s]ddim-sample:  56%|█████▌    | 28/50 [00:00<00:00, 132.33it/s]ddim-sample:  84%|████████▍ | 42/50 [00:00<00:00, 132.37it/s]                                                             ddim-sample:   0%|          | 0/50 [00:00<?, ?it/s]ddim-sample:  26%|██▌       | 13/50 [00:00<00:00, 129.53it/s]ddim-sample:  52%|█████▏    | 26/50 [00:00<00:00, 129.59it/s]ddim-sample:  78%|███████▊  | 39/50 [00:00<00:00, 129.68it/s]                                                             ddim-sample:   0%|          | 0/50 [00:00<?, ?it/s]ddim-sample:  26%|██▌       | 13/50 [00:00<00:00, 129.52it/s]ddim-sample:  52%|█████▏    | 26/50 [00:00<00:00, 129.27it/s]ddim-sample:  78%|███████▊  | 39/50 [00:00<00:00, 129.16it/s]                                                             ddim-sample:   0%|          | 0/50 [00:00<?, ?it/s]ddim-sample:  28%|██▊       | 14/50 [00:00<00:00, 134.27it/s]ddim-sample:  56%|█████▌    | 28/50 [00:00<00:00, 134.33it/s]ddim-sample:  84%|████████▍ | 42/50 [00:00<00:00, 134.42it/s]                                                             ddim-sample:   0%|          | 0/50 [00:00<?, ?it/s]ddim-sample:  28%|██▊       | 14/50 [00:00<00:00, 134.12it/s]ddim-sample:  56%|█████▌    | 28/50 [00:00<00:00, 131.22it/s]ddim-sample:  84%|████████▍ | 42/50 [00:00<00:00, 129.35it/s]                                                             ddim-sample:   0%|          | 0/50 [00:00<?, ?it/s]ddim-sample:  26%|██▌       | 13/50 [00:00<00:00, 129.25it/s]ddim-sample:  52%|█████▏    | 26/50 [00:00<00:00, 129.41it/s]ddim-sample:  80%|████████  | 40/50 [00:00<00:00, 130.28it/s]                                                             ddim-sample:   0%|          | 0/50 [00:00<?, ?it/s]ddim-sample:  28%|██▊       | 14/50 [00:00<00:00, 131.06it/s]ddim-sample:  56%|█████▌    | 28/50 [00:00<00:00, 130.84it/s]ddim-sample:  84%|████████▍ | 42/50 [00:00<00:00, 129.61it/s]                                                             ddim-sample:   0%|          | 0/50 [00:00<?, ?it/s]ddim-sample:  28%|██▊       | 14/50 [00:00<00:00, 134.42it/s]ddim-sample:  56%|█████▌    | 28/50 [00:00<00:00, 134.05it/s]ddim-sample:  84%|████████▍ | 42/50 [00:00<00:00, 133.99it/s]                                                             ddim-sample:   0%|          | 0/50 [00:00<?, ?it/s]ddim-sample:  28%|██▊       | 14/50 [00:00<00:00, 131.90it/s]ddim-sample:  56%|█████▌    | 28/50 [00:00<00:00, 131.49it/s]ddim-sample:  84%|████████▍ | 42/50 [00:00<00:00, 131.89it/s]                                                             ddim-sample:   0%|          | 0/50 [00:00<?, ?it/s]ddim-sample:  28%|██▊       | 14/50 [00:00<00:00, 131.17it/s]ddim-sample:  56%|█████▌    | 28/50 [00:00<00:00, 131.01it/s]ddim-sample:  84%|████████▍ | 42/50 [00:00<00:00, 131.07it/s]                                                             ddim-sample:   0%|          | 0/50 [00:00<?, ?it/s]ddim-sample:  26%|██▌       | 13/50 [00:00<00:00, 128.30it/s]ddim-sample:  52%|█████▏    | 26/50 [00:00<00:00, 128.28it/s]ddim-sample:  78%|███████▊  | 39/50 [00:00<00:00, 128.93it/s]                                                             ddim-sample:   0%|          | 0/50 [00:00<?, ?it/s]ddim-sample:  28%|██▊       | 14/50 [00:00<00:00, 131.98it/s]ddim-sample:  56%|█████▌    | 28/50 [00:00<00:00, 132.17it/s]ddim-sample:  84%|████████▍ | 42/50 [00:00<00:00, 132.21it/s]                                                             ddim-sample:   0%|          | 0/50 [00:00<?, ?it/s]ddim-sample:  28%|██▊       | 14/50 [00:00<00:00, 132.40it/s]ddim-sample:  56%|█████▌    | 28/50 [00:00<00:00, 131.54it/s]ddim-sample:  84%|████████▍ | 42/50 [00:00<00:00, 131.16it/s]                                                             ddim-sample:   0%|          | 0/50 [00:00<?, ?it/s]ddim-sample:  26%|██▌       | 13/50 [00:00<00:00, 127.50it/s]ddim-sample:  52%|█████▏    | 26/50 [00:00<00:00, 127.79it/s]ddim-sample:  78%|███████▊  | 39/50 [00:00<00:00, 128.10it/s]                                                             ddim-sample:   0%|          | 0/50 [00:00<?, ?it/s]ddim-sample:  26%|██▌       | 13/50 [00:00<00:00, 128.56it/s]ddim-sample:  52%|█████▏    | 26/50 [00:00<00:00, 128.45it/s]ddim-sample:  78%|███████▊  | 39/50 [00:00<00:00, 128.42it/s]                                                             ddim-sample:   0%|          | 0/50 [00:00<?, ?it/s]ddim-sample:  28%|██▊       | 14/50 [00:00<00:00, 133.36it/s]ddim-sample:  56%|█████▌    | 28/50 [00:00<00:00, 133.80it/s]ddim-sample:  84%|████████▍ | 42/50 [00:00<00:00, 134.01it/s]                                                             ddim-sample:   0%|          | 0/50 [00:00<?, ?it/s]ddim-sample:  28%|██▊       | 14/50 [00:00<00:00, 133.57it/s]ddim-sample:  56%|█████▌    | 28/50 [00:00<00:00, 133.22it/s]ddim-sample:  84%|████████▍ | 42/50 [00:00<00:00, 132.10it/s]                                                             ddim-sample:   0%|          | 0/50 [00:00<?, ?it/s]ddim-sample:  28%|██▊       | 14/50 [00:00<00:00, 131.31it/s]ddim-sample:  56%|█████▌    | 28/50 [00:00<00:00, 131.10it/s]ddim-sample:  84%|████████▍ | 42/50 [00:00<00:00, 130.08it/s]                                                             ddim-sample:   0%|          | 0/50 [00:00<?, ?it/s]ddim-sample:  26%|██▌       | 13/50 [00:00<00:00, 128.96it/s]ddim-sample:  54%|█████▍    | 27/50 [00:00<00:00, 129.81it/s]ddim-sample:  82%|████████▏ | 41/50 [00:00<00:00, 129.95it/s]                                                             ddim-sample:   0%|          | 0/50 [00:00<?, ?it/s]ddim-sample:  28%|██▊       | 14/50 [00:00<00:00, 133.75it/s]ddim-sample:  56%|█████▌    | 28/50 [00:00<00:00, 133.72it/s]ddim-sample:  84%|████████▍ | 42/50 [00:00<00:00, 133.78it/s]                                                             ddim-sample:   0%|          | 0/50 [00:00<?, ?it/s]ddim-sample:  28%|██▊       | 14/50 [00:00<00:00, 133.04it/s]ddim-sample:  56%|█████▌    | 28/50 [00:00<00:00, 132.70it/s]ddim-sample:  84%|████████▍ | 42/50 [00:00<00:00, 131.52it/s]                                                             ddim-sample:   0%|          | 0/50 [00:00<?, ?it/s]ddim-sample:  28%|██▊       | 14/50 [00:00<00:00, 130.44it/s]ddim-sample:  56%|█████▌    | 28/50 [00:00<00:00, 130.25it/s]ddim-sample:  84%|████████▍ | 42/50 [00:00<00:00, 130.28it/s]                                                             ddim-sample:   0%|          | 0/50 [00:00<?, ?it/s]ddim-sample:  28%|██▊       | 14/50 [00:00<00:00, 130.31it/s]ddim-sample:  56%|█████▌    | 28/50 [00:00<00:00, 130.28it/s]ddim-sample:  84%|████████▍ | 42/50 [00:00<00:00, 130.32it/s]                                                             ddim-sample:   0%|          | 0/50 [00:00<?, ?it/s]ddim-sample:  28%|██▊       | 14/50 [00:00<00:00, 133.68it/s]ddim-sample:  56%|█████▌    | 28/50 [00:00<00:00, 134.04it/s]ddim-sample:  84%|████████▍ | 42/50 [00:00<00:00, 133.84it/s]                                                             ddim-sample:   0%|          | 0/50 [00:00<?, ?it/s]ddim-sample:  28%|██▊       | 14/50 [00:00<00:00, 132.88it/s]ddim-sample:  56%|█████▌    | 28/50 [00:00<00:00, 132.14it/s]ddim-sample:  84%|████████▍ | 42/50 [00:00<00:00, 131.88it/s]                                                             ddim-sample:   0%|          | 0/50 [00:00<?, ?it/s]ddim-sample:  28%|██▊       | 14/50 [00:00<00:00, 130.05it/s]ddim-sample:  56%|█████▌    | 28/50 [00:00<00:00, 129.24it/s]ddim-sample:  82%|████████▏ | 41/50 [00:00<00:00, 129.00it/s]                                                             ddim-sample:   0%|          | 0/50 [00:00<?, ?it/s]ddim-sample:  26%|██▌       | 13/50 [00:00<00:00, 128.83it/s]ddim-sample:  52%|█████▏    | 26/50 [00:00<00:00, 129.48it/s]ddim-sample:  80%|████████  | 40/50 [00:00<00:00, 129.74it/s]                                                             ddim-sample:   0%|          | 0/50 [00:00<?, ?it/s]ddim-sample:  28%|██▊       | 14/50 [00:00<00:00, 133.07it/s]ddim-sample:  56%|█████▌    | 28/50 [00:00<00:00, 133.19it/s]ddim-sample:  84%|████████▍ | 42/50 [00:00<00:00, 133.30it/s]                                                             ddim-sample:   0%|          | 0/50 [00:00<?, ?it/s]ddim-sample:  28%|██▊       | 14/50 [00:00<00:00, 132.10it/s]ddim-sample:  56%|█████▌    | 28/50 [00:00<00:00, 130.47it/s]ddim-sample:  84%|████████▍ | 42/50 [00:00<00:00, 130.48it/s]                                                             ddim-sample:   0%|          | 0/50 [00:00<?, ?it/s]ddim-sample:  28%|██▊       | 14/50 [00:00<00:00, 131.28it/s]ddim-sample:  56%|█████▌    | 28/50 [00:00<00:00, 131.24it/s]ddim-sample:  84%|████████▍ | 42/50 [00:00<00:00, 131.17it/s]                                                             ddim-sample:   0%|          | 0/50 [00:00<?, ?it/s]ddim-sample:  26%|██▌       | 13/50 [00:00<00:00, 129.38it/s]ddim-sample:  52%|█████▏    | 26/50 [00:00<00:00, 129.38it/s]ddim-sample:  78%|███████▊  | 39/50 [00:00<00:00, 129.31it/s]                                                             ddim-sample:   0%|          | 0/50 [00:00<?, ?it/s]ddim-sample:  28%|██▊       | 14/50 [00:00<00:00, 134.40it/s]ddim-sample:  56%|█████▌    | 28/50 [00:00<00:00, 134.60it/s]ddim-sample:  84%|████████▍ | 42/50 [00:00<00:00, 134.69it/s]                                                             ddim-sample:   0%|          | 0/50 [00:00<?, ?it/s]ddim-sample:  28%|██▊       | 14/50 [00:00<00:00, 133.66it/s]ddim-sample:  56%|█████▌    | 28/50 [00:00<00:00, 132.94it/s]ddim-sample:  84%|████████▍ | 42/50 [00:00<00:00, 131.56it/s]                                                             ddim-sample:   0%|          | 0/50 [00:00<?, ?it/s]ddim-sample:  28%|██▊       | 14/50 [00:00<00:00, 130.72it/s]ddim-sample:  56%|█████▌    | 28/50 [00:00<00:00, 130.51it/s]ddim-sample:  84%|████████▍ | 42/50 [00:00<00:00, 130.53it/s]                                                             ddim-sample:   0%|          | 0/50 [00:00<?, ?it/s]ddim-sample:  26%|██▌       | 13/50 [00:00<00:00, 128.96it/s]ddim-sample:  52%|█████▏    | 26/50 [00:00<00:00, 128.56it/s]ddim-sample:  78%|███████▊  | 39/50 [00:00<00:00, 128.89it/s]                                                             ddim-sample:   0%|          | 0/50 [00:00<?, ?it/s]ddim-sample:  28%|██▊       | 14/50 [00:00<00:00, 133.07it/s]ddim-sample:  56%|█████▌    | 28/50 [00:00<00:00, 133.26it/s]ddim-sample:  84%|████████▍ | 42/50 [00:00<00:00, 133.41it/s]                                                             ddim-sample:   0%|          | 0/50 [00:00<?, ?it/s]ddim-sample:  28%|██▊       | 14/50 [00:00<00:00, 133.87it/s]ddim-sample:  56%|█████▌    | 28/50 [00:00<00:00, 132.37it/s]ddim-sample:  84%|████████▍ | 42/50 [00:00<00:00, 131.64it/s]                                                             ddim-sample:   0%|          | 0/50 [00:00<?, ?it/s]ddim-sample:  26%|██▌       | 13/50 [00:00<00:00, 129.15it/s]ddim-sample:  52%|█████▏    | 26/50 [00:00<00:00, 129.22it/s]ddim-sample:  78%|███████▊  | 39/50 [00:00<00:00, 128.92it/s]                                                             ddim-sample:   0%|          | 0/50 [00:00<?, ?it/s]ddim-sample:  28%|██▊       | 14/50 [00:00<00:00, 130.83it/s]ddim-sample:  56%|█████▌    | 28/50 [00:00<00:00, 129.77it/s]ddim-sample:  82%|████████▏ | 41/50 [00:00<00:00, 128.94it/s]                                                             ddim-sample:   0%|          | 0/50 [00:00<?, ?it/s]ddim-sample:  28%|██▊       | 14/50 [00:00<00:00, 133.18it/s]ddim-sample:  56%|█████▌    | 28/50 [00:00<00:00, 133.17it/s]ddim-sample:  84%|████████▍ | 42/50 [00:00<00:00, 133.21it/s]                                                             ddim-sample:   0%|          | 0/50 [00:00<?, ?it/s]ddim-sample:  28%|██▊       | 14/50 [00:00<00:00, 133.19it/s]ddim-sample:  56%|█████▌    | 28/50 [00:00<00:00, 132.26it/s]ddim-sample:  84%|████████▍ | 42/50 [00:00<00:00, 132.11it/s]                                                             ddim-sample:   0%|          | 0/50 [00:00<?, ?it/s]ddim-sample:  26%|██▌       | 13/50 [00:00<00:00, 129.81it/s]ddim-sample:  54%|█████▍    | 27/50 [00:00<00:00, 130.14it/s]ddim-sample:  82%|████████▏ | 41/50 [00:00<00:00, 130.60it/s]                                                             ddim-sample:   0%|          | 0/50 [00:00<?, ?it/s]ddim-sample:  26%|██▌       | 13/50 [00:00<00:00, 128.54it/s]ddim-sample:  52%|█████▏    | 26/50 [00:00<00:00, 128.58it/s]ddim-sample:  80%|████████  | 40/50 [00:00<00:00, 129.75it/s]                                                             ddim-sample:   0%|          | 0/50 [00:00<?, ?it/s]ddim-sample:  28%|██▊       | 14/50 [00:00<00:00, 133.64it/s]ddim-sample:  56%|█████▌    | 28/50 [00:00<00:00, 133.87it/s]ddim-sample:  84%|████████▍ | 42/50 [00:00<00:00, 133.96it/s]                                                             ddim-sample:   0%|          | 0/50 [00:00<?, ?it/s]ddim-sample:  28%|██▊       | 14/50 [00:00<00:00, 132.10it/s]ddim-sample:  56%|█████▌    | 28/50 [00:00<00:00, 132.29it/s]ddim-sample:  84%|████████▍ | 42/50 [00:00<00:00, 131.96it/s]                                                             ddim-sample:   0%|          | 0/50 [00:00<?, ?it/s]ddim-sample:  26%|██▌       | 13/50 [00:00<00:00, 128.61it/s]ddim-sample:  52%|█████▏    | 26/50 [00:00<00:00, 128.35it/s]ddim-sample:  78%|███████▊  | 39/50 [00:00<00:00, 128.20it/s]                                                             ddim-sample:   0%|          | 0/50 [00:00<?, ?it/s]ddim-sample:  26%|██▌       | 13/50 [00:00<00:00, 129.41it/s]ddim-sample:  52%|█████▏    | 26/50 [00:00<00:00, 129.28it/s]ddim-sample:  78%|███████▊  | 39/50 [00:00<00:00, 129.31it/s]                                                             ddim-sample:   0%|          | 0/50 [00:00<?, ?it/s]ddim-sample:  28%|██▊       | 14/50 [00:00<00:00, 133.96it/s]ddim-sample:  56%|█████▌    | 28/50 [00:00<00:00, 134.04it/s]ddim-sample:  84%|████████▍ | 42/50 [00:00<00:00, 134.08it/s]                                                             ddim-sample:   0%|          | 0/50 [00:00<?, ?it/s]ddim-sample:  28%|██▊       | 14/50 [00:00<00:00, 133.02it/s]ddim-sample:  56%|█████▌    | 28/50 [00:00<00:00, 132.74it/s]ddim-sample:  84%|████████▍ | 42/50 [00:00<00:00, 132.17it/s]                                                             ddim-sample:   0%|          | 0/50 [00:00<?, ?it/s]ddim-sample:  28%|██▊       | 14/50 [00:00<00:00, 130.21it/s]ddim-sample:  56%|█████▌    | 28/50 [00:00<00:00, 128.88it/s]ddim-sample:  82%|████████▏ | 41/50 [00:00<00:00, 129.00it/s]                                                             ddim-sample:   0%|          | 0/50 [00:00<?, ?it/s]ddim-sample:  26%|██▌       | 13/50 [00:00<00:00, 129.80it/s]ddim-sample:  52%|█████▏    | 26/50 [00:00<00:00, 129.63it/s]ddim-sample:  78%|███████▊  | 39/50 [00:00<00:00, 129.48it/s]                                                             ddim-sample:   0%|          | 0/50 [00:00<?, ?it/s]ddim-sample:  28%|██▊       | 14/50 [00:00<00:00, 132.96it/s]ddim-sample:  56%|█████▌    | 28/50 [00:00<00:00, 133.08it/s]ddim-sample:  84%|████████▍ | 42/50 [00:00<00:00, 132.92it/s]                                                             ddim-sample:   0%|          | 0/50 [00:00<?, ?it/s]ddim-sample:  28%|██▊       | 14/50 [00:00<00:00, 131.18it/s]ddim-sample:  56%|█████▌    | 28/50 [00:00<00:00, 131.38it/s]ddim-sample:  84%|████████▍ | 42/50 [00:00<00:00, 131.65it/s]                                                             ddim-sample:   0%|          | 0/50 [00:00<?, ?it/s]ddim-sample:  28%|██▊       | 14/50 [00:00<00:00, 130.89it/s]ddim-sample:  56%|█████▌    | 28/50 [00:00<00:00, 130.13it/s]ddim-sample:  84%|████████▍ | 42/50 [00:00<00:00, 130.16it/s]                                                             ddim-sample:   0%|          | 0/50 [00:00<?, ?it/s]ddim-sample:  26%|██▌       | 13/50 [00:00<00:00, 129.47it/s]ddim-sample:  52%|█████▏    | 26/50 [00:00<00:00, 128.87it/s]ddim-sample:  78%|███████▊  | 39/50 [00:00<00:00, 128.79it/s]                                                             ddim-sample:   0%|          | 0/50 [00:00<?, ?it/s]ddim-sample:  28%|██▊       | 14/50 [00:00<00:00, 132.07it/s]ddim-sample:  56%|█████▌    | 28/50 [00:00<00:00, 133.01it/s]ddim-sample:  84%|████████▍ | 42/50 [00:00<00:00, 133.43it/s]                                                             ddim-sample:   0%|          | 0/50 [00:00<?, ?it/s]ddim-sample:  28%|██▊       | 14/50 [00:00<00:00, 133.23it/s]ddim-sample:  56%|█████▌    | 28/50 [00:00<00:00, 132.88it/s]ddim-sample:  84%|████████▍ | 42/50 [00:00<00:00, 131.71it/s]                                                             ddim-sample:   0%|          | 0/50 [00:00<?, ?it/s]ddim-sample:  26%|██▌       | 13/50 [00:00<00:00, 129.80it/s]ddim-sample:  52%|█████▏    | 26/50 [00:00<00:00, 129.89it/s]ddim-sample:  78%|███████▊  | 39/50 [00:00<00:00, 129.92it/s]                                                             ddim-sample:   0%|          | 0/50 [00:00<?, ?it/s]ddim-sample:  26%|██▌       | 13/50 [00:00<00:00, 129.20it/s]ddim-sample:  52%|█████▏    | 26/50 [00:00<00:00, 129.19it/s]ddim-sample:  78%|███████▊  | 39/50 [00:00<00:00, 129.30it/s]                                                             ddim-sample:   0%|          | 0/50 [00:00<?, ?it/s]ddim-sample:  28%|██▊       | 14/50 [00:00<00:00, 134.34it/s]ddim-sample:  56%|█████▌    | 28/50 [00:00<00:00, 134.29it/s]ddim-sample:  84%|████████▍ | 42/50 [00:00<00:00, 134.46it/s]                                                             ddim-sample:   0%|          | 0/50 [00:00<?, ?it/s]ddim-sample:  28%|██▊       | 14/50 [00:00<00:00, 132.91it/s]ddim-sample:  56%|█████▌    | 28/50 [00:00<00:00, 132.77it/s]ddim-sample:  84%|████████▍ | 42/50 [00:00<00:00, 132.87it/s]                                                             ddim-sample:   0%|          | 0/50 [00:00<?, ?it/s]ddim-sample:  28%|██▊       | 14/50 [00:00<00:00, 131.16it/s]ddim-sample:  56%|█████▌    | 28/50 [00:00<00:00, 130.26it/s]ddim-sample:  84%|████████▍ | 42/50 [00:00<00:00, 130.18it/s]                                                             ddim-sample:   0%|          | 0/50 [00:00<?, ?it/s]ddim-sample:  26%|██▌       | 13/50 [00:00<00:00, 129.95it/s]ddim-sample:  54%|█████▍    | 27/50 [00:00<00:00, 130.04it/s]ddim-sample:  82%|████████▏ | 41/50 [00:00<00:00, 130.04it/s]                                                             ddim-sample:   0%|          | 0/50 [00:00<?, ?it/s]ddim-sample:  28%|██▊       | 14/50 [00:00<00:00, 134.11it/s]ddim-sample:  56%|█████▌    | 28/50 [00:00<00:00, 133.81it/s]ddim-sample:  84%|████████▍ | 42/50 [00:00<00:00, 133.92it/s]                                                             ddim-sample:   0%|          | 0/50 [00:00<?, ?it/s]ddim-sample:  28%|██▊       | 14/50 [00:00<00:00, 132.21it/s]ddim-sample:  56%|█████▌    | 28/50 [00:00<00:00, 131.93it/s]ddim-sample:  84%|████████▍ | 42/50 [00:00<00:00, 131.44it/s]                                                             ddim-sample:   0%|          | 0/50 [00:00<?, ?it/s]ddim-sample:  26%|██▌       | 13/50 [00:00<00:00, 128.09it/s]ddim-sample:  52%|█████▏    | 26/50 [00:00<00:00, 128.37it/s]ddim-sample:  78%|███████▊  | 39/50 [00:00<00:00, 129.09it/s]                                                             ddim-sample:   0%|          | 0/50 [00:00<?, ?it/s]ddim-sample:  28%|██▊       | 14/50 [00:00<00:00, 130.36it/s]ddim-sample:  56%|█████▌    | 28/50 [00:00<00:00, 130.07it/s]ddim-sample:  84%|████████▍ | 42/50 [00:00<00:00, 129.87it/s]                                                             ddim-sample:   0%|          | 0/50 [00:00<?, ?it/s]ddim-sample:  28%|██▊       | 14/50 [00:00<00:00, 133.79it/s]ddim-sample:  56%|█████▌    | 28/50 [00:00<00:00, 133.74it/s]ddim-sample:  84%|████████▍ | 42/50 [00:00<00:00, 133.71it/s]                                                             ddim-sample:   0%|          | 0/50 [00:00<?, ?it/s]ddim-sample:  28%|██▊       | 14/50 [00:00<00:00, 133.55it/s]ddim-sample:  56%|█████▌    | 28/50 [00:00<00:00, 132.58it/s]ddim-sample:  84%|████████▍ | 42/50 [00:00<00:00, 131.74it/s]                                                             ddim-sample:   0%|          | 0/50 [00:00<?, ?it/s]ddim-sample:  26%|██▌       | 13/50 [00:00<00:00, 129.37it/s]ddim-sample:  52%|█████▏    | 26/50 [00:00<00:00, 129.27it/s]ddim-sample:  78%|███████▊  | 39/50 [00:00<00:00, 129.29it/s]                                                             ddim-sample:   0%|          | 0/50 [00:00<?, ?it/s]ddim-sample:  26%|██▌       | 13/50 [00:00<00:00, 129.51it/s]ddim-sample:  52%|█████▏    | 26/50 [00:00<00:00, 129.29it/s]ddim-sample:  78%|███████▊  | 39/50 [00:00<00:00, 129.54it/s]                                                             ddim-sample:   0%|          | 0/50 [00:00<?, ?it/s]ddim-sample:  28%|██▊       | 14/50 [00:00<00:00, 134.05it/s]ddim-sample:  56%|█████▌    | 28/50 [00:00<00:00, 134.27it/s]ddim-sample:  84%|████████▍ | 42/50 [00:00<00:00, 134.37it/s]                                                             ddim-sample:   0%|          | 0/50 [00:00<?, ?it/s]ddim-sample:  28%|██▊       | 14/50 [00:00<00:00, 133.94it/s]ddim-sample:  56%|█████▌    | 28/50 [00:00<00:00, 133.31it/s]ddim-sample:  84%|████████▍ | 42/50 [00:00<00:00, 132.89it/s]                                                             ddim-sample:   0%|          | 0/50 [00:00<?, ?it/s]ddim-sample:  28%|██▊       | 14/50 [00:00<00:00, 130.87it/s]ddim-sample:  56%|█████▌    | 28/50 [00:00<00:00, 129.74it/s]ddim-sample:  82%|████████▏ | 41/50 [00:00<00:00, 129.58it/s]                                                             ddim-sample:   0%|          | 0/50 [00:00<?, ?it/s]ddim-sample:  28%|██▊       | 14/50 [00:00<00:00, 131.20it/s]ddim-sample:  56%|█████▌    | 28/50 [00:00<00:00, 129.85it/s]ddim-sample:  82%|████████▏ | 41/50 [00:00<00:00, 129.23it/s]                                                             ddim-sample:   0%|          | 0/50 [00:00<?, ?it/s]ddim-sample:  28%|██▊       | 14/50 [00:00<00:00, 134.30it/s]ddim-sample:  56%|█████▌    | 28/50 [00:00<00:00, 134.17it/s]ddim-sample:  84%|████████▍ | 42/50 [00:00<00:00, 134.24it/s]                                                             ddim-sample:   0%|          | 0/50 [00:00<?, ?it/s]ddim-sample:  28%|██▊       | 14/50 [00:00<00:00, 134.08it/s]ddim-sample:  56%|█████▌    | 28/50 [00:00<00:00, 133.12it/s]ddim-sample:  84%|████████▍ | 42/50 [00:00<00:00, 132.36it/s]                                                             ddim-sample:   0%|          | 0/50 [00:00<?, ?it/s]ddim-sample:  26%|██▌       | 13/50 [00:00<00:00, 129.99it/s]ddim-sample:  52%|█████▏    | 26/50 [00:00<00:00, 129.45it/s]ddim-sample:  78%|███████▊  | 39/50 [00:00<00:00, 128.93it/s]                                                             ddim-sample:   0%|          | 0/50 [00:00<?, ?it/s]ddim-sample:  26%|██▌       | 13/50 [00:00<00:00, 128.63it/s]ddim-sample:  52%|█████▏    | 26/50 [00:00<00:00, 128.31it/s]ddim-sample:  78%|███████▊  | 39/50 [00:00<00:00, 127.41it/s]                                                             ddim-sample:   0%|          | 0/50 [00:00<?, ?it/s]ddim-sample:  28%|██▊       | 14/50 [00:00<00:00, 134.45it/s]ddim-sample:  56%|█████▌    | 28/50 [00:00<00:00, 134.47it/s]ddim-sample:  84%|████████▍ | 42/50 [00:00<00:00, 134.52it/s]                                                             ddim-sample:   0%|          | 0/50 [00:00<?, ?it/s]ddim-sample:  28%|██▊       | 14/50 [00:00<00:00, 131.40it/s]ddim-sample:  56%|█████▌    | 28/50 [00:00<00:00, 130.73it/s]ddim-sample:  84%|████████▍ | 42/50 [00:00<00:00, 130.31it/s]                                                             ddim-sample:   0%|          | 0/50 [00:00<?, ?it/s]ddim-sample:  26%|██▌       | 13/50 [00:00<00:00, 129.34it/s]ddim-sample:  52%|█████▏    | 26/50 [00:00<00:00, 129.41it/s]ddim-sample:  78%|███████▊  | 39/50 [00:00<00:00, 129.15it/s]                                                             ddim-sample:   0%|          | 0/50 [00:00<?, ?it/s]ddim-sample:  26%|██▌       | 13/50 [00:00<00:00, 129.48it/s]ddim-sample:  52%|█████▏    | 26/50 [00:00<00:00, 129.39it/s]ddim-sample:  78%|███████▊  | 39/50 [00:00<00:00, 129.40it/s]                                                             ddim-sample:   0%|          | 0/50 [00:00<?, ?it/s]ddim-sample:  28%|██▊       | 14/50 [00:00<00:00, 134.99it/s]ddim-sample:  56%|█████▌    | 28/50 [00:00<00:00, 134.73it/s]ddim-sample:  84%|████████▍ | 42/50 [00:00<00:00, 134.62it/s]                                                             ddim-sample:   0%|          | 0/50 [00:00<?, ?it/s]ddim-sample:  28%|██▊       | 14/50 [00:00<00:00, 133.06it/s]ddim-sample:  56%|█████▌    | 28/50 [00:00<00:00, 132.31it/s]ddim-sample:  84%|████████▍ | 42/50 [00:00<00:00, 131.19it/s]                                                             ddim-sample:   0%|          | 0/50 [00:00<?, ?it/s]ddim-sample:  26%|██▌       | 13/50 [00:00<00:00, 129.41it/s]ddim-sample:  52%|█████▏    | 26/50 [00:00<00:00, 129.13it/s]ddim-sample:  78%|███████▊  | 39/50 [00:00<00:00, 129.20it/s]                                                             ddim-sample:   0%|          | 0/50 [00:00<?, ?it/s]ddim-sample:  28%|██▊       | 14/50 [00:00<00:00, 130.13it/s]ddim-sample:  56%|█████▌    | 28/50 [00:00<00:00, 130.14it/s]ddim-sample:  84%|████████▍ | 42/50 [00:00<00:00, 129.23it/s]                                                             ddim-sample:   0%|          | 0/50 [00:00<?, ?it/s]ddim-sample:  28%|██▊       | 14/50 [00:00<00:00, 134.57it/s]ddim-sample:  56%|█████▌    | 28/50 [00:00<00:00, 134.54it/s]ddim-sample:  84%|████████▍ | 42/50 [00:00<00:00, 134.44it/s]                                                             ddim-sample:   0%|          | 0/50 [00:00<?, ?it/s]ddim-sample:  28%|██▊       | 14/50 [00:00<00:00, 133.35it/s]ddim-sample:  56%|█████▌    | 28/50 [00:00<00:00, 130.52it/s]ddim-sample:  84%|████████▍ | 42/50 [00:00<00:00, 130.03it/s]                                                             ddim-sample:   0%|          | 0/50 [00:00<?, ?it/s]ddim-sample:  28%|██▊       | 14/50 [00:00<00:00, 130.71it/s]ddim-sample:  56%|█████▌    | 28/50 [00:00<00:00, 130.65it/s]ddim-sample:  84%|████████▍ | 42/50 [00:00<00:00, 130.37it/s]                                                             ddim-sample:   0%|          | 0/50 [00:00<?, ?it/s]ddim-sample:  28%|██▊       | 14/50 [00:00<00:00, 130.01it/s]ddim-sample:  56%|█████▌    | 28/50 [00:00<00:00, 129.94it/s]ddim-sample:  84%|████████▍ | 42/50 [00:00<00:00, 129.94it/s]                                                             ddim-sample:   0%|          | 0/50 [00:00<?, ?it/s]ddim-sample:  28%|██▊       | 14/50 [00:00<00:00, 134.34it/s]ddim-sample:  56%|█████▌    | 28/50 [00:00<00:00, 134.53it/s]ddim-sample:  84%|████████▍ | 42/50 [00:00<00:00, 134.48it/s]                                                             ddim-sample:   0%|          | 0/50 [00:00<?, ?it/s]ddim-sample:  28%|██▊       | 14/50 [00:00<00:00, 132.71it/s]ddim-sample:  56%|█████▌    | 28/50 [00:00<00:00, 132.01it/s]ddim-sample:  84%|████████▍ | 42/50 [00:00<00:00, 131.55it/s]                                                             ddim-sample:   0%|          | 0/50 [00:00<?, ?it/s]ddim-sample:  28%|██▊       | 14/50 [00:00<00:00, 130.64it/s]ddim-sample:  56%|█████▌    | 28/50 [00:00<00:00, 130.56it/s]ddim-sample:  84%|████████▍ | 42/50 [00:00<00:00, 130.51it/s]                                                             ddim-sample:   0%|          | 0/50 [00:00<?, ?it/s]ddim-sample:  26%|██▌       | 13/50 [00:00<00:00, 128.58it/s]ddim-sample:  52%|█████▏    | 26/50 [00:00<00:00, 128.49it/s]ddim-sample:  78%|███████▊  | 39/50 [00:00<00:00, 128.58it/s]                                                             ddim-sample:   0%|          | 0/50 [00:00<?, ?it/s]ddim-sample:  28%|██▊       | 14/50 [00:00<00:00, 134.34it/s]ddim-sample:  56%|█████▌    | 28/50 [00:00<00:00, 134.27it/s]ddim-sample:  84%|████████▍ | 42/50 [00:00<00:00, 134.26it/s]                                                             ddim-sample:   0%|          | 0/50 [00:00<?, ?it/s]ddim-sample:  28%|██▊       | 14/50 [00:00<00:00, 131.32it/s]ddim-sample:  56%|█████▌    | 28/50 [00:00<00:00, 130.11it/s]ddim-sample:  84%|████████▍ | 42/50 [00:00<00:00, 129.82it/s]                                                             ddim-sample:   0%|          | 0/50 [00:00<?, ?it/s]ddim-sample:  26%|██▌       | 13/50 [00:00<00:00, 129.89it/s]ddim-sample:  52%|█████▏    | 26/50 [00:00<00:00, 129.76it/s]ddim-sample:  78%|███████▊  | 39/50 [00:00<00:00, 129.75it/s]                                                             ddim-sample:   0%|          | 0/50 [00:00<?, ?it/s]ddim-sample:  26%|██▌       | 13/50 [00:00<00:00, 129.59it/s]ddim-sample:  52%|█████▏    | 26/50 [00:00<00:00, 129.49it/s]ddim-sample:  78%|███████▊  | 39/50 [00:00<00:00, 129.53it/s]                                                             ddim-sample:   0%|          | 0/50 [00:00<?, ?it/s]ddim-sample:  28%|██▊       | 14/50 [00:00<00:00, 133.94it/s]ddim-sample:  56%|█████▌    | 28/50 [00:00<00:00, 133.88it/s]ddim-sample:  84%|████████▍ | 42/50 [00:00<00:00, 133.92it/s]                                                             ddim-sample:   0%|          | 0/50 [00:00<?, ?it/s]ddim-sample:  28%|██▊       | 14/50 [00:00<00:00, 133.24it/s]ddim-sample:  56%|█████▌    | 28/50 [00:00<00:00, 132.39it/s]ddim-sample:  84%|████████▍ | 42/50 [00:00<00:00, 131.23it/s]                                                             ddim-sample:   0%|          | 0/50 [00:00<?, ?it/s]ddim-sample:  26%|██▌       | 13/50 [00:00<00:00, 128.29it/s]ddim-sample:  52%|█████▏    | 26/50 [00:00<00:00, 129.18it/s]ddim-sample:  80%|████████  | 40/50 [00:00<00:00, 129.60it/s]                                                             ddim-sample:   0%|          | 0/50 [00:00<?, ?it/s]ddim-sample:  26%|██▌       | 13/50 [00:00<00:00, 129.76it/s]ddim-sample:  52%|█████▏    | 26/50 [00:00<00:00, 129.75it/s]ddim-sample:  80%|████████  | 40/50 [00:00<00:00, 129.90it/s]                                                             ddim-sample:   0%|          | 0/50 [00:00<?, ?it/s]ddim-sample:  28%|██▊       | 14/50 [00:00<00:00, 134.59it/s]ddim-sample:  56%|█████▌    | 28/50 [00:00<00:00, 134.75it/s]ddim-sample:  84%|████████▍ | 42/50 [00:00<00:00, 134.82it/s]                                                             ddim-sample:   0%|          | 0/50 [00:00<?, ?it/s]ddim-sample:  28%|██▊       | 14/50 [00:00<00:00, 134.26it/s]ddim-sample:  56%|█████▌    | 28/50 [00:00<00:00, 131.09it/s]ddim-sample:  84%|████████▍ | 42/50 [00:00<00:00, 130.30it/s]                                                             ddim-sample:   0%|          | 0/50 [00:00<?, ?it/s]ddim-sample:  26%|██▌       | 13/50 [00:00<00:00, 129.29it/s]ddim-sample:  52%|█████▏    | 26/50 [00:00<00:00, 128.90it/s]ddim-sample:  78%|███████▊  | 39/50 [00:00<00:00, 129.05it/s]                                                             ddim-sample:   0%|          | 0/50 [00:00<?, ?it/s]ddim-sample:  26%|██▌       | 13/50 [00:00<00:00, 129.69it/s]ddim-sample:  52%|█████▏    | 26/50 [00:00<00:00, 129.54it/s]ddim-sample:  78%|███████▊  | 39/50 [00:00<00:00, 129.57it/s]                                                             ddim-sample:   0%|          | 0/50 [00:00<?, ?it/s]ddim-sample:  28%|██▊       | 14/50 [00:00<00:00, 133.53it/s]ddim-sample:  56%|█████▌    | 28/50 [00:00<00:00, 133.26it/s]ddim-sample:  84%|████████▍ | 42/50 [00:00<00:00, 133.48it/s]                                                             ddim-sample:   0%|          | 0/50 [00:00<?, ?it/s]ddim-sample:  28%|██▊       | 14/50 [00:00<00:00, 131.55it/s]ddim-sample:  56%|█████▌    | 28/50 [00:00<00:00, 131.45it/s]ddim-sample:  84%|████████▍ | 42/50 [00:00<00:00, 131.25it/s]                                                             ddim-sample:   0%|          | 0/50 [00:00<?, ?it/s]ddim-sample:  26%|██▌       | 13/50 [00:00<00:00, 128.11it/s]ddim-sample:  52%|█████▏    | 26/50 [00:00<00:00, 128.21it/s]ddim-sample:  78%|███████▊  | 39/50 [00:00<00:00, 128.28it/s]                                                             ddim-sample:   0%|          | 0/50 [00:00<?, ?it/s]ddim-sample:  26%|██▌       | 13/50 [00:00<00:00, 128.98it/s]ddim-sample:  54%|█████▍    | 27/50 [00:00<00:00, 129.93it/s]ddim-sample:  82%|████████▏ | 41/50 [00:00<00:00, 130.26it/s]                                                             ddim-sample:   0%|          | 0/50 [00:00<?, ?it/s]ddim-sample:  28%|██▊       | 14/50 [00:00<00:00, 132.97it/s]ddim-sample:  56%|█████▌    | 28/50 [00:00<00:00, 132.98it/s]ddim-sample:  84%|████████▍ | 42/50 [00:00<00:00, 132.88it/s]                                                             ddim-sample:   0%|          | 0/50 [00:00<?, ?it/s]ddim-sample:  28%|██▊       | 14/50 [00:00<00:00, 130.58it/s]ddim-sample:  56%|█████▌    | 28/50 [00:00<00:00, 130.43it/s]ddim-sample:  84%|████████▍ | 42/50 [00:00<00:00, 129.67it/s]                                                             ddim-sample:   0%|          | 0/50 [00:00<?, ?it/s]ddim-sample:  26%|██▌       | 13/50 [00:00<00:00, 128.78it/s]ddim-sample:  52%|█████▏    | 26/50 [00:00<00:00, 128.69it/s]ddim-sample:  78%|███████▊  | 39/50 [00:00<00:00, 128.76it/s]                                                             ddim-sample:   0%|          | 0/50 [00:00<?, ?it/s]ddim-sample:  26%|██▌       | 13/50 [00:00<00:00, 129.49it/s]ddim-sample:  52%|█████▏    | 26/50 [00:00<00:00, 129.15it/s]ddim-sample:  78%|███████▊  | 39/50 [00:00<00:00, 129.04it/s]                                                             ddim-sample:   0%|          | 0/50 [00:00<?, ?it/s]ddim-sample:  28%|██▊       | 14/50 [00:00<00:00, 133.28it/s]ddim-sample:  56%|█████▌    | 28/50 [00:00<00:00, 133.22it/s]ddim-sample:  84%|████████▍ | 42/50 [00:00<00:00, 133.40it/s]                                                             ddim-sample:   0%|          | 0/50 [00:00<?, ?it/s]ddim-sample:  28%|██▊       | 14/50 [00:00<00:00, 132.92it/s]ddim-sample:  56%|█████▌    | 28/50 [00:00<00:00, 131.86it/s]ddim-sample:  84%|████████▍ | 42/50 [00:00<00:00, 131.68it/s]                                                             ddim-sample:   0%|          | 0/50 [00:00<?, ?it/s]ddim-sample:  26%|██▌       | 13/50 [00:00<00:00, 130.00it/s]ddim-sample:  54%|█████▍    | 27/50 [00:00<00:00, 130.13it/s]ddim-sample:  82%|████████▏ | 41/50 [00:00<00:00, 130.04it/s]                                                             ddim-sample:   0%|          | 0/50 [00:00<?, ?it/s]ddim-sample:  28%|██▊       | 14/50 [00:00<00:00, 130.26it/s]ddim-sample:  56%|█████▌    | 28/50 [00:00<00:00, 130.13it/s]ddim-sample:  84%|████████▍ | 42/50 [00:00<00:00, 130.06it/s]                                                             ddim-sample:   0%|          | 0/50 [00:00<?, ?it/s]ddim-sample:  28%|██▊       | 14/50 [00:00<00:00, 134.19it/s]ddim-sample:  56%|█████▌    | 28/50 [00:00<00:00, 134.12it/s]ddim-sample:  84%|████████▍ | 42/50 [00:00<00:00, 133.92it/s]                                                             ddim-sample:   0%|          | 0/50 [00:00<?, ?it/s]ddim-sample:  28%|██▊       | 14/50 [00:00<00:00, 132.91it/s]ddim-sample:  56%|█████▌    | 28/50 [00:00<00:00, 131.30it/s]ddim-sample:  84%|████████▍ | 42/50 [00:00<00:00, 130.91it/s]                                                             ddim-sample:   0%|          | 0/50 [00:00<?, ?it/s]ddim-sample:  26%|██▌       | 13/50 [00:00<00:00, 129.82it/s]ddim-sample:  52%|█████▏    | 26/50 [00:00<00:00, 129.89it/s]ddim-sample:  80%|████████  | 40/50 [00:00<00:00, 130.03it/s]                                                             ddim-sample:   0%|          | 0/50 [00:00<?, ?it/s]ddim-sample:  26%|██▌       | 13/50 [00:00<00:00, 129.92it/s]ddim-sample:  54%|█████▍    | 27/50 [00:00<00:00, 130.01it/s]ddim-sample:  82%|████████▏ | 41/50 [00:00<00:00, 130.18it/s]                                                             ddim-sample:   0%|          | 0/50 [00:00<?, ?it/s]ddim-sample:  28%|██▊       | 14/50 [00:00<00:00, 133.82it/s]ddim-sample:  56%|█████▌    | 28/50 [00:00<00:00, 133.94it/s]ddim-sample:  84%|████████▍ | 42/50 [00:00<00:00, 133.99it/s]                                                             ddim-sample:   0%|          | 0/50 [00:00<?, ?it/s]ddim-sample:  28%|██▊       | 14/50 [00:00<00:00, 133.93it/s]ddim-sample:  56%|█████▌    | 28/50 [00:00<00:00, 132.70it/s]ddim-sample:  84%|████████▍ | 42/50 [00:00<00:00, 131.82it/s]                                                             ddim-sample:   0%|          | 0/50 [00:00<?, ?it/s]ddim-sample:  28%|██▊       | 14/50 [00:00<00:00, 130.99it/s]ddim-sample:  56%|█████▌    | 28/50 [00:00<00:00, 130.85it/s]ddim-sample:  84%|████████▍ | 42/50 [00:00<00:00, 130.74it/s]                                                             ddim-sample:   0%|          | 0/50 [00:00<?, ?it/s]ddim-sample:  26%|██▌       | 13/50 [00:00<00:00, 128.39it/s]ddim-sample:  52%|█████▏    | 26/50 [00:00<00:00, 128.51it/s]ddim-sample:  78%|███████▊  | 39/50 [00:00<00:00, 128.45it/s]                                                             ddim-sample:   0%|          | 0/50 [00:00<?, ?it/s]ddim-sample:  28%|██▊       | 14/50 [00:00<00:00, 132.77it/s]ddim-sample:  56%|█████▌    | 28/50 [00:00<00:00, 132.39it/s]ddim-sample:  84%|████████▍ | 42/50 [00:00<00:00, 132.80it/s]                                                             ddim-sample:   0%|          | 0/50 [00:00<?, ?it/s]ddim-sample:  28%|██▊       | 14/50 [00:00<00:00, 131.73it/s]ddim-sample:  56%|█████▌    | 28/50 [00:00<00:00, 131.76it/s]ddim-sample:  84%|████████▍ | 42/50 [00:00<00:00, 131.91it/s]                                                             ddim-sample:   0%|          | 0/50 [00:00<?, ?it/s]ddim-sample:  26%|██▌       | 13/50 [00:00<00:00, 129.80it/s]ddim-sample:  52%|█████▏    | 26/50 [00:00<00:00, 129.71it/s]ddim-sample:  78%|███████▊  | 39/50 [00:00<00:00, 129.80it/s]                                                             ddim-sample:   0%|          | 0/50 [00:00<?, ?it/s]ddim-sample:  26%|██▌       | 13/50 [00:00<00:00, 129.78it/s]ddim-sample:  52%|█████▏    | 26/50 [00:00<00:00, 129.89it/s]ddim-sample:  78%|███████▊  | 39/50 [00:00<00:00, 129.86it/s]                                                             ddim-sample:   0%|          | 0/50 [00:00<?, ?it/s]ddim-sample:  28%|██▊       | 14/50 [00:00<00:00, 134.40it/s]ddim-sample:  56%|█████▌    | 28/50 [00:00<00:00, 134.15it/s]ddim-sample:  84%|████████▍ | 42/50 [00:00<00:00, 134.20it/s]                                                             ddim-sample:   0%|          | 0/50 [00:00<?, ?it/s]ddim-sample:  28%|██▊       | 14/50 [00:00<00:00, 131.54it/s]ddim-sample:  56%|█████▌    | 28/50 [00:00<00:00, 130.94it/s]ddim-sample:  84%|████████▍ | 42/50 [00:00<00:00, 130.24it/s]                                                             ddim-sample:   0%|          | 0/50 [00:00<?, ?it/s]ddim-sample:  28%|██▊       | 14/50 [00:00<00:00, 130.14it/s]ddim-sample:  56%|█████▌    | 28/50 [00:00<00:00, 129.87it/s]ddim-sample:  84%|████████▍ | 42/50 [00:00<00:00, 129.98it/s]                                                             ddim-sample:   0%|          | 0/50 [00:00<?, ?it/s]ddim-sample:  26%|██▌       | 13/50 [00:00<00:00, 129.71it/s]ddim-sample:  52%|█████▏    | 26/50 [00:00<00:00, 129.78it/s]ddim-sample:  78%|███████▊  | 39/50 [00:00<00:00, 129.86it/s]                                                             ddim-sample:   0%|          | 0/50 [00:00<?, ?it/s]ddim-sample:  28%|██▊       | 14/50 [00:00<00:00, 133.81it/s]ddim-sample:  56%|█████▌    | 28/50 [00:00<00:00, 133.86it/s]ddim-sample:  84%|████████▍ | 42/50 [00:00<00:00, 133.95it/s]                                                             ddim-sample:   0%|          | 0/50 [00:00<?, ?it/s]ddim-sample:  28%|██▊       | 14/50 [00:00<00:00, 133.19it/s]ddim-sample:  56%|█████▌    | 28/50 [00:00<00:00, 133.14it/s]ddim-sample:  84%|████████▍ | 42/50 [00:00<00:00, 132.54it/s]                                                             ddim-sample:   0%|          | 0/50 [00:00<?, ?it/s]ddim-sample:  26%|██▌       | 13/50 [00:00<00:00, 129.13it/s]ddim-sample:  52%|█████▏    | 26/50 [00:00<00:00, 129.28it/s]ddim-sample:  78%|███████▊  | 39/50 [00:00<00:00, 129.51it/s]                                                             ddim-sample:   0%|          | 0/50 [00:00<?, ?it/s]ddim-sample:  26%|██▌       | 13/50 [00:00<00:00, 129.29it/s]ddim-sample:  52%|█████▏    | 26/50 [00:00<00:00, 129.09it/s]ddim-sample:  78%|███████▊  | 39/50 [00:00<00:00, 129.16it/s]                                                             ddim-sample:   0%|          | 0/50 [00:00<?, ?it/s]ddim-sample:  28%|██▊       | 14/50 [00:00<00:00, 132.66it/s]ddim-sample:  56%|█████▌    | 28/50 [00:00<00:00, 133.34it/s]ddim-sample:  84%|████████▍ | 42/50 [00:00<00:00, 133.40it/s]                                                             ddim-sample:   0%|          | 0/50 [00:00<?, ?it/s]ddim-sample:  28%|██▊       | 14/50 [00:00<00:00, 133.93it/s]ddim-sample:  56%|█████▌    | 28/50 [00:00<00:00, 132.46it/s]ddim-sample:  84%|████████▍ | 42/50 [00:00<00:00, 130.73it/s]                                                             ddim-sample:   0%|          | 0/50 [00:00<?, ?it/s]ddim-sample:  26%|██▌       | 13/50 [00:00<00:00, 129.22it/s]ddim-sample:  52%|█████▏    | 26/50 [00:00<00:00, 129.13it/s]ddim-sample:  80%|████████  | 40/50 [00:00<00:00, 129.90it/s]                                                             ddim-sample:   0%|          | 0/50 [00:00<?, ?it/s]ddim-sample:  28%|██▊       | 14/50 [00:00<00:00, 131.01it/s]ddim-sample:  56%|█████▌    | 28/50 [00:00<00:00, 131.03it/s]ddim-sample:  84%|████████▍ | 42/50 [00:00<00:00, 130.17it/s]                                                             ddim-sample:   0%|          | 0/50 [00:00<?, ?it/s]ddim-sample:  28%|██▊       | 14/50 [00:00<00:00, 134.29it/s]ddim-sample:  56%|█████▌    | 28/50 [00:00<00:00, 134.38it/s]ddim-sample:  84%|████████▍ | 42/50 [00:00<00:00, 134.41it/s]                                                             ddim-sample:   0%|          | 0/50 [00:00<?, ?it/s]ddim-sample:  28%|██▊       | 14/50 [00:00<00:00, 134.52it/s]ddim-sample:  56%|█████▌    | 28/50 [00:00<00:00, 133.62it/s]ddim-sample:  84%|████████▍ | 42/50 [00:00<00:00, 132.33it/s]                                                             ddim-sample:   0%|          | 0/50 [00:00<?, ?it/s]ddim-sample:  26%|██▌       | 13/50 [00:00<00:00, 129.94it/s]ddim-sample:  52%|█████▏    | 26/50 [00:00<00:00, 129.62it/s]ddim-sample:  78%|███████▊  | 39/50 [00:00<00:00, 129.69it/s]                                                             ddim-sample:   0%|          | 0/50 [00:00<?, ?it/s]ddim-sample:  28%|██▊       | 14/50 [00:00<00:00, 130.18it/s]ddim-sample:  56%|█████▌    | 28/50 [00:00<00:00, 129.83it/s]ddim-sample:  84%|████████▍ | 42/50 [00:00<00:00, 129.99it/s]                                                             ddim-sample:   0%|          | 0/50 [00:00<?, ?it/s]ddim-sample:  28%|██▊       | 14/50 [00:00<00:00, 133.41it/s]ddim-sample:  56%|█████▌    | 28/50 [00:00<00:00, 133.68it/s]ddim-sample:  84%|████████▍ | 42/50 [00:00<00:00, 133.66it/s]                                                             ddim-sample:   0%|          | 0/50 [00:00<?, ?it/s]ddim-sample:  28%|██▊       | 14/50 [00:00<00:00, 134.59it/s]ddim-sample:  56%|█████▌    | 28/50 [00:00<00:00, 133.45it/s]ddim-sample:  84%|████████▍ | 42/50 [00:00<00:00, 132.58it/s]                                                             ddim-sample:   0%|          | 0/50 [00:00<?, ?it/s]ddim-sample:  28%|██▊       | 14/50 [00:00<00:00, 131.06it/s]ddim-sample:  56%|█████▌    | 28/50 [00:00<00:00, 130.15it/s]ddim-sample:  84%|████████▍ | 42/50 [00:00<00:00, 129.83it/s]                                                             ddim-sample:   0%|          | 0/50 [00:00<?, ?it/s]ddim-sample:  26%|██▌       | 13/50 [00:00<00:00, 129.15it/s]ddim-sample:  52%|█████▏    | 26/50 [00:00<00:00, 129.01it/s]ddim-sample:  78%|███████▊  | 39/50 [00:00<00:00, 128.98it/s]                                                             ddim-sample:   0%|          | 0/50 [00:00<?, ?it/s]ddim-sample:  28%|██▊       | 14/50 [00:00<00:00, 134.05it/s]ddim-sample:  56%|█████▌    | 28/50 [00:00<00:00, 134.12it/s]ddim-sample:  84%|████████▍ | 42/50 [00:00<00:00, 134.04it/s]                                                             ddim-sample:   0%|          | 0/50 [00:00<?, ?it/s]ddim-sample:  28%|██▊       | 14/50 [00:00<00:00, 133.82it/s]ddim-sample:  56%|█████▌    | 28/50 [00:00<00:00, 133.24it/s]ddim-sample:  84%|████████▍ | 42/50 [00:00<00:00, 132.86it/s]                                                             ddim-sample:   0%|          | 0/50 [00:00<?, ?it/s]ddim-sample:  28%|██▊       | 14/50 [00:00<00:00, 130.80it/s]ddim-sample:  56%|█████▌    | 28/50 [00:00<00:00, 129.17it/s]ddim-sample:  82%|████████▏ | 41/50 [00:00<00:00, 128.66it/s]                                                             ddim-sample:   0%|          | 0/50 [00:00<?, ?it/s]ddim-sample:  28%|██▊       | 14/50 [00:00<00:00, 130.03it/s]ddim-sample:  56%|█████▌    | 28/50 [00:00<00:00, 128.67it/s]ddim-sample:  82%|████████▏ | 41/50 [00:00<00:00, 128.05it/s]                                                             ddim-sample:   0%|          | 0/50 [00:00<?, ?it/s]ddim-sample:  28%|██▊       | 14/50 [00:00<00:00, 134.04it/s]ddim-sample:  56%|█████▌    | 28/50 [00:00<00:00, 133.93it/s]ddim-sample:  84%|████████▍ | 42/50 [00:00<00:00, 133.94it/s]                                                             ddim-sample:   0%|          | 0/50 [00:00<?, ?it/s]ddim-sample:  28%|██▊       | 14/50 [00:00<00:00, 132.77it/s]ddim-sample:  56%|█████▌    | 28/50 [00:00<00:00, 132.08it/s]ddim-sample:  84%|████████▍ | 42/50 [00:00<00:00, 131.95it/s]                                                             ddim-sample:   0%|          | 0/50 [00:00<?, ?it/s]ddim-sample:  28%|██▊       | 14/50 [00:00<00:00, 131.33it/s]ddim-sample:  56%|█████▌    | 28/50 [00:00<00:00, 130.27it/s]ddim-sample:  84%|████████▍ | 42/50 [00:00<00:00, 129.92it/s]                                                             ddim-sample:   0%|          | 0/50 [00:00<?, ?it/s]ddim-sample:  26%|██▌       | 13/50 [00:00<00:00, 129.40it/s]ddim-sample:  52%|█████▏    | 26/50 [00:00<00:00, 129.56it/s]ddim-sample:  78%|███████▊  | 39/50 [00:00<00:00, 129.38it/s]                                                             ddim-sample:   0%|          | 0/50 [00:00<?, ?it/s]ddim-sample:  28%|██▊       | 14/50 [00:00<00:00, 134.23it/s]ddim-sample:  56%|█████▌    | 28/50 [00:00<00:00, 134.09it/s]ddim-sample:  84%|████████▍ | 42/50 [00:00<00:00, 134.33it/s]                                                             ddim-sample:   0%|          | 0/50 [00:00<?, ?it/s]ddim-sample:  28%|██▊       | 14/50 [00:00<00:00, 133.98it/s]ddim-sample:  56%|█████▌    | 28/50 [00:00<00:00, 133.37it/s]ddim-sample:  84%|████████▍ | 42/50 [00:00<00:00, 132.15it/s]                                                             ddim-sample:   0%|          | 0/50 [00:00<?, ?it/s]ddim-sample:  28%|██▊       | 14/50 [00:00<00:00, 130.41it/s]ddim-sample:  56%|█████▌    | 28/50 [00:00<00:00, 130.45it/s]ddim-sample:  84%|████████▍ | 42/50 [00:00<00:00, 130.53it/s]                                                             ddim-sample:   0%|          | 0/50 [00:00<?, ?it/s]ddim-sample:  28%|██▊       | 14/50 [00:00<00:00, 130.56it/s]ddim-sample:  56%|█████▌    | 28/50 [00:00<00:00, 130.61it/s]ddim-sample:  84%|████████▍ | 42/50 [00:00<00:00, 130.36it/s]                                                             ddim-sample:   0%|          | 0/50 [00:00<?, ?it/s]ddim-sample:  28%|██▊       | 14/50 [00:00<00:00, 134.85it/s]ddim-sample:  56%|█████▌    | 28/50 [00:00<00:00, 134.57it/s]ddim-sample:  84%|████████▍ | 42/50 [00:00<00:00, 134.50it/s]                                                             ddim-sample:   0%|          | 0/50 [00:00<?, ?it/s]ddim-sample:  28%|██▊       | 14/50 [00:00<00:00, 132.92it/s]ddim-sample:  56%|█████▌    | 28/50 [00:00<00:00, 130.42it/s]ddim-sample:  84%|████████▍ | 42/50 [00:00<00:00, 129.95it/s]                                                             ddim-sample:   0%|          | 0/50 [00:00<?, ?it/s]ddim-sample:  26%|██▌       | 13/50 [00:00<00:00, 129.26it/s]ddim-sample:  54%|█████▍    | 27/50 [00:00<00:00, 129.99it/s]ddim-sample:  82%|████████▏ | 41/50 [00:00<00:00, 130.23it/s]                                                             ddim-sample:   0%|          | 0/50 [00:00<?, ?it/s]ddim-sample:  28%|██▊       | 14/50 [00:00<00:00, 130.17it/s]ddim-sample:  56%|█████▌    | 28/50 [00:00<00:00, 130.12it/s]ddim-sample:  84%|████████▍ | 42/50 [00:00<00:00, 130.16it/s]                                                             ddim-sample:   0%|          | 0/50 [00:00<?, ?it/s]ddim-sample:  28%|██▊       | 14/50 [00:00<00:00, 134.25it/s]ddim-sample:  56%|█████▌    | 28/50 [00:00<00:00, 134.17it/s]ddim-sample:  84%|████████▍ | 42/50 [00:00<00:00, 134.14it/s]                                                             ddim-sample:   0%|          | 0/50 [00:00<?, ?it/s]ddim-sample:  28%|██▊       | 14/50 [00:00<00:00, 132.80it/s]ddim-sample:  56%|█████▌    | 28/50 [00:00<00:00, 132.36it/s]ddim-sample:  84%|████████▍ | 42/50 [00:00<00:00, 132.05it/s]                                                             ddim-sample:   0%|          | 0/50 [00:00<?, ?it/s]ddim-sample:  26%|██▌       | 13/50 [00:00<00:00, 129.33it/s]ddim-sample:  52%|█████▏    | 26/50 [00:00<00:00, 129.71it/s]ddim-sample:  80%|████████  | 40/50 [00:00<00:00, 130.07it/s]                                                             ddim-sample:   0%|          | 0/50 [00:00<?, ?it/s]ddim-sample:  28%|██▊       | 14/50 [00:00<00:00, 131.31it/s]ddim-sample:  56%|█████▌    | 28/50 [00:00<00:00, 131.23it/s]ddim-sample:  84%|████████▍ | 42/50 [00:00<00:00, 131.24it/s]                                                             ddim-sample:   0%|          | 0/50 [00:00<?, ?it/s]ddim-sample:  28%|██▊       | 14/50 [00:00<00:00, 131.94it/s]ddim-sample:  56%|█████▌    | 28/50 [00:00<00:00, 132.03it/s]ddim-sample:  84%|████████▍ | 42/50 [00:00<00:00, 132.20it/s]                                                             ddim-sample:   0%|          | 0/50 [00:00<?, ?it/s]ddim-sample:  28%|██▊       | 14/50 [00:00<00:00, 131.75it/s]ddim-sample:  56%|█████▌    | 28/50 [00:00<00:00, 130.73it/s]ddim-sample:  84%|████████▍ | 42/50 [00:00<00:00, 130.38it/s]                                                             ddim-sample:   0%|          | 0/50 [00:00<?, ?it/s]ddim-sample:  28%|██▊       | 14/50 [00:00<00:00, 130.52it/s]ddim-sample:  56%|█████▌    | 28/50 [00:00<00:00, 129.75it/s]ddim-sample:  82%|████████▏ | 41/50 [00:00<00:00, 129.16it/s]                                                             ddim-sample:   0%|          | 0/50 [00:00<?, ?it/s]ddim-sample:  26%|██▌       | 13/50 [00:00<00:00, 128.29it/s]ddim-sample:  52%|█████▏    | 26/50 [00:00<00:00, 128.38it/s]ddim-sample:  78%|███████▊  | 39/50 [00:00<00:00, 128.43it/s]                                                             ddim-sample:   0%|          | 0/50 [00:00<?, ?it/s]ddim-sample:  28%|██▊       | 14/50 [00:00<00:00, 134.58it/s]ddim-sample:  56%|█████▌    | 28/50 [00:00<00:00, 134.38it/s]ddim-sample:  84%|████████▍ | 42/50 [00:00<00:00, 134.41it/s]                                                             ddim-sample:   0%|          | 0/50 [00:00<?, ?it/s]ddim-sample:  28%|██▊       | 14/50 [00:00<00:00, 133.65it/s]ddim-sample:  56%|█████▌    | 28/50 [00:00<00:00, 132.62it/s]ddim-sample:  84%|████████▍ | 42/50 [00:00<00:00, 131.93it/s]                                                             ddim-sample:   0%|          | 0/50 [00:00<?, ?it/s]ddim-sample:  28%|██▊       | 14/50 [00:00<00:00, 131.09it/s]ddim-sample:  56%|█████▌    | 28/50 [00:00<00:00, 130.81it/s]ddim-sample:  84%|████████▍ | 42/50 [00:00<00:00, 130.93it/s]                                                             ddim-sample:   0%|          | 0/50 [00:00<?, ?it/s]ddim-sample:  28%|██▊       | 14/50 [00:00<00:00, 130.92it/s]ddim-sample:  56%|█████▌    | 28/50 [00:00<00:00, 130.87it/s]ddim-sample:  84%|████████▍ | 42/50 [00:00<00:00, 130.86it/s]                                                             ddim-sample:   0%|          | 0/50 [00:00<?, ?it/s]ddim-sample:  28%|██▊       | 14/50 [00:00<00:00, 134.22it/s]ddim-sample:  56%|█████▌    | 28/50 [00:00<00:00, 134.24it/s]ddim-sample:  84%|████████▍ | 42/50 [00:00<00:00, 134.26it/s]                                                             ddim-sample:   0%|          | 0/50 [00:00<?, ?it/s]ddim-sample:  28%|██▊       | 14/50 [00:00<00:00, 132.51it/s]ddim-sample:  56%|█████▌    | 28/50 [00:00<00:00, 132.60it/s]ddim-sample:  84%|████████▍ | 42/50 [00:00<00:00, 132.55it/s]                                                             ddim-sample:   0%|          | 0/50 [00:00<?, ?it/s]ddim-sample:  28%|██▊       | 14/50 [00:00<00:00, 130.00it/s]ddim-sample:  56%|█████▌    | 28/50 [00:00<00:00, 129.76it/s]ddim-sample:  84%|████████▍ | 42/50 [00:00<00:00, 130.13it/s]                                                             ddim-sample:   0%|          | 0/50 [00:00<?, ?it/s]ddim-sample:  28%|██▊       | 14/50 [00:00<00:00, 130.67it/s]ddim-sample:  56%|█████▌    | 28/50 [00:00<00:00, 130.57it/s]ddim-sample:  84%|████████▍ | 42/50 [00:00<00:00, 130.37it/s]                                                             ddim-sample:   0%|          | 0/50 [00:00<?, ?it/s]ddim-sample:  28%|██▊       | 14/50 [00:00<00:00, 133.69it/s]ddim-sample:  56%|█████▌    | 28/50 [00:00<00:00, 133.73it/s]ddim-sample:  84%|████████▍ | 42/50 [00:00<00:00, 133.74it/s]                                                             ddim-sample:   0%|          | 0/50 [00:00<?, ?it/s]ddim-sample:  28%|██▊       | 14/50 [00:00<00:00, 133.42it/s]ddim-sample:  56%|█████▌    | 28/50 [00:00<00:00, 133.25it/s]ddim-sample:  84%|████████▍ | 42/50 [00:00<00:00, 132.82it/s]                                                             ddim-sample:   0%|          | 0/50 [00:00<?, ?it/s]ddim-sample:  28%|██▊       | 14/50 [00:00<00:00, 131.25it/s]ddim-sample:  56%|█████▌    | 28/50 [00:00<00:00, 129.99it/s]ddim-sample:  82%|████████▏ | 41/50 [00:00<00:00, 129.86it/s]                                                             ddim-sample:   0%|          | 0/50 [00:00<?, ?it/s]ddim-sample:  28%|██▊       | 14/50 [00:00<00:00, 130.23it/s]ddim-sample:  56%|█████▌    | 28/50 [00:00<00:00, 131.19it/s]ddim-sample:  84%|████████▍ | 42/50 [00:00<00:00, 131.22it/s]                                                             ddim-sample:   0%|          | 0/50 [00:00<?, ?it/s]ddim-sample:  28%|██▊       | 14/50 [00:00<00:00, 132.05it/s]ddim-sample:  56%|█████▌    | 28/50 [00:00<00:00, 131.92it/s]ddim-sample:  84%|████████▍ | 42/50 [00:00<00:00, 131.96it/s]                                                             ddim-sample:   0%|          | 0/50 [00:00<?, ?it/s]ddim-sample:  28%|██▊       | 14/50 [00:00<00:00, 131.65it/s]ddim-sample:  56%|█████▌    | 28/50 [00:00<00:00, 131.23it/s]ddim-sample:  84%|████████▍ | 42/50 [00:00<00:00, 130.68it/s]                                                             ddim-sample:   0%|          | 0/50 [00:00<?, ?it/s]ddim-sample:  26%|██▌       | 13/50 [00:00<00:00, 129.49it/s]ddim-sample:  52%|█████▏    | 26/50 [00:00<00:00, 129.39it/s]ddim-sample:  78%|███████▊  | 39/50 [00:00<00:00, 129.32it/s]                                                             ddim-sample:   0%|          | 0/50 [00:00<?, ?it/s]ddim-sample:  26%|██▌       | 13/50 [00:00<00:00, 129.19it/s]ddim-sample:  52%|█████▏    | 26/50 [00:00<00:00, 129.21it/s]ddim-sample:  78%|███████▊  | 39/50 [00:00<00:00, 129.29it/s]                                                             ddim-sample:   0%|          | 0/50 [00:00<?, ?it/s]ddim-sample:  28%|██▊       | 14/50 [00:00<00:00, 134.57it/s]ddim-sample:  56%|█████▌    | 28/50 [00:00<00:00, 134.50it/s]ddim-sample:  84%|████████▍ | 42/50 [00:00<00:00, 134.54it/s]                                                             ddim-sample:   0%|          | 0/50 [00:00<?, ?it/s]ddim-sample:  28%|██▊       | 14/50 [00:00<00:00, 134.51it/s]ddim-sample:  56%|█████▌    | 28/50 [00:00<00:00, 133.50it/s]ddim-sample:  84%|████████▍ | 42/50 [00:00<00:00, 132.95it/s]                                                             ddim-sample:   0%|          | 0/50 [00:00<?, ?it/s]ddim-sample:  28%|██▊       | 14/50 [00:00<00:00, 131.22it/s]ddim-sample:  56%|█████▌    | 28/50 [00:00<00:00, 129.90it/s]ddim-sample:  82%|████████▏ | 41/50 [00:00<00:00, 129.23it/s]                                                             ddim-sample:   0%|          | 0/50 [00:00<?, ?it/s]ddim-sample:  28%|██▊       | 14/50 [00:00<00:00, 130.22it/s]ddim-sample:  56%|█████▌    | 28/50 [00:00<00:00, 130.13it/s]ddim-sample:  84%|████████▍ | 42/50 [00:00<00:00, 130.09it/s]                                                             ddim-sample:   0%|          | 0/50 [00:00<?, ?it/s]ddim-sample:  28%|██▊       | 14/50 [00:00<00:00, 134.22it/s]ddim-sample:  56%|█████▌    | 28/50 [00:00<00:00, 133.97it/s]ddim-sample:  84%|████████▍ | 42/50 [00:00<00:00, 134.14it/s]                                                             ddim-sample:   0%|          | 0/50 [00:00<?, ?it/s]ddim-sample:  28%|██▊       | 14/50 [00:00<00:00, 134.37it/s]ddim-sample:  56%|█████▌    | 28/50 [00:00<00:00, 133.89it/s]ddim-sample:  84%|████████▍ | 42/50 [00:00<00:00, 133.34it/s]                                                             ddim-sample:   0%|          | 0/50 [00:00<?, ?it/s]ddim-sample:  26%|██▌       | 13/50 [00:00<00:00, 129.98it/s]ddim-sample:  54%|█████▍    | 27/50 [00:00<00:00, 130.17it/s]ddim-sample:  82%|████████▏ | 41/50 [00:00<00:00, 130.13it/s]                                                             ddim-sample:   0%|          | 0/50 [00:00<?, ?it/s]ddim-sample:  28%|██▊       | 14/50 [00:00<00:00, 130.39it/s]ddim-sample:  56%|█████▌    | 28/50 [00:00<00:00, 130.40it/s]ddim-sample:  84%|████████▍ | 42/50 [00:00<00:00, 130.27it/s]                                                             ddim-sample:   0%|          | 0/50 [00:00<?, ?it/s]ddim-sample:  28%|██▊       | 14/50 [00:00<00:00, 134.57it/s]ddim-sample:  56%|█████▌    | 28/50 [00:00<00:00, 134.44it/s]ddim-sample:  84%|████████▍ | 42/50 [00:00<00:00, 134.46it/s]                                                             ddim-sample:   0%|          | 0/50 [00:00<?, ?it/s]ddim-sample:  28%|██▊       | 14/50 [00:00<00:00, 134.41it/s]ddim-sample:  56%|█████▌    | 28/50 [00:00<00:00, 134.13it/s]ddim-sample:  84%|████████▍ | 42/50 [00:00<00:00, 131.69it/s]                                                             ddim-sample:   0%|          | 0/50 [00:00<?, ?it/s]ddim-sample:  28%|██▊       | 14/50 [00:00<00:00, 130.28it/s]ddim-sample:  56%|█████▌    | 28/50 [00:00<00:00, 130.40it/s]ddim-sample:  84%|████████▍ | 42/50 [00:00<00:00, 130.50it/s]                                                             ddim-sample:   0%|          | 0/50 [00:00<?, ?it/s]ddim-sample:  28%|██▊       | 14/50 [00:00<00:00, 130.50it/s]ddim-sample:  56%|█████▌    | 28/50 [00:00<00:00, 130.50it/s]ddim-sample:  84%|████████▍ | 42/50 [00:00<00:00, 130.48it/s]                                                             ddim-sample:   0%|          | 0/50 [00:00<?, ?it/s]ddim-sample:  28%|██▊       | 14/50 [00:00<00:00, 134.70it/s]ddim-sample:  56%|█████▌    | 28/50 [00:00<00:00, 134.71it/s]ddim-sample:  84%|████████▍ | 42/50 [00:00<00:00, 134.68it/s]                                                             ddim-sample:   0%|          | 0/50 [00:00<?, ?it/s]ddim-sample:  28%|██▊       | 14/50 [00:00<00:00, 134.56it/s]ddim-sample:  56%|█████▌    | 28/50 [00:00<00:00, 134.49it/s]ddim-sample:  84%|████████▍ | 42/50 [00:00<00:00, 133.87it/s]                                                             ddim-sample:   0%|          | 0/50 [00:00<?, ?it/s]ddim-sample:  28%|██▊       | 14/50 [00:00<00:00, 130.66it/s]ddim-sample:  56%|█████▌    | 28/50 [00:00<00:00, 130.24it/s]ddim-sample:  84%|████████▍ | 42/50 [00:00<00:00, 130.29it/s]                                                             ddim-sample:   0%|          | 0/50 [00:00<?, ?it/s]ddim-sample:  28%|██▊       | 14/50 [00:00<00:00, 131.04it/s]ddim-sample:  56%|█████▌    | 28/50 [00:00<00:00, 131.87it/s]ddim-sample:  84%|████████▍ | 42/50 [00:00<00:00, 131.94it/s]                                                             ddim-sample:   0%|          | 0/50 [00:00<?, ?it/s]ddim-sample:  28%|██▊       | 14/50 [00:00<00:00, 135.06it/s]ddim-sample:  56%|█████▌    | 28/50 [00:00<00:00, 134.86it/s]ddim-sample:  84%|████████▍ | 42/50 [00:00<00:00, 134.79it/s]                                                             ddim-sample:   0%|          | 0/50 [00:00<?, ?it/s]ddim-sample:  28%|██▊       | 14/50 [00:00<00:00, 134.57it/s]ddim-sample:  56%|█████▌    | 28/50 [00:00<00:00, 134.57it/s]ddim-sample:  84%|████████▍ | 42/50 [00:00<00:00, 132.63it/s]                                                             ddim-sample:   0%|          | 0/50 [00:00<?, ?it/s]ddim-sample:  28%|██▊       | 14/50 [00:00<00:00, 130.44it/s]ddim-sample:  56%|█████▌    | 28/50 [00:00<00:00, 131.10it/s]ddim-sample:  84%|████████▍ | 42/50 [00:00<00:00, 131.24it/s]                                                             ddim-sample:   0%|          | 0/50 [00:00<?, ?it/s]ddim-sample:  28%|██▊       | 14/50 [00:00<00:00, 131.74it/s]ddim-sample:  56%|█████▌    | 28/50 [00:00<00:00, 131.60it/s]ddim-sample:  84%|████████▍ | 42/50 [00:00<00:00, 131.69it/s]                                                             ddim-sample:   0%|          | 0/50 [00:00<?, ?it/s]ddim-sample:  28%|██▊       | 14/50 [00:00<00:00, 134.64it/s]ddim-sample:  56%|█████▌    | 28/50 [00:00<00:00, 134.66it/s]ddim-sample:  84%|████████▍ | 42/50 [00:00<00:00, 134.64it/s]                                                             ddim-sample:   0%|          | 0/50 [00:00<?, ?it/s]ddim-sample:  28%|██▊       | 14/50 [00:00<00:00, 133.59it/s]ddim-sample:  56%|█████▌    | 28/50 [00:00<00:00, 132.70it/s]ddim-sample:  84%|████████▍ | 42/50 [00:00<00:00, 131.93it/s]                                                             ddim-sample:   0%|          | 0/50 [00:00<?, ?it/s]ddim-sample:  28%|██▊       | 14/50 [00:00<00:00, 130.17it/s]ddim-sample:  56%|█████▌    | 28/50 [00:00<00:00, 130.55it/s]ddim-sample:  84%|████████▍ | 42/50 [00:00<00:00, 130.60it/s]                                                             ddim-sample:   0%|          | 0/50 [00:00<?, ?it/s]ddim-sample:  28%|██▊       | 14/50 [00:00<00:00, 130.57it/s]ddim-sample:  56%|█████▌    | 28/50 [00:00<00:00, 130.35it/s]ddim-sample:  84%|████████▍ | 42/50 [00:00<00:00, 130.38it/s]                                                             ddim-sample:   0%|          | 0/50 [00:00<?, ?it/s]ddim-sample:  28%|██▊       | 14/50 [00:00<00:00, 134.38it/s]ddim-sample:  56%|█████▌    | 28/50 [00:00<00:00, 134.31it/s]ddim-sample:  84%|████████▍ | 42/50 [00:00<00:00, 134.22it/s]                                                             ddim-sample:   0%|          | 0/50 [00:00<?, ?it/s]ddim-sample:  28%|██▊       | 14/50 [00:00<00:00, 132.78it/s]ddim-sample:  56%|█████▌    | 28/50 [00:00<00:00, 132.52it/s]ddim-sample:  84%|████████▍ | 42/50 [00:00<00:00, 131.87it/s]                                                             ddim-sample:   0%|          | 0/50 [00:00<?, ?it/s]ddim-sample:  28%|██▊       | 14/50 [00:00<00:00, 131.14it/s]ddim-sample:  56%|█████▌    | 28/50 [00:00<00:00, 131.01it/s]ddim-sample:  84%|████████▍ | 42/50 [00:00<00:00, 131.05it/s]                                                             ddim-sample:   0%|          | 0/50 [00:00<?, ?it/s]ddim-sample:  28%|██▊       | 14/50 [00:00<00:00, 131.22it/s]ddim-sample:  56%|█████▌    | 28/50 [00:00<00:00, 131.20it/s]ddim-sample:  84%|████████▍ | 42/50 [00:00<00:00, 131.15it/s]                                                             ddim-sample:   0%|          | 0/50 [00:00<?, ?it/s]ddim-sample:  28%|██▊       | 14/50 [00:00<00:00, 135.15it/s]ddim-sample:  56%|█████▌    | 28/50 [00:00<00:00, 134.97it/s]ddim-sample:  84%|████████▍ | 42/50 [00:00<00:00, 134.94it/s]                                                             ddim-sample:   0%|          | 0/50 [00:00<?, ?it/s]ddim-sample:  28%|██▊       | 14/50 [00:00<00:00, 132.39it/s]ddim-sample:  56%|█████▌    | 28/50 [00:00<00:00, 132.76it/s]ddim-sample:  84%|████████▍ | 42/50 [00:00<00:00, 132.87it/s]                                                             ddim-sample:   0%|          | 0/50 [00:00<?, ?it/s]ddim-sample:  28%|██▊       | 14/50 [00:00<00:00, 132.96it/s]ddim-sample:  56%|█████▌    | 28/50 [00:00<00:00, 132.70it/s]ddim-sample:  84%|████████▍ | 42/50 [00:00<00:00, 132.71it/s]                                                             ddim-sample:   0%|          | 0/50 [00:00<?, ?it/s]ddim-sample:  28%|██▊       | 14/50 [00:00<00:00, 130.97it/s]ddim-sample:  56%|█████▌    | 28/50 [00:00<00:00, 130.20it/s]ddim-sample:  84%|████████▍ | 42/50 [00:00<00:00, 129.79it/s]                                                             ddim-sample:   0%|          | 0/50 [00:00<?, ?it/s]ddim-sample:  28%|██▊       | 14/50 [00:00<00:00, 134.87it/s]ddim-sample:  56%|█████▌    | 28/50 [00:00<00:00, 134.85it/s]ddim-sample:  84%|████████▍ | 42/50 [00:00<00:00, 134.82it/s]                                                             ddim-sample:   0%|          | 0/50 [00:00<?, ?it/s]ddim-sample:  28%|██▊       | 14/50 [00:00<00:00, 133.95it/s]ddim-sample:  56%|█████▌    | 28/50 [00:00<00:00, 133.19it/s]ddim-sample:  84%|████████▍ | 42/50 [00:00<00:00, 132.44it/s]                                                             ddim-sample:   0%|          | 0/50 [00:00<?, ?it/s]ddim-sample:  26%|██▌       | 13/50 [00:00<00:00, 129.60it/s]ddim-sample:  54%|█████▍    | 27/50 [00:00<00:00, 129.86it/s]ddim-sample:  80%|████████  | 40/50 [00:00<00:00, 129.82it/s]                                                             ddim-sample:   0%|          | 0/50 [00:00<?, ?it/s]ddim-sample:  28%|██▊       | 14/50 [00:00<00:00, 131.38it/s]ddim-sample:  56%|█████▌    | 28/50 [00:00<00:00, 131.43it/s]ddim-sample:  84%|████████▍ | 42/50 [00:00<00:00, 131.37it/s]                                                             ddim-sample:   0%|          | 0/50 [00:00<?, ?it/s]ddim-sample:  28%|██▊       | 14/50 [00:00<00:00, 134.60it/s]ddim-sample:  56%|█████▌    | 28/50 [00:00<00:00, 134.65it/s]ddim-sample:  84%|████████▍ | 42/50 [00:00<00:00, 134.68it/s]                                                             ddim-sample:   0%|          | 0/50 [00:00<?, ?it/s]ddim-sample:  28%|██▊       | 14/50 [00:00<00:00, 132.56it/s]ddim-sample:  56%|█████▌    | 28/50 [00:00<00:00, 132.48it/s]ddim-sample:  84%|████████▍ | 42/50 [00:00<00:00, 131.73it/s]                                                             ddim-sample:   0%|          | 0/50 [00:00<?, ?it/s]ddim-sample:  28%|██▊       | 14/50 [00:00<00:00, 130.80it/s]ddim-sample:  56%|█████▌    | 28/50 [00:00<00:00, 130.82it/s]ddim-sample:  84%|████████▍ | 42/50 [00:00<00:00, 130.86it/s]                                                             ddim-sample:   0%|          | 0/50 [00:00<?, ?it/s]ddim-sample:  28%|██▊       | 14/50 [00:00<00:00, 131.25it/s]ddim-sample:  56%|█████▌    | 28/50 [00:00<00:00, 131.25it/s]ddim-sample:  84%|████████▍ | 42/50 [00:00<00:00, 131.25it/s]                                                             ddim-sample:   0%|          | 0/50 [00:00<?, ?it/s]ddim-sample:  28%|██▊       | 14/50 [00:00<00:00, 134.95it/s]ddim-sample:  56%|█████▌    | 28/50 [00:00<00:00, 134.83it/s]ddim-sample:  84%|████████▍ | 42/50 [00:00<00:00, 134.67it/s]                                                             ddim-sample:   0%|          | 0/50 [00:00<?, ?it/s]ddim-sample:  28%|██▊       | 14/50 [00:00<00:00, 134.35it/s]ddim-sample:  56%|█████▌    | 28/50 [00:00<00:00, 133.54it/s]ddim-sample:  84%|████████▍ | 42/50 [00:00<00:00, 131.27it/s]                                                             ddim-sample:   0%|          | 0/50 [00:00<?, ?it/s]ddim-sample:  26%|██▌       | 13/50 [00:00<00:00, 129.95it/s]ddim-sample:  54%|█████▍    | 27/50 [00:00<00:00, 130.19it/s]ddim-sample:  82%|████████▏ | 41/50 [00:00<00:00, 130.79it/s]                                                             ddim-sample:   0%|          | 0/50 [00:00<?, ?it/s]ddim-sample:  28%|██▊       | 14/50 [00:00<00:00, 131.23it/s]ddim-sample:  56%|█████▌    | 28/50 [00:00<00:00, 130.67it/s]ddim-sample:  84%|████████▍ | 42/50 [00:00<00:00, 130.45it/s]                                                             ddim-sample:   0%|          | 0/50 [00:00<?, ?it/s]ddim-sample:  28%|██▊       | 14/50 [00:00<00:00, 132.84it/s]ddim-sample:  56%|█████▌    | 28/50 [00:00<00:00, 133.11it/s]ddim-sample:  84%|████████▍ | 42/50 [00:00<00:00, 133.58it/s]                                                             ddim-sample:   0%|          | 0/50 [00:00<?, ?it/s]ddim-sample:  28%|██▊       | 14/50 [00:00<00:00, 134.39it/s]ddim-sample:  56%|█████▌    | 28/50 [00:00<00:00, 133.88it/s]ddim-sample:  84%|████████▍ | 42/50 [00:00<00:00, 133.40it/s]                                                             ddim-sample:   0%|          | 0/50 [00:00<?, ?it/s]ddim-sample:  28%|██▊       | 14/50 [00:00<00:00, 131.29it/s]ddim-sample:  56%|█████▌    | 28/50 [00:00<00:00, 131.10it/s]ddim-sample:  84%|████████▍ | 42/50 [00:00<00:00, 131.05it/s]                                                             ddim-sample:   0%|          | 0/50 [00:00<?, ?it/s]ddim-sample:  28%|██▊       | 14/50 [00:00<00:00, 131.25it/s]ddim-sample:  56%|█████▌    | 28/50 [00:00<00:00, 131.04it/s]ddim-sample:  84%|████████▍ | 42/50 [00:00<00:00, 130.98it/s]                                                             ddim-sample:   0%|          | 0/50 [00:00<?, ?it/s]ddim-sample:  28%|██▊       | 14/50 [00:00<00:00, 134.25it/s]ddim-sample:  56%|█████▌    | 28/50 [00:00<00:00, 134.19it/s]ddim-sample:  84%|████████▍ | 42/50 [00:00<00:00, 134.21it/s]                                                             ddim-sample:   0%|          | 0/50 [00:00<?, ?it/s]ddim-sample:  28%|██▊       | 14/50 [00:00<00:00, 134.28it/s]ddim-sample:  56%|█████▌    | 28/50 [00:00<00:00, 134.27it/s]ddim-sample:  84%|████████▍ | 42/50 [00:00<00:00, 131.67it/s]                                                             ddim-sample:   0%|          | 0/50 [00:00<?, ?it/s]ddim-sample:  26%|██▌       | 13/50 [00:00<00:00, 129.28it/s]ddim-sample:  54%|█████▍    | 27/50 [00:00<00:00, 129.75it/s]ddim-sample:  80%|████████  | 40/50 [00:00<00:00, 129.84it/s]                                                             ddim-sample:   0%|          | 0/50 [00:00<?, ?it/s]ddim-sample:  28%|██▊       | 14/50 [00:00<00:00, 130.72it/s]ddim-sample:  56%|█████▌    | 28/50 [00:00<00:00, 131.44it/s]ddim-sample:  84%|████████▍ | 42/50 [00:00<00:00, 131.49it/s]                                                             ddim-sample:   0%|          | 0/50 [00:00<?, ?it/s]ddim-sample:  28%|██▊       | 14/50 [00:00<00:00, 133.99it/s]ddim-sample:  56%|█████▌    | 28/50 [00:00<00:00, 134.53it/s]ddim-sample:  84%|████████▍ | 42/50 [00:00<00:00, 134.15it/s]                                                             ddim-sample:   0%|          | 0/50 [00:00<?, ?it/s]ddim-sample:  28%|██▊       | 14/50 [00:00<00:00, 132.95it/s]ddim-sample:  56%|█████▌    | 28/50 [00:00<00:00, 132.80it/s]ddim-sample:  84%|████████▍ | 42/50 [00:00<00:00, 131.60it/s]                                                             ddim-sample:   0%|          | 0/50 [00:00<?, ?it/s]ddim-sample:  28%|██▊       | 14/50 [00:00<00:00, 131.03it/s]ddim-sample:  56%|█████▌    | 28/50 [00:00<00:00, 130.96it/s]ddim-sample:  84%|████████▍ | 42/50 [00:00<00:00, 131.00it/s]                                                             ddim-sample:   0%|          | 0/50 [00:00<?, ?it/s]ddim-sample:  28%|██▊       | 14/50 [00:00<00:00, 131.06it/s]ddim-sample:  56%|█████▌    | 28/50 [00:00<00:00, 131.01it/s]ddim-sample:  84%|████████▍ | 42/50 [00:00<00:00, 130.76it/s]                                                             ddim-sample:   0%|          | 0/50 [00:00<?, ?it/s]ddim-sample:  28%|██▊       | 14/50 [00:00<00:00, 134.20it/s]ddim-sample:  56%|█████▌    | 28/50 [00:00<00:00, 134.20it/s]ddim-sample:  84%|████████▍ | 42/50 [00:00<00:00, 134.09it/s]                                                             ddim-sample:   0%|          | 0/50 [00:00<?, ?it/s]ddim-sample:  28%|██▊       | 14/50 [00:00<00:00, 134.11it/s]ddim-sample:  56%|█████▌    | 28/50 [00:00<00:00, 132.82it/s]ddim-sample:  84%|████████▍ | 42/50 [00:00<00:00, 132.47it/s]                                                             ddim-sample:   0%|          | 0/50 [00:00<?, ?it/s]ddim-sample:  28%|██▊       | 14/50 [00:00<00:00, 132.48it/s]ddim-sample:  56%|█████▌    | 28/50 [00:00<00:00, 131.96it/s]ddim-sample:  84%|████████▍ | 42/50 [00:00<00:00, 131.60it/s]                                                             ddim-sample:   0%|          | 0/50 [00:00<?, ?it/s]ddim-sample:  28%|██▊       | 14/50 [00:00<00:00, 131.38it/s]ddim-sample:  56%|█████▌    | 28/50 [00:00<00:00, 131.29it/s]ddim-sample:  84%|████████▍ | 42/50 [00:00<00:00, 131.29it/s]                                                             ddim-sample:   0%|          | 0/50 [00:00<?, ?it/s]ddim-sample:  28%|██▊       | 14/50 [00:00<00:00, 134.14it/s]ddim-sample:  56%|█████▌    | 28/50 [00:00<00:00, 134.09it/s]ddim-sample:  84%|████████▍ | 42/50 [00:00<00:00, 133.99it/s]                                                             ddim-sample:   0%|          | 0/50 [00:00<?, ?it/s]ddim-sample:  28%|██▊       | 14/50 [00:00<00:00, 132.68it/s]ddim-sample:  56%|█████▌    | 28/50 [00:00<00:00, 132.52it/s]ddim-sample:  84%|████████▍ | 42/50 [00:00<00:00, 132.62it/s]                                                             ddim-sample:   0%|          | 0/50 [00:00<?, ?it/s]ddim-sample:  26%|██▌       | 13/50 [00:00<00:00, 129.68it/s]ddim-sample:  52%|█████▏    | 26/50 [00:00<00:00, 129.86it/s]ddim-sample:  80%|████████  | 40/50 [00:00<00:00, 130.23it/s]                                                             ddim-sample:   0%|          | 0/50 [00:00<?, ?it/s]ddim-sample:  28%|██▊       | 14/50 [00:00<00:00, 130.62it/s]ddim-sample:  56%|█████▌    | 28/50 [00:00<00:00, 130.52it/s]ddim-sample:  84%|████████▍ | 42/50 [00:00<00:00, 130.53it/s]                                                             ddim-sample:   0%|          | 0/50 [00:00<?, ?it/s]ddim-sample:  28%|██▊       | 14/50 [00:00<00:00, 133.33it/s]ddim-sample:  56%|█████▌    | 28/50 [00:00<00:00, 133.87it/s]ddim-sample:  84%|████████▍ | 42/50 [00:00<00:00, 134.15it/s]                                                             ddim-sample:   0%|          | 0/50 [00:00<?, ?it/s]ddim-sample:  28%|██▊       | 14/50 [00:00<00:00, 132.68it/s]ddim-sample:  56%|█████▌    | 28/50 [00:00<00:00, 132.60it/s]ddim-sample:  84%|████████▍ | 42/50 [00:00<00:00, 131.75it/s]                                                             ddim-sample:   0%|          | 0/50 [00:00<?, ?it/s]ddim-sample:  28%|██▊       | 14/50 [00:00<00:00, 130.65it/s]ddim-sample:  56%|█████▌    | 28/50 [00:00<00:00, 130.12it/s]ddim-sample:  84%|████████▍ | 42/50 [00:00<00:00, 130.84it/s]                                                             ddim-sample:   0%|          | 0/50 [00:00<?, ?it/s]ddim-sample:  28%|██▊       | 14/50 [00:00<00:00, 132.31it/s]ddim-sample:  56%|█████▌    | 28/50 [00:00<00:00, 131.44it/s]ddim-sample:  84%|████████▍ | 42/50 [00:00<00:00, 131.50it/s]                                                             ddim-sample:   0%|          | 0/50 [00:00<?, ?it/s]ddim-sample:  28%|██▊       | 14/50 [00:00<00:00, 131.92it/s]ddim-sample:  56%|█████▌    | 28/50 [00:00<00:00, 131.78it/s]ddim-sample:  84%|████████▍ | 42/50 [00:00<00:00, 131.83it/s]                                                             ddim-sample:   0%|          | 0/50 [00:00<?, ?it/s]ddim-sample:  28%|██▊       | 14/50 [00:00<00:00, 130.60it/s]ddim-sample:  56%|█████▌    | 28/50 [00:00<00:00, 130.22it/s]ddim-sample:  84%|████████▍ | 42/50 [00:00<00:00, 130.16it/s]                                                             ddim-sample:   0%|          | 0/50 [00:00<?, ?it/s]ddim-sample:  28%|██▊       | 14/50 [00:00<00:00, 130.42it/s]ddim-sample:  56%|█████▌    | 28/50 [00:00<00:00, 130.45it/s]ddim-sample:  84%|████████▍ | 42/50 [00:00<00:00, 129.59it/s]                                                             ddim-sample:   0%|          | 0/50 [00:00<?, ?it/s]ddim-sample:  26%|██▌       | 13/50 [00:00<00:00, 128.48it/s]ddim-sample:  52%|█████▏    | 26/50 [00:00<00:00, 128.41it/s]ddim-sample:  78%|███████▊  | 39/50 [00:00<00:00, 128.16it/s]                                                             ddim-sample:   0%|          | 0/50 [00:00<?, ?it/s]ddim-sample:  28%|██▊       | 14/50 [00:00<00:00, 134.24it/s]ddim-sample:  56%|█████▌    | 28/50 [00:00<00:00, 134.28it/s]ddim-sample:  84%|████████▍ | 42/50 [00:00<00:00, 134.28it/s]                                                             ddim-sample:   0%|          | 0/50 [00:00<?, ?it/s]ddim-sample:  28%|██▊       | 14/50 [00:00<00:00, 134.06it/s]ddim-sample:  56%|█████▌    | 28/50 [00:00<00:00, 133.14it/s]ddim-sample:  84%|████████▍ | 42/50 [00:00<00:00, 132.58it/s]                                                             ddim-sample:   0%|          | 0/50 [00:00<?, ?it/s]ddim-sample:  28%|██▊       | 14/50 [00:00<00:00, 132.06it/s]ddim-sample:  56%|█████▌    | 28/50 [00:00<00:00, 131.93it/s]ddim-sample:  84%|████████▍ | 42/50 [00:00<00:00, 132.16it/s]                                                             ddim-sample:   0%|          | 0/50 [00:00<?, ?it/s]ddim-sample:  28%|██▊       | 14/50 [00:00<00:00, 130.69it/s]ddim-sample:  56%|█████▌    | 28/50 [00:00<00:00, 130.07it/s]ddim-sample:  84%|████████▍ | 42/50 [00:00<00:00, 129.52it/s]                                                             ddim-sample:   0%|          | 0/50 [00:00<?, ?it/s]ddim-sample:  28%|██▊       | 14/50 [00:00<00:00, 134.25it/s]ddim-sample:  56%|█████▌    | 28/50 [00:00<00:00, 134.31it/s]ddim-sample:  84%|████████▍ | 42/50 [00:00<00:00, 134.28it/s]                                                             ddim-sample:   0%|          | 0/50 [00:00<?, ?it/s]ddim-sample:  28%|██▊       | 14/50 [00:00<00:00, 134.33it/s]ddim-sample:  56%|█████▌    | 28/50 [00:00<00:00, 131.76it/s]ddim-sample:  84%|████████▍ | 42/50 [00:00<00:00, 130.43it/s]                                                             ddim-sample:   0%|          | 0/50 [00:00<?, ?it/s]ddim-sample:  28%|██▊       | 14/50 [00:00<00:00, 130.77it/s]ddim-sample:  56%|█████▌    | 28/50 [00:00<00:00, 130.74it/s]ddim-sample:  84%|████████▍ | 42/50 [00:00<00:00, 130.75it/s]                                                             ddim-sample:   0%|          | 0/50 [00:00<?, ?it/s]ddim-sample:  28%|██▊       | 14/50 [00:00<00:00, 131.00it/s]ddim-sample:  56%|█████▌    | 28/50 [00:00<00:00, 130.78it/s]ddim-sample:  84%|████████▍ | 42/50 [00:00<00:00, 130.67it/s]                                                             ddim-sample:   0%|          | 0/50 [00:00<?, ?it/s]ddim-sample:  28%|██▊       | 14/50 [00:00<00:00, 134.45it/s]ddim-sample:  56%|█████▌    | 28/50 [00:00<00:00, 134.47it/s]ddim-sample:  84%|████████▍ | 42/50 [00:00<00:00, 134.36it/s]                                                             ddim-sample:   0%|          | 0/50 [00:00<?, ?it/s]ddim-sample:  28%|██▊       | 14/50 [00:00<00:00, 133.73it/s]ddim-sample:  56%|█████▌    | 28/50 [00:00<00:00, 132.78it/s]ddim-sample:  84%|████████▍ | 42/50 [00:00<00:00, 132.09it/s]                                                             ddim-sample:   0%|          | 0/50 [00:00<?, ?it/s]ddim-sample:  28%|██▊       | 14/50 [00:00<00:00, 131.84it/s]ddim-sample:  56%|█████▌    | 28/50 [00:00<00:00, 131.09it/s]ddim-sample:  84%|████████▍ | 42/50 [00:00<00:00, 131.56it/s]                                                             ddim-sample:   0%|          | 0/50 [00:00<?, ?it/s]ddim-sample:  26%|██▌       | 13/50 [00:00<00:00, 129.63it/s]ddim-sample:  52%|█████▏    | 26/50 [00:00<00:00, 129.43it/s]ddim-sample:  78%|███████▊  | 39/50 [00:00<00:00, 129.54it/s]                                                             ddim-sample:   0%|          | 0/50 [00:00<?, ?it/s]ddim-sample:  28%|██▊       | 14/50 [00:00<00:00, 134.08it/s]ddim-sample:  56%|█████▌    | 28/50 [00:00<00:00, 134.10it/s]ddim-sample:  84%|████████▍ | 42/50 [00:00<00:00, 134.13it/s]                                                             ddim-sample:   0%|          | 0/50 [00:00<?, ?it/s]ddim-sample:  28%|██▊       | 14/50 [00:00<00:00, 134.13it/s]ddim-sample:  56%|█████▌    | 28/50 [00:00<00:00, 133.84it/s]ddim-sample:  84%|████████▍ | 42/50 [00:00<00:00, 133.36it/s]                                                             ddim-sample:   0%|          | 0/50 [00:00<?, ?it/s]ddim-sample:  28%|██▊       | 14/50 [00:00<00:00, 130.78it/s]ddim-sample:  56%|█████▌    | 28/50 [00:00<00:00, 130.72it/s]ddim-sample:  84%|████████▍ | 42/50 [00:00<00:00, 130.72it/s]                                                             ddim-sample:   0%|          | 0/50 [00:00<?, ?it/s]ddim-sample:  28%|██▊       | 14/50 [00:00<00:00, 130.60it/s]ddim-sample:  56%|█████▌    | 28/50 [00:00<00:00, 130.56it/s]ddim-sample:  84%|████████▍ | 42/50 [00:00<00:00, 130.83it/s]                                                             ddim-sample:   0%|          | 0/50 [00:00<?, ?it/s]ddim-sample:  28%|██▊       | 14/50 [00:00<00:00, 133.59it/s]ddim-sample:  56%|█████▌    | 28/50 [00:00<00:00, 133.78it/s]ddim-sample:  84%|████████▍ | 42/50 [00:00<00:00, 133.78it/s]                                                             ddim-sample:   0%|          | 0/50 [00:00<?, ?it/s]ddim-sample:  28%|██▊       | 14/50 [00:00<00:00, 133.63it/s]ddim-sample:  56%|█████▌    | 28/50 [00:00<00:00, 133.33it/s]ddim-sample:  84%|████████▍ | 42/50 [00:00<00:00, 132.51it/s]                                                             ddim-sample:   0%|          | 0/50 [00:00<?, ?it/s]ddim-sample:  28%|██▊       | 14/50 [00:00<00:00, 130.88it/s]ddim-sample:  56%|█████▌    | 28/50 [00:00<00:00, 130.73it/s]ddim-sample:  84%|████████▍ | 42/50 [00:00<00:00, 130.59it/s]                                                             ddim-sample:   0%|          | 0/50 [00:00<?, ?it/s]ddim-sample:  28%|██▊       | 14/50 [00:00<00:00, 130.96it/s]ddim-sample:  56%|█████▌    | 28/50 [00:00<00:00, 130.99it/s]ddim-sample:  84%|████████▍ | 42/50 [00:00<00:00, 131.10it/s]                                                             ddim-sample:   0%|          | 0/50 [00:00<?, ?it/s]ddim-sample:  28%|██▊       | 14/50 [00:00<00:00, 134.43it/s]ddim-sample:  56%|█████▌    | 28/50 [00:00<00:00, 134.46it/s]ddim-sample:  84%|████████▍ | 42/50 [00:00<00:00, 134.34it/s]                                                             ddim-sample:   0%|          | 0/50 [00:00<?, ?it/s]ddim-sample:  28%|██▊       | 14/50 [00:00<00:00, 132.42it/s]ddim-sample:  56%|█████▌    | 28/50 [00:00<00:00, 132.21it/s]ddim-sample:  84%|████████▍ | 42/50 [00:00<00:00, 132.24it/s]                                                             ddim-sample:   0%|          | 0/50 [00:00<?, ?it/s]ddim-sample:  28%|██▊       | 14/50 [00:00<00:00, 132.24it/s]ddim-sample:  56%|█████▌    | 28/50 [00:00<00:00, 132.33it/s]ddim-sample:  84%|████████▍ | 42/50 [00:00<00:00, 132.40it/s]                                                             ddim-sample:   0%|          | 0/50 [00:00<?, ?it/s]ddim-sample:  28%|██▊       | 14/50 [00:00<00:00, 131.88it/s]ddim-sample:  56%|█████▌    | 28/50 [00:00<00:00, 131.98it/s]ddim-sample:  84%|████████▍ | 42/50 [00:00<00:00, 131.67it/s]                                                             ddim-sample:   0%|          | 0/50 [00:00<?, ?it/s]ddim-sample:  28%|██▊       | 14/50 [00:00<00:00, 132.44it/s]ddim-sample:  56%|█████▌    | 28/50 [00:00<00:00, 133.58it/s]ddim-sample:  84%|████████▍ | 42/50 [00:00<00:00, 134.00it/s]                                                             ddim-sample:   0%|          | 0/50 [00:00<?, ?it/s]ddim-sample:  28%|██▊       | 14/50 [00:00<00:00, 132.67it/s]ddim-sample:  56%|█████▌    | 28/50 [00:00<00:00, 132.19it/s]ddim-sample:  84%|████████▍ | 42/50 [00:00<00:00, 132.23it/s]                                                             ddim-sample:   0%|          | 0/50 [00:00<?, ?it/s]ddim-sample:  28%|██▊       | 14/50 [00:00<00:00, 132.07it/s]ddim-sample:  56%|█████▌    | 28/50 [00:00<00:00, 131.89it/s]ddim-sample:  84%|████████▍ | 42/50 [00:00<00:00, 131.81it/s]                                                             ddim-sample:   0%|          | 0/50 [00:00<?, ?it/s]ddim-sample:  28%|██▊       | 14/50 [00:00<00:00, 132.28it/s]ddim-sample:  56%|█████▌    | 28/50 [00:00<00:00, 131.68it/s]ddim-sample:  84%|████████▍ | 42/50 [00:00<00:00, 131.41it/s]                                                             ddim-sample:   0%|          | 0/50 [00:00<?, ?it/s]ddim-sample:  28%|██▊       | 14/50 [00:00<00:00, 132.80it/s]ddim-sample:  56%|█████▌    | 28/50 [00:00<00:00, 131.89it/s]ddim-sample:  84%|████████▍ | 42/50 [00:00<00:00, 132.01it/s]                                                             ddim-sample:   0%|          | 0/50 [00:00<?, ?it/s]ddim-sample:  28%|██▊       | 14/50 [00:00<00:00, 131.98it/s]ddim-sample:  56%|█████▌    | 28/50 [00:00<00:00, 130.91it/s]ddim-sample:  84%|████████▍ | 42/50 [00:00<00:00, 130.62it/s]                                                             ddim-sample:   0%|          | 0/50 [00:00<?, ?it/s]ddim-sample:  26%|██▌       | 13/50 [00:00<00:00, 129.48it/s]ddim-sample:  52%|█████▏    | 26/50 [00:00<00:00, 129.30it/s]ddim-sample:  78%|███████▊  | 39/50 [00:00<00:00, 129.12it/s]                                                             ddim-sample:   0%|          | 0/50 [00:00<?, ?it/s]ddim-sample:  26%|██▌       | 13/50 [00:00<00:00, 128.87it/s]ddim-sample:  52%|█████▏    | 26/50 [00:00<00:00, 128.85it/s]ddim-sample:  78%|███████▊  | 39/50 [00:00<00:00, 128.66it/s]                                                             ddim-sample:   0%|          | 0/50 [00:00<?, ?it/s]ddim-sample:  28%|██▊       | 14/50 [00:00<00:00, 134.55it/s]ddim-sample:  56%|█████▌    | 28/50 [00:00<00:00, 134.42it/s]ddim-sample:  84%|████████▍ | 42/50 [00:00<00:00, 134.31it/s]                                                             ddim-sample:   0%|          | 0/50 [00:00<?, ?it/s]ddim-sample:  28%|██▊       | 14/50 [00:00<00:00, 133.00it/s]ddim-sample:  56%|█████▌    | 28/50 [00:00<00:00, 132.49it/s]ddim-sample:  84%|████████▍ | 42/50 [00:00<00:00, 132.54it/s]                                                             ddim-sample:   0%|          | 0/50 [00:00<?, ?it/s]ddim-sample:  28%|██▊       | 14/50 [00:00<00:00, 130.09it/s]ddim-sample:  56%|█████▌    | 28/50 [00:00<00:00, 129.14it/s]ddim-sample:  82%|████████▏ | 41/50 [00:00<00:00, 129.24it/s]                                                             ddim-sample:   0%|          | 0/50 [00:00<?, ?it/s]ddim-sample:  28%|██▊       | 14/50 [00:00<00:00, 130.39it/s]ddim-sample:  56%|█████▌    | 28/50 [00:00<00:00, 130.12it/s]ddim-sample:  84%|████████▍ | 42/50 [00:00<00:00, 129.83it/s]                                                             ddim-sample:   0%|          | 0/50 [00:00<?, ?it/s]ddim-sample:  28%|██▊       | 14/50 [00:00<00:00, 134.41it/s]ddim-sample:  56%|█████▌    | 28/50 [00:00<00:00, 134.54it/s]ddim-sample:  84%|████████▍ | 42/50 [00:00<00:00, 134.49it/s]                                                             ddim-sample:   0%|          | 0/50 [00:00<?, ?it/s]ddim-sample:  28%|██▊       | 14/50 [00:00<00:00, 133.94it/s]ddim-sample:  56%|█████▌    | 28/50 [00:00<00:00, 133.39it/s]ddim-sample:  84%|████████▍ | 42/50 [00:00<00:00, 132.18it/s]                                                             ddim-sample:   0%|          | 0/50 [00:00<?, ?it/s]ddim-sample:  26%|██▌       | 13/50 [00:00<00:00, 129.45it/s]ddim-sample:  54%|█████▍    | 27/50 [00:00<00:00, 130.52it/s]ddim-sample:  82%|████████▏ | 41/50 [00:00<00:00, 131.05it/s]                                                             ddim-sample:   0%|          | 0/50 [00:00<?, ?it/s]ddim-sample:  28%|██▊       | 14/50 [00:00<00:00, 130.56it/s]ddim-sample:  56%|█████▌    | 28/50 [00:00<00:00, 130.55it/s]ddim-sample:  84%|████████▍ | 42/50 [00:00<00:00, 130.94it/s]                                                             ddim-sample:   0%|          | 0/50 [00:00<?, ?it/s]ddim-sample:  28%|██▊       | 14/50 [00:00<00:00, 133.73it/s]ddim-sample:  56%|█████▌    | 28/50 [00:00<00:00, 133.33it/s]ddim-sample:  84%|████████▍ | 42/50 [00:00<00:00, 133.05it/s]                                                             ddim-sample:   0%|          | 0/50 [00:00<?, ?it/s]ddim-sample:  28%|██▊       | 14/50 [00:00<00:00, 133.28it/s]ddim-sample:  56%|█████▌    | 28/50 [00:00<00:00, 133.45it/s]ddim-sample:  84%|████████▍ | 42/50 [00:00<00:00, 132.76it/s]                                                             ddim-sample:   0%|          | 0/50 [00:00<?, ?it/s]ddim-sample:  26%|██▌       | 13/50 [00:00<00:00, 129.19it/s]ddim-sample:  52%|█████▏    | 26/50 [00:00<00:00, 129.17it/s]ddim-sample:  78%|███████▊  | 39/50 [00:00<00:00, 129.10it/s]                                                             ddim-sample:   0%|          | 0/50 [00:00<?, ?it/s]ddim-sample:  28%|██▊       | 14/50 [00:00<00:00, 130.08it/s]ddim-sample:  56%|█████▌    | 28/50 [00:00<00:00, 130.55it/s]ddim-sample:  84%|████████▍ | 42/50 [00:00<00:00, 130.88it/s]                                                             ddim-sample:   0%|          | 0/50 [00:00<?, ?it/s]ddim-sample:  28%|██▊       | 14/50 [00:00<00:00, 133.36it/s]ddim-sample:  56%|█████▌    | 28/50 [00:00<00:00, 133.93it/s]ddim-sample:  84%|████████▍ | 42/50 [00:00<00:00, 134.16it/s]                                                             ddim-sample:   0%|          | 0/50 [00:00<?, ?it/s]ddim-sample:  28%|██▊       | 14/50 [00:00<00:00, 134.02it/s]ddim-sample:  56%|█████▌    | 28/50 [00:00<00:00, 132.99it/s]ddim-sample:  84%|████████▍ | 42/50 [00:00<00:00, 132.86it/s]                                                             ddim-sample:   0%|          | 0/50 [00:00<?, ?it/s]ddim-sample:  28%|██▊       | 14/50 [00:00<00:00, 130.84it/s]ddim-sample:  56%|█████▌    | 28/50 [00:00<00:00, 130.62it/s]ddim-sample:  84%|████████▍ | 42/50 [00:00<00:00, 130.66it/s]                                                             ddim-sample:   0%|          | 0/50 [00:00<?, ?it/s]ddim-sample:  28%|██▊       | 14/50 [00:00<00:00, 130.69it/s]ddim-sample:  56%|█████▌    | 28/50 [00:00<00:00, 130.91it/s]ddim-sample:  84%|████████▍ | 42/50 [00:00<00:00, 130.92it/s]                                                             ddim-sample:   0%|          | 0/50 [00:00<?, ?it/s]ddim-sample:  28%|██▊       | 14/50 [00:00<00:00, 132.76it/s]ddim-sample:  56%|█████▌    | 28/50 [00:00<00:00, 132.91it/s]ddim-sample:  84%|████████▍ | 42/50 [00:00<00:00, 132.99it/s]                                                             ddim-sample:   0%|          | 0/50 [00:00<?, ?it/s]ddim-sample:  28%|██▊       | 14/50 [00:00<00:00, 132.03it/s]ddim-sample:  56%|█████▌    | 28/50 [00:00<00:00, 131.43it/s]ddim-sample:  84%|████████▍ | 42/50 [00:00<00:00, 131.06it/s]                                                             ddim-sample:   0%|          | 0/50 [00:00<?, ?it/s]ddim-sample:  26%|██▌       | 13/50 [00:00<00:00, 128.61it/s]ddim-sample:  52%|█████▏    | 26/50 [00:00<00:00, 129.02it/s]ddim-sample:  80%|████████  | 40/50 [00:00<00:00, 129.54it/s]                                                             ddim-sample:   0%|          | 0/50 [00:00<?, ?it/s]ddim-sample:  28%|██▊       | 14/50 [00:00<00:00, 130.47it/s]ddim-sample:  56%|█████▌    | 28/50 [00:00<00:00, 130.31it/s]ddim-sample:  84%|████████▍ | 42/50 [00:00<00:00, 130.26it/s]                                                             ddim-sample:   0%|          | 0/50 [00:00<?, ?it/s]ddim-sample:  28%|██▊       | 14/50 [00:00<00:00, 133.43it/s]ddim-sample:  56%|█████▌    | 28/50 [00:00<00:00, 133.42it/s]ddim-sample:  84%|████████▍ | 42/50 [00:00<00:00, 132.85it/s]                                                             ddim-sample:   0%|          | 0/50 [00:00<?, ?it/s]ddim-sample:  28%|██▊       | 14/50 [00:00<00:00, 133.94it/s]ddim-sample:  56%|█████▌    | 28/50 [00:00<00:00, 133.52it/s]ddim-sample:  84%|████████▍ | 42/50 [00:00<00:00, 130.00it/s]                                                             ddim-sample:   0%|          | 0/50 [00:00<?, ?it/s]ddim-sample:  26%|██▌       | 13/50 [00:00<00:00, 129.89it/s]ddim-sample:  54%|█████▍    | 27/50 [00:00<00:00, 130.27it/s]ddim-sample:  82%|████████▏ | 41/50 [00:00<00:00, 130.81it/s]                                                             ddim-sample:   0%|          | 0/50 [00:00<?, ?it/s]ddim-sample:  28%|██▊       | 14/50 [00:00<00:00, 131.55it/s]ddim-sample:  56%|█████▌    | 28/50 [00:00<00:00, 131.61it/s]ddim-sample:  84%|████████▍ | 42/50 [00:00<00:00, 131.77it/s]                                                             ddim-sample:   0%|          | 0/50 [00:00<?, ?it/s]ddim-sample:  28%|██▊       | 14/50 [00:00<00:00, 133.62it/s]ddim-sample:  56%|█████▌    | 28/50 [00:00<00:00, 133.66it/s]ddim-sample:  84%|████████▍ | 42/50 [00:00<00:00, 133.65it/s]                                                             ddim-sample:   0%|          | 0/50 [00:00<?, ?it/s]ddim-sample:  28%|██▊       | 14/50 [00:00<00:00, 133.47it/s]ddim-sample:  56%|█████▌    | 28/50 [00:00<00:00, 133.45it/s]ddim-sample:  84%|████████▍ | 42/50 [00:00<00:00, 132.65it/s]                                                             ddim-sample:   0%|          | 0/50 [00:00<?, ?it/s]ddim-sample:  28%|██▊       | 14/50 [00:00<00:00, 131.37it/s]ddim-sample:  56%|█████▌    | 28/50 [00:00<00:00, 130.73it/s]ddim-sample:  84%|████████▍ | 42/50 [00:00<00:00, 130.46it/s]                                                             ddim-sample:   0%|          | 0/50 [00:00<?, ?it/s]ddim-sample:  28%|██▊       | 14/50 [00:00<00:00, 130.68it/s]ddim-sample:  56%|█████▌    | 28/50 [00:00<00:00, 130.56it/s]ddim-sample:  84%|████████▍ | 42/50 [00:00<00:00, 129.82it/s]                                                             ddim-sample:   0%|          | 0/50 [00:00<?, ?it/s]ddim-sample:  28%|██▊       | 14/50 [00:00<00:00, 134.98it/s]ddim-sample:  56%|█████▌    | 28/50 [00:00<00:00, 134.74it/s]ddim-sample:  84%|████████▍ | 42/50 [00:00<00:00, 134.74it/s]                                                             ddim-sample:   0%|          | 0/50 [00:00<?, ?it/s]ddim-sample:  28%|██▊       | 14/50 [00:00<00:00, 134.49it/s]ddim-sample:  56%|█████▌    | 28/50 [00:00<00:00, 134.29it/s]ddim-sample:  84%|████████▍ | 42/50 [00:00<00:00, 132.69it/s]                                                             ddim-sample:   0%|          | 0/50 [00:00<?, ?it/s]ddim-sample:  26%|██▌       | 13/50 [00:00<00:00, 129.87it/s]ddim-sample:  54%|█████▍    | 27/50 [00:00<00:00, 130.57it/s]ddim-sample:  82%|████████▏ | 41/50 [00:00<00:00, 130.71it/s]                                                             ddim-sample:   0%|          | 0/50 [00:00<?, ?it/s]ddim-sample:  28%|██▊       | 14/50 [00:00<00:00, 130.85it/s]ddim-sample:  56%|█████▌    | 28/50 [00:00<00:00, 130.82it/s]ddim-sample:  84%|████████▍ | 42/50 [00:00<00:00, 130.81it/s]                                                             ddim-sample:   0%|          | 0/50 [00:00<?, ?it/s]ddim-sample:  28%|██▊       | 14/50 [00:00<00:00, 133.44it/s]ddim-sample:  56%|█████▌    | 28/50 [00:00<00:00, 133.63it/s]ddim-sample:  84%|████████▍ | 42/50 [00:00<00:00, 133.70it/s]                                                             ddim-sample:   0%|          | 0/50 [00:00<?, ?it/s]ddim-sample:  28%|██▊       | 14/50 [00:00<00:00, 132.76it/s]ddim-sample:  56%|█████▌    | 28/50 [00:00<00:00, 131.78it/s]ddim-sample:  84%|████████▍ | 42/50 [00:00<00:00, 131.53it/s]                                                             ddim-sample:   0%|          | 0/50 [00:00<?, ?it/s]ddim-sample:  28%|██▊       | 14/50 [00:00<00:00, 131.65it/s]ddim-sample:  56%|█████▌    | 28/50 [00:00<00:00, 131.61it/s]ddim-sample:  84%|████████▍ | 42/50 [00:00<00:00, 131.53it/s]                                                             ddim-sample:   0%|          | 0/50 [00:00<?, ?it/s]ddim-sample:  28%|██▊       | 14/50 [00:00<00:00, 131.46it/s]ddim-sample:  56%|█████▌    | 28/50 [00:00<00:00, 131.61it/s]ddim-sample:  84%|████████▍ | 42/50 [00:00<00:00, 131.82it/s]                                                             ddim-sample:   0%|          | 0/50 [00:00<?, ?it/s]ddim-sample:  28%|██▊       | 14/50 [00:00<00:00, 134.79it/s]ddim-sample:  56%|█████▌    | 28/50 [00:00<00:00, 134.62it/s]ddim-sample:  84%|████████▍ | 42/50 [00:00<00:00, 134.61it/s]                                                             ddim-sample:   0%|          | 0/50 [00:00<?, ?it/s]ddim-sample:  28%|██▊       | 14/50 [00:00<00:00, 133.34it/s]ddim-sample:  56%|█████▌    | 28/50 [00:00<00:00, 133.24it/s]ddim-sample:  84%|████████▍ | 42/50 [00:00<00:00, 133.19it/s]                                                             ddim-sample:   0%|          | 0/50 [00:00<?, ?it/s]ddim-sample:  28%|██▊       | 14/50 [00:00<00:00, 131.31it/s]ddim-sample:  56%|█████▌    | 28/50 [00:00<00:00, 130.74it/s]ddim-sample:  84%|████████▍ | 42/50 [00:00<00:00, 129.95it/s]                                                             ddim-sample:   0%|          | 0/50 [00:00<?, ?it/s]ddim-sample:  28%|██▊       | 14/50 [00:00<00:00, 130.61it/s]ddim-sample:  56%|█████▌    | 28/50 [00:00<00:00, 130.77it/s]ddim-sample:  84%|████████▍ | 42/50 [00:00<00:00, 131.55it/s]                                                             ddim-sample:   0%|          | 0/50 [00:00<?, ?it/s]ddim-sample:  28%|██▊       | 14/50 [00:00<00:00, 133.14it/s]ddim-sample:  56%|█████▌    | 28/50 [00:00<00:00, 133.32it/s]ddim-sample:  84%|████████▍ | 42/50 [00:00<00:00, 133.45it/s]                                                             ddim-sample:   0%|          | 0/50 [00:00<?, ?it/s]ddim-sample:  28%|██▊       | 14/50 [00:00<00:00, 134.12it/s]ddim-sample:  56%|█████▌    | 28/50 [00:00<00:00, 133.88it/s]ddim-sample:  84%|████████▍ | 42/50 [00:00<00:00, 133.27it/s]                                                             ddim-sample:   0%|          | 0/50 [00:00<?, ?it/s]ddim-sample:  28%|██▊       | 14/50 [00:00<00:00, 132.31it/s]ddim-sample:  56%|█████▌    | 28/50 [00:00<00:00, 132.41it/s]ddim-sample:  84%|████████▍ | 42/50 [00:00<00:00, 131.83it/s]                                                             ddim-sample:   0%|          | 0/50 [00:00<?, ?it/s]ddim-sample:  28%|██▊       | 14/50 [00:00<00:00, 130.90it/s]ddim-sample:  56%|█████▌    | 28/50 [00:00<00:00, 130.87it/s]ddim-sample:  84%|████████▍ | 42/50 [00:00<00:00, 130.88it/s]                                                             ddim-sample:   0%|          | 0/50 [00:00<?, ?it/s]ddim-sample:  28%|██▊       | 14/50 [00:00<00:00, 134.23it/s]ddim-sample:  56%|█████▌    | 28/50 [00:00<00:00, 134.09it/s]ddim-sample:  84%|████████▍ | 42/50 [00:00<00:00, 134.15it/s]                                                             ddim-sample:   0%|          | 0/50 [00:00<?, ?it/s]ddim-sample:  28%|██▊       | 14/50 [00:00<00:00, 132.58it/s]ddim-sample:  56%|█████▌    | 28/50 [00:00<00:00, 131.85it/s]ddim-sample:  84%|████████▍ | 42/50 [00:00<00:00, 131.56it/s]                                                             ddim-sample:   0%|          | 0/50 [00:00<?, ?it/s]ddim-sample:  28%|██▊       | 14/50 [00:00<00:00, 131.24it/s]ddim-sample:  56%|█████▌    | 28/50 [00:00<00:00, 131.48it/s]ddim-sample:  84%|████████▍ | 42/50 [00:00<00:00, 131.50it/s]                                                             ddim-sample:   0%|          | 0/50 [00:00<?, ?it/s]ddim-sample:  28%|██▊       | 14/50 [00:00<00:00, 131.74it/s]ddim-sample:  56%|█████▌    | 28/50 [00:00<00:00, 130.99it/s]ddim-sample:  84%|████████▍ | 42/50 [00:00<00:00, 130.70it/s]                                                             ddim-sample:   0%|          | 0/50 [00:00<?, ?it/s]ddim-sample:  28%|██▊       | 14/50 [00:00<00:00, 134.27it/s]ddim-sample:  56%|█████▌    | 28/50 [00:00<00:00, 134.15it/s]ddim-sample:  84%|████████▍ | 42/50 [00:00<00:00, 134.19it/s]                                                             ddim-sample:   0%|          | 0/50 [00:00<?, ?it/s]ddim-sample:  28%|██▊       | 14/50 [00:00<00:00, 134.32it/s]ddim-sample:  56%|█████▌    | 28/50 [00:00<00:00, 134.10it/s]ddim-sample:  84%|████████▍ | 42/50 [00:00<00:00, 133.45it/s]                                                             ddim-sample:   0%|          | 0/50 [00:00<?, ?it/s]ddim-sample:  28%|██▊       | 14/50 [00:00<00:00, 130.60it/s]ddim-sample:  56%|█████▌    | 28/50 [00:00<00:00, 130.54it/s]ddim-sample:  84%|████████▍ | 42/50 [00:00<00:00, 130.52it/s]                                                             ddim-sample:   0%|          | 0/50 [00:00<?, ?it/s]ddim-sample:  26%|██▌       | 13/50 [00:00<00:00, 129.40it/s]ddim-sample:  52%|█████▏    | 26/50 [00:00<00:00, 128.86it/s]ddim-sample:  78%|███████▊  | 39/50 [00:00<00:00, 129.23it/s]                                                             ddim-sample:   0%|          | 0/50 [00:00<?, ?it/s]ddim-sample:  26%|██▌       | 13/50 [00:00<00:00, 129.44it/s]ddim-sample:  52%|█████▏    | 26/50 [00:00<00:00, 129.68it/s]ddim-sample:  78%|███████▊  | 39/50 [00:00<00:00, 129.62it/s]                                                             ddim-sample:   0%|          | 0/50 [00:00<?, ?it/s]ddim-sample:  28%|██▊       | 14/50 [00:00<00:00, 131.53it/s]ddim-sample:  56%|█████▌    | 28/50 [00:00<00:00, 131.72it/s]ddim-sample:  84%|████████▍ | 42/50 [00:00<00:00, 130.92it/s]                                                             ddim-sample:   0%|          | 0/50 [00:00<?, ?it/s]ddim-sample:  26%|██▌       | 13/50 [00:00<00:00, 127.83it/s]ddim-sample:  52%|█████▏    | 26/50 [00:00<00:00, 128.31it/s]ddim-sample:  78%|███████▊  | 39/50 [00:00<00:00, 128.60it/s]                                                             ddim-sample:   0%|          | 0/50 [00:00<?, ?it/s]ddim-sample:  26%|██▌       | 13/50 [00:00<00:00, 128.71it/s]ddim-sample:  52%|█████▏    | 26/50 [00:00<00:00, 128.97it/s]ddim-sample:  80%|████████  | 40/50 [00:00<00:00, 129.54it/s]                                                             ddim-sample:   0%|          | 0/50 [00:00<?, ?it/s]ddim-sample:  28%|██▊       | 14/50 [00:00<00:00, 134.18it/s]ddim-sample:  56%|█████▌    | 28/50 [00:00<00:00, 133.90it/s]ddim-sample:  84%|████████▍ | 42/50 [00:00<00:00, 134.18it/s]                                                             ddim-sample:   0%|          | 0/50 [00:00<?, ?it/s]ddim-sample:  28%|██▊       | 14/50 [00:00<00:00, 134.34it/s]ddim-sample:  56%|█████▌    | 28/50 [00:00<00:00, 133.94it/s]ddim-sample:  84%|████████▍ | 42/50 [00:00<00:00, 131.71it/s]                                                             ddim-sample:   0%|          | 0/50 [00:00<?, ?it/s]ddim-sample:  28%|██▊       | 14/50 [00:00<00:00, 131.26it/s]ddim-sample:  56%|█████▌    | 28/50 [00:00<00:00, 131.15it/s]ddim-sample:  84%|████████▍ | 42/50 [00:00<00:00, 131.08it/s]                                                             ddim-sample:   0%|          | 0/50 [00:00<?, ?it/s]ddim-sample:  28%|██▊       | 14/50 [00:00<00:00, 131.49it/s]ddim-sample:  56%|█████▌    | 28/50 [00:00<00:00, 131.43it/s]ddim-sample:  84%|████████▍ | 42/50 [00:00<00:00, 131.37it/s]                                                             ddim-sample:   0%|          | 0/50 [00:00<?, ?it/s]ddim-sample:  28%|██▊       | 14/50 [00:00<00:00, 134.13it/s]ddim-sample:  56%|█████▌    | 28/50 [00:00<00:00, 134.02it/s]ddim-sample:  84%|████████▍ | 42/50 [00:00<00:00, 133.37it/s]                                                             ddim-sample:   0%|          | 0/50 [00:00<?, ?it/s]ddim-sample:  28%|██▊       | 14/50 [00:00<00:00, 131.88it/s]ddim-sample:  56%|█████▌    | 28/50 [00:00<00:00, 131.90it/s]ddim-sample:  84%|████████▍ | 42/50 [00:00<00:00, 131.04it/s]                                                             ddim-sample:   0%|          | 0/50 [00:00<?, ?it/s]ddim-sample:  26%|██▌       | 13/50 [00:00<00:00, 128.66it/s]ddim-sample:  54%|█████▍    | 27/50 [00:00<00:00, 129.52it/s]ddim-sample:  82%|████████▏ | 41/50 [00:00<00:00, 129.79it/s]                                                             ddim-sample:   0%|          | 0/50 [00:00<?, ?it/s]ddim-sample:  28%|██▊       | 14/50 [00:00<00:00, 130.71it/s]ddim-sample:  56%|█████▌    | 28/50 [00:00<00:00, 130.34it/s]ddim-sample:  84%|████████▍ | 42/50 [00:00<00:00, 130.30it/s]                                                             ddim-sample:   0%|          | 0/50 [00:00<?, ?it/s]ddim-sample:  28%|██▊       | 14/50 [00:00<00:00, 132.68it/s]ddim-sample:  56%|█████▌    | 28/50 [00:00<00:00, 133.06it/s]ddim-sample:  84%|████████▍ | 42/50 [00:00<00:00, 133.25it/s]                                                             ddim-sample:   0%|          | 0/50 [00:00<?, ?it/s]ddim-sample:  28%|██▊       | 14/50 [00:00<00:00, 133.20it/s]ddim-sample:  56%|█████▌    | 28/50 [00:00<00:00, 133.26it/s]ddim-sample:  84%|████████▍ | 42/50 [00:00<00:00, 132.47it/s]                                                             ddim-sample:   0%|          | 0/50 [00:00<?, ?it/s]ddim-sample:  28%|██▊       | 14/50 [00:00<00:00, 131.40it/s]ddim-sample:  56%|█████▌    | 28/50 [00:00<00:00, 131.41it/s]ddim-sample:  84%|████████▍ | 42/50 [00:00<00:00, 130.38it/s]                                                             ddim-sample:   0%|          | 0/50 [00:00<?, ?it/s]ddim-sample:  26%|██▌       | 13/50 [00:00<00:00, 129.82it/s]ddim-sample:  54%|█████▍    | 27/50 [00:00<00:00, 130.21it/s]ddim-sample:  82%|████████▏ | 41/50 [00:00<00:00, 129.90it/s]                                                             ddim-sample:   0%|          | 0/50 [00:00<?, ?it/s]ddim-sample:  28%|██▊       | 14/50 [00:00<00:00, 132.67it/s]ddim-sample:  56%|█████▌    | 28/50 [00:00<00:00, 133.81it/s]ddim-sample:  84%|████████▍ | 42/50 [00:00<00:00, 133.96it/s]                                                             ddim-sample:   0%|          | 0/50 [00:00<?, ?it/s]ddim-sample:  28%|██▊       | 14/50 [00:00<00:00, 133.40it/s]ddim-sample:  56%|█████▌    | 28/50 [00:00<00:00, 132.92it/s]ddim-sample:  84%|████████▍ | 42/50 [00:00<00:00, 132.38it/s]                                                             ddim-sample:   0%|          | 0/50 [00:00<?, ?it/s]ddim-sample:  28%|██▊       | 14/50 [00:00<00:00, 130.97it/s]ddim-sample:  56%|█████▌    | 28/50 [00:00<00:00, 130.71it/s]ddim-sample:  84%|████████▍ | 42/50 [00:00<00:00, 130.80it/s]                                                             ddim-sample:   0%|          | 0/50 [00:00<?, ?it/s]ddim-sample:  28%|██▊       | 14/50 [00:00<00:00, 130.81it/s]ddim-sample:  56%|█████▌    | 28/50 [00:00<00:00, 130.79it/s]ddim-sample:  84%|████████▍ | 42/50 [00:00<00:00, 130.79it/s]                                                             ddim-sample:   0%|          | 0/50 [00:00<?, ?it/s]ddim-sample:  28%|██▊       | 14/50 [00:00<00:00, 133.79it/s]ddim-sample:  56%|█████▌    | 28/50 [00:00<00:00, 133.17it/s]ddim-sample:  84%|████████▍ | 42/50 [00:00<00:00, 133.05it/s]                                                             ddim-sample:   0%|          | 0/50 [00:00<?, ?it/s]ddim-sample:  28%|██▊       | 14/50 [00:00<00:00, 134.08it/s]ddim-sample:  56%|█████▌    | 28/50 [00:00<00:00, 132.69it/s]ddim-sample:  84%|████████▍ | 42/50 [00:00<00:00, 132.48it/s]                                                             ddim-sample:   0%|          | 0/50 [00:00<?, ?it/s]ddim-sample:  28%|██▊       | 14/50 [00:00<00:00, 130.90it/s]ddim-sample:  56%|█████▌    | 28/50 [00:00<00:00, 130.91it/s]ddim-sample:  84%|████████▍ | 42/50 [00:00<00:00, 130.73it/s]                                                             ddim-sample:   0%|          | 0/50 [00:00<?, ?it/s]ddim-sample:  28%|██▊       | 14/50 [00:00<00:00, 130.58it/s]ddim-sample:  56%|█████▌    | 28/50 [00:00<00:00, 129.70it/s]ddim-sample:  82%|████████▏ | 41/50 [00:00<00:00, 129.00it/s]                                                             ddim-sample:   0%|          | 0/50 [00:00<?, ?it/s]ddim-sample:  28%|██▊       | 14/50 [00:00<00:00, 134.48it/s]ddim-sample:  56%|█████▌    | 28/50 [00:00<00:00, 133.79it/s]ddim-sample:  84%|████████▍ | 42/50 [00:00<00:00, 133.66it/s]                                                             ddim-sample:   0%|          | 0/50 [00:00<?, ?it/s]ddim-sample:  28%|██▊       | 14/50 [00:00<00:00, 133.93it/s]ddim-sample:  56%|█████▌    | 28/50 [00:00<00:00, 132.69it/s]ddim-sample:  84%|████████▍ | 42/50 [00:00<00:00, 132.18it/s]                                                             ddim-sample:   0%|          | 0/50 [00:00<?, ?it/s]ddim-sample:  28%|██▊       | 14/50 [00:00<00:00, 131.71it/s]ddim-sample:  56%|█████▌    | 28/50 [00:00<00:00, 131.17it/s]ddim-sample:  84%|████████▍ | 42/50 [00:00<00:00, 130.54it/s]                                                             ddim-sample:   0%|          | 0/50 [00:00<?, ?it/s]ddim-sample:  26%|██▌       | 13/50 [00:00<00:00, 129.28it/s]ddim-sample:  52%|█████▏    | 26/50 [00:00<00:00, 129.51it/s]ddim-sample:  78%|███████▊  | 39/50 [00:00<00:00, 129.50it/s]                                                             ddim-sample:   0%|          | 0/50 [00:00<?, ?it/s]ddim-sample:  28%|██▊       | 14/50 [00:00<00:00, 133.53it/s]ddim-sample:  56%|█████▌    | 28/50 [00:00<00:00, 133.29it/s]ddim-sample:  84%|████████▍ | 42/50 [00:00<00:00, 132.99it/s]                                                             ddim-sample:   0%|          | 0/50 [00:00<?, ?it/s]ddim-sample:  28%|██▊       | 14/50 [00:00<00:00, 131.19it/s]ddim-sample:  56%|█████▌    | 28/50 [00:00<00:00, 130.84it/s]ddim-sample:  84%|████████▍ | 42/50 [00:00<00:00, 129.47it/s]                                                             ddim-sample:   0%|          | 0/50 [00:00<?, ?it/s]ddim-sample:  26%|██▌       | 13/50 [00:00<00:00, 128.64it/s]ddim-sample:  52%|█████▏    | 26/50 [00:00<00:00, 129.06it/s]ddim-sample:  78%|███████▊  | 39/50 [00:00<00:00, 129.28it/s]                                                             ddim-sample:   0%|          | 0/50 [00:00<?, ?it/s]ddim-sample:  26%|██▌       | 13/50 [00:00<00:00, 127.86it/s]ddim-sample:  52%|█████▏    | 26/50 [00:00<00:00, 127.06it/s]ddim-sample:  78%|███████▊  | 39/50 [00:00<00:00, 127.60it/s]                                                             ddim-sample:   0%|          | 0/50 [00:00<?, ?it/s]ddim-sample:  28%|██▊       | 14/50 [00:00<00:00, 134.03it/s]ddim-sample:  56%|█████▌    | 28/50 [00:00<00:00, 133.95it/s]ddim-sample:  84%|████████▍ | 42/50 [00:00<00:00, 133.81it/s]                                                             ddim-sample:   0%|          | 0/50 [00:00<?, ?it/s]ddim-sample:  28%|██▊       | 14/50 [00:00<00:00, 133.93it/s]ddim-sample:  56%|█████▌    | 28/50 [00:00<00:00, 133.18it/s]ddim-sample:  84%|████████▍ | 42/50 [00:00<00:00, 130.90it/s]                                                             ddim-sample:   0%|          | 0/50 [00:00<?, ?it/s]ddim-sample:  28%|██▊       | 14/50 [00:00<00:00, 130.03it/s]ddim-sample:  56%|█████▌    | 28/50 [00:00<00:00, 130.48it/s]ddim-sample:  84%|████████▍ | 42/50 [00:00<00:00, 130.53it/s]                                                             ddim-sample:   0%|          | 0/50 [00:00<?, ?it/s]ddim-sample:  26%|██▌       | 13/50 [00:00<00:00, 129.22it/s]ddim-sample:  52%|█████▏    | 26/50 [00:00<00:00, 128.36it/s]ddim-sample:  78%|███████▊  | 39/50 [00:00<00:00, 128.66it/s]                                                             ddim-sample:   0%|          | 0/50 [00:00<?, ?it/s]ddim-sample:  28%|██▊       | 14/50 [00:00<00:00, 131.03it/s]ddim-sample:  56%|█████▌    | 28/50 [00:00<00:00, 131.57it/s]ddim-sample:  84%|████████▍ | 42/50 [00:00<00:00, 132.23it/s]                                                             ddim-sample:   0%|          | 0/50 [00:00<?, ?it/s]ddim-sample:  28%|██▊       | 14/50 [00:00<00:00, 133.76it/s]ddim-sample:  56%|█████▌    | 28/50 [00:00<00:00, 132.60it/s]ddim-sample:  84%|████████▍ | 42/50 [00:00<00:00, 132.25it/s]                                                             ddim-sample:   0%|          | 0/50 [00:00<?, ?it/s]ddim-sample:  28%|██▊       | 14/50 [00:00<00:00, 131.26it/s]ddim-sample:  56%|█████▌    | 28/50 [00:00<00:00, 130.72it/s]ddim-sample:  84%|████████▍ | 42/50 [00:00<00:00, 130.22it/s]                                                             ddim-sample:   0%|          | 0/50 [00:00<?, ?it/s]ddim-sample:  26%|██▌       | 13/50 [00:00<00:00, 129.72it/s]ddim-sample:  52%|█████▏    | 26/50 [00:00<00:00, 129.83it/s]ddim-sample:  78%|███████▊  | 39/50 [00:00<00:00, 129.81it/s]                                                             ddim-sample:   0%|          | 0/50 [00:00<?, ?it/s]ddim-sample:  28%|██▊       | 14/50 [00:00<00:00, 134.01it/s]ddim-sample:  56%|█████▌    | 28/50 [00:00<00:00, 134.27it/s]ddim-sample:  84%|████████▍ | 42/50 [00:00<00:00, 134.07it/s]                                                             ddim-sample:   0%|          | 0/50 [00:00<?, ?it/s]ddim-sample:  28%|██▊       | 14/50 [00:00<00:00, 132.22it/s]ddim-sample:  56%|█████▌    | 28/50 [00:00<00:00, 130.73it/s]ddim-sample:  84%|████████▍ | 42/50 [00:00<00:00, 130.01it/s]                                                             ddim-sample:   0%|          | 0/50 [00:00<?, ?it/s]ddim-sample:  26%|██▌       | 13/50 [00:00<00:00, 129.04it/s]ddim-sample:  52%|█████▏    | 26/50 [00:00<00:00, 128.14it/s]ddim-sample:  78%|███████▊  | 39/50 [00:00<00:00, 128.49it/s]                                                             ddim-sample:   0%|          | 0/50 [00:00<?, ?it/s]ddim-sample:  28%|██▊       | 14/50 [00:00<00:00, 130.13it/s]ddim-sample:  56%|█████▌    | 28/50 [00:00<00:00, 130.00it/s]ddim-sample:  82%|████████▏ | 41/50 [00:00<00:00, 129.66it/s]                                                             ddim-sample:   0%|          | 0/50 [00:00<?, ?it/s]ddim-sample:  28%|██▊       | 14/50 [00:00<00:00, 133.02it/s]ddim-sample:  56%|█████▌    | 28/50 [00:00<00:00, 133.19it/s]ddim-sample:  84%|████████▍ | 42/50 [00:00<00:00, 133.61it/s]                                                             ddim-sample:   0%|          | 0/50 [00:00<?, ?it/s]ddim-sample:  28%|██▊       | 14/50 [00:00<00:00, 132.53it/s]ddim-sample:  56%|█████▌    | 28/50 [00:00<00:00, 131.65it/s]ddim-sample:  84%|████████▍ | 42/50 [00:00<00:00, 130.49it/s]                                                             ddim-sample:   0%|          | 0/50 [00:00<?, ?it/s]ddim-sample:  26%|██▌       | 13/50 [00:00<00:00, 128.61it/s]ddim-sample:  54%|█████▍    | 27/50 [00:00<00:00, 130.11it/s]ddim-sample:  82%|████████▏ | 41/50 [00:00<00:00, 129.54it/s]                                                             ddim-sample:   0%|          | 0/50 [00:00<?, ?it/s]ddim-sample:  28%|██▊       | 14/50 [00:00<00:00, 130.53it/s]ddim-sample:  56%|█████▌    | 28/50 [00:00<00:00, 130.65it/s]ddim-sample:  84%|████████▍ | 42/50 [00:00<00:00, 130.85it/s]                                                             ddim-sample:   0%|          | 0/50 [00:00<?, ?it/s]ddim-sample:  28%|██▊       | 14/50 [00:00<00:00, 134.79it/s]ddim-sample:  56%|█████▌    | 28/50 [00:00<00:00, 134.74it/s]ddim-sample:  84%|████████▍ | 42/50 [00:00<00:00, 134.32it/s]                                                             ddim-sample:   0%|          | 0/50 [00:00<?, ?it/s]ddim-sample:  28%|██▊       | 14/50 [00:00<00:00, 132.89it/s]ddim-sample:  56%|█████▌    | 28/50 [00:00<00:00, 132.70it/s]ddim-sample:  84%|████████▍ | 42/50 [00:00<00:00, 132.18it/s]                                                             ddim-sample:   0%|          | 0/50 [00:00<?, ?it/s]ddim-sample:  28%|██▊       | 14/50 [00:00<00:00, 130.71it/s]ddim-sample:  56%|█████▌    | 28/50 [00:00<00:00, 130.84it/s]ddim-sample:  84%|████████▍ | 42/50 [00:00<00:00, 130.87it/s]                                                             ddim-sample:   0%|          | 0/50 [00:00<?, ?it/s]ddim-sample:  28%|██▊       | 14/50 [00:00<00:00, 130.76it/s]ddim-sample:  56%|█████▌    | 28/50 [00:00<00:00, 130.61it/s]ddim-sample:  84%|████████▍ | 42/50 [00:00<00:00, 130.05it/s]                                                             ddim-sample:   0%|          | 0/50 [00:00<?, ?it/s]ddim-sample:  28%|██▊       | 14/50 [00:00<00:00, 134.65it/s]ddim-sample:  56%|█████▌    | 28/50 [00:00<00:00, 134.44it/s]ddim-sample:  84%|████████▍ | 42/50 [00:00<00:00, 134.31it/s]                                                             ddim-sample:   0%|          | 0/50 [00:00<?, ?it/s]ddim-sample:  28%|██▊       | 14/50 [00:00<00:00, 134.43it/s]ddim-sample:  56%|█████▌    | 28/50 [00:00<00:00, 133.56it/s]ddim-sample:  84%|████████▍ | 42/50 [00:00<00:00, 131.30it/s]                                                             ddim-sample:   0%|          | 0/50 [00:00<?, ?it/s]ddim-sample:  28%|██▊       | 14/50 [00:00<00:00, 130.49it/s]ddim-sample:  56%|█████▌    | 28/50 [00:00<00:00, 130.69it/s]ddim-sample:  84%|████████▍ | 42/50 [00:00<00:00, 130.85it/s]                                                             ddim-sample:   0%|          | 0/50 [00:00<?, ?it/s]ddim-sample:  28%|██▊       | 14/50 [00:00<00:00, 129.95it/s]ddim-sample:  54%|█████▍    | 27/50 [00:00<00:00, 128.84it/s]ddim-sample:  80%|████████  | 40/50 [00:00<00:00, 129.25it/s]                                                             ddim-sample:   0%|          | 0/50 [00:00<?, ?it/s]ddim-sample:  28%|██▊       | 14/50 [00:00<00:00, 133.29it/s]ddim-sample:  56%|█████▌    | 28/50 [00:00<00:00, 133.22it/s]ddim-sample:  84%|████████▍ | 42/50 [00:00<00:00, 133.29it/s]                                                             ddim-sample:   0%|          | 0/50 [00:00<?, ?it/s]ddim-sample:  28%|██▊       | 14/50 [00:00<00:00, 133.24it/s]ddim-sample:  56%|█████▌    | 28/50 [00:00<00:00, 132.70it/s]ddim-sample:  84%|████████▍ | 42/50 [00:00<00:00, 132.01it/s]                                                             ddim-sample:   0%|          | 0/50 [00:00<?, ?it/s]ddim-sample:  26%|██▌       | 13/50 [00:00<00:00, 125.63it/s]ddim-sample:  52%|█████▏    | 26/50 [00:00<00:00, 126.25it/s]ddim-sample:  78%|███████▊  | 39/50 [00:00<00:00, 126.87it/s]                                                             ddim-sample:   0%|          | 0/50 [00:00<?, ?it/s]ddim-sample:  26%|██▌       | 13/50 [00:00<00:00, 129.12it/s]ddim-sample:  52%|█████▏    | 26/50 [00:00<00:00, 129.08it/s]ddim-sample:  78%|███████▊  | 39/50 [00:00<00:00, 129.06it/s]                                                             ddim-sample:   0%|          | 0/50 [00:00<?, ?it/s]ddim-sample:  28%|██▊       | 14/50 [00:00<00:00, 131.53it/s]ddim-sample:  56%|█████▌    | 28/50 [00:00<00:00, 131.99it/s]ddim-sample:  84%|████████▍ | 42/50 [00:00<00:00, 132.66it/s]                                                             ddim-sample:   0%|          | 0/50 [00:00<?, ?it/s]ddim-sample:  28%|██▊       | 14/50 [00:00<00:00, 132.27it/s]ddim-sample:  56%|█████▌    | 28/50 [00:00<00:00, 131.29it/s]ddim-sample:  84%|████████▍ | 42/50 [00:00<00:00, 129.93it/s]                                                             ddim-sample:   0%|          | 0/50 [00:00<?, ?it/s]ddim-sample:  26%|██▌       | 13/50 [00:00<00:00, 128.38it/s]ddim-sample:  52%|█████▏    | 26/50 [00:00<00:00, 128.74it/s]ddim-sample:  78%|███████▊  | 39/50 [00:00<00:00, 129.15it/s]                                                             ddim-sample:   0%|          | 0/50 [00:00<?, ?it/s]ddim-sample:  26%|██▌       | 13/50 [00:00<00:00, 127.86it/s]ddim-sample:  52%|█████▏    | 26/50 [00:00<00:00, 128.21it/s]ddim-sample:  78%|███████▊  | 39/50 [00:00<00:00, 128.50it/s]                                                             ddim-sample:   0%|          | 0/50 [00:00<?, ?it/s]ddim-sample:  28%|██▊       | 14/50 [00:00<00:00, 133.50it/s]ddim-sample:  56%|█████▌    | 28/50 [00:00<00:00, 133.35it/s]ddim-sample:  84%|████████▍ | 42/50 [00:00<00:00, 133.44it/s]                                                             ddim-sample:   0%|          | 0/50 [00:00<?, ?it/s]ddim-sample:  28%|██▊       | 14/50 [00:00<00:00, 131.85it/s]ddim-sample:  56%|█████▌    | 28/50 [00:00<00:00, 130.81it/s]ddim-sample:  84%|████████▍ | 42/50 [00:00<00:00, 130.14it/s]                                                             ddim-sample:   0%|          | 0/50 [00:00<?, ?it/s]ddim-sample:  26%|██▌       | 13/50 [00:00<00:00, 129.27it/s]ddim-sample:  52%|█████▏    | 26/50 [00:00<00:00, 129.27it/s]ddim-sample:  78%|███████▊  | 39/50 [00:00<00:00, 129.22it/s]                                                             ddim-sample:   0%|          | 0/50 [00:00<?, ?it/s]ddim-sample:  26%|██▌       | 13/50 [00:00<00:00, 129.24it/s]ddim-sample:  52%|█████▏    | 26/50 [00:00<00:00, 129.33it/s]ddim-sample:  78%|███████▊  | 39/50 [00:00<00:00, 129.25it/s]                                                             ddim-sample:   0%|          | 0/50 [00:00<?, ?it/s]ddim-sample:  28%|██▊       | 14/50 [00:00<00:00, 132.67it/s]ddim-sample:  56%|█████▌    | 28/50 [00:00<00:00, 132.65it/s]ddim-sample:  84%|████████▍ | 42/50 [00:00<00:00, 132.57it/s]                                                             ddim-sample:   0%|          | 0/50 [00:00<?, ?it/s]ddim-sample:  28%|██▊       | 14/50 [00:00<00:00, 133.12it/s]ddim-sample:  56%|█████▌    | 28/50 [00:00<00:00, 132.44it/s]ddim-sample:  84%|████████▍ | 42/50 [00:00<00:00, 131.99it/s]                                                             ddim-sample:   0%|          | 0/50 [00:00<?, ?it/s]ddim-sample:  28%|██▊       | 14/50 [00:00<00:00, 130.22it/s]ddim-sample:  56%|█████▌    | 28/50 [00:00<00:00, 128.69it/s]ddim-sample:  82%|████████▏ | 41/50 [00:00<00:00, 128.22it/s]                                                             ddim-sample:   0%|          | 0/50 [00:00<?, ?it/s]ddim-sample:  26%|██▌       | 13/50 [00:00<00:00, 127.97it/s]ddim-sample:  52%|█████▏    | 26/50 [00:00<00:00, 128.47it/s]ddim-sample:  78%|███████▊  | 39/50 [00:00<00:00, 128.75it/s]                                                             ddim-sample:   0%|          | 0/50 [00:00<?, ?it/s]ddim-sample:  26%|██▌       | 13/50 [00:00<00:00, 129.61it/s]ddim-sample:  54%|█████▍    | 27/50 [00:00<00:00, 131.31it/s]ddim-sample:  82%|████████▏ | 41/50 [00:00<00:00, 131.04it/s]                                                             ddim-sample:   0%|          | 0/50 [00:00<?, ?it/s]ddim-sample:  28%|██▊       | 14/50 [00:00<00:00, 133.15it/s]ddim-sample:  56%|█████▌    | 28/50 [00:00<00:00, 130.30it/s]ddim-sample:  84%|████████▍ | 42/50 [00:00<00:00, 129.26it/s]                                                             ddim-sample:   0%|          | 0/50 [00:00<?, ?it/s]ddim-sample:  26%|██▌       | 13/50 [00:00<00:00, 127.77it/s]ddim-sample:  52%|█████▏    | 26/50 [00:00<00:00, 128.65it/s]ddim-sample:  80%|████████  | 40/50 [00:00<00:00, 129.31it/s]                                                             ddim-sample:   0%|          | 0/50 [00:00<?, ?it/s]ddim-sample:  28%|██▊       | 14/50 [00:00<00:00, 130.49it/s]ddim-sample:  56%|█████▌    | 28/50 [00:00<00:00, 129.98it/s]ddim-sample:  82%|████████▏ | 41/50 [00:00<00:00, 129.81it/s]                                                             ddim-sample:   0%|          | 0/50 [00:00<?, ?it/s]ddim-sample:  28%|██▊       | 14/50 [00:00<00:00, 133.70it/s]ddim-sample:  56%|█████▌    | 28/50 [00:00<00:00, 133.75it/s]ddim-sample:  84%|████████▍ | 42/50 [00:00<00:00, 133.87it/s]                                                             ddim-sample:   0%|          | 0/50 [00:00<?, ?it/s]ddim-sample:  28%|██▊       | 14/50 [00:00<00:00, 133.01it/s]ddim-sample:  56%|█████▌    | 28/50 [00:00<00:00, 131.42it/s]ddim-sample:  84%|████████▍ | 42/50 [00:00<00:00, 130.91it/s]                                                             ddim-sample:   0%|          | 0/50 [00:00<?, ?it/s]ddim-sample:  26%|██▌       | 13/50 [00:00<00:00, 128.63it/s]ddim-sample:  52%|█████▏    | 26/50 [00:00<00:00, 129.03it/s]ddim-sample:  80%|████████  | 40/50 [00:00<00:00, 129.82it/s]                                                             ddim-sample:   0%|          | 0/50 [00:00<?, ?it/s]ddim-sample:  28%|██▊       | 14/50 [00:00<00:00, 130.35it/s]ddim-sample:  56%|█████▌    | 28/50 [00:00<00:00, 130.42it/s]ddim-sample:  84%|████████▍ | 42/50 [00:00<00:00, 130.12it/s]                                                             ddim-sample:   0%|          | 0/50 [00:00<?, ?it/s]ddim-sample:  28%|██▊       | 14/50 [00:00<00:00, 133.75it/s]ddim-sample:  56%|█████▌    | 28/50 [00:00<00:00, 134.17it/s]ddim-sample:  84%|████████▍ | 42/50 [00:00<00:00, 134.33it/s]                                                             ddim-sample:   0%|          | 0/50 [00:00<?, ?it/s]ddim-sample:  28%|██▊       | 14/50 [00:00<00:00, 134.37it/s]ddim-sample:  56%|█████▌    | 28/50 [00:00<00:00, 133.65it/s]ddim-sample:  84%|████████▍ | 42/50 [00:00<00:00, 130.76it/s]                                                             ddim-sample:   0%|          | 0/50 [00:00<?, ?it/s]ddim-sample:  26%|██▌       | 13/50 [00:00<00:00, 129.45it/s]ddim-sample:  52%|█████▏    | 26/50 [00:00<00:00, 129.48it/s]ddim-sample:  80%|████████  | 40/50 [00:00<00:00, 130.21it/s]                                                             ddim-sample:   0%|          | 0/50 [00:00<?, ?it/s]ddim-sample:  26%|██▌       | 13/50 [00:00<00:00, 129.41it/s]ddim-sample:  52%|█████▏    | 26/50 [00:00<00:00, 129.30it/s]ddim-sample:  80%|████████  | 40/50 [00:00<00:00, 130.11it/s]                                                             ddim-sample:   0%|          | 0/50 [00:00<?, ?it/s]ddim-sample:  28%|██▊       | 14/50 [00:00<00:00, 134.20it/s]ddim-sample:  56%|█████▌    | 28/50 [00:00<00:00, 134.12it/s]ddim-sample:  84%|████████▍ | 42/50 [00:00<00:00, 134.31it/s]                                                             ddim-sample:   0%|          | 0/50 [00:00<?, ?it/s]ddim-sample:  28%|██▊       | 14/50 [00:00<00:00, 132.80it/s]ddim-sample:  56%|█████▌    | 28/50 [00:00<00:00, 132.60it/s]ddim-sample:  84%|████████▍ | 42/50 [00:00<00:00, 131.39it/s]                                                             ddim-sample:   0%|          | 0/50 [00:00<?, ?it/s]ddim-sample:  28%|██▊       | 14/50 [00:00<00:00, 129.98it/s]ddim-sample:  54%|█████▍    | 27/50 [00:00<00:00, 129.86it/s]ddim-sample:  80%|████████  | 40/50 [00:00<00:00, 129.72it/s]                                                             ddim-sample:   0%|          | 0/50 [00:00<?, ?it/s]ddim-sample:  26%|██▌       | 13/50 [00:00<00:00, 129.08it/s]ddim-sample:  52%|█████▏    | 26/50 [00:00<00:00, 128.92it/s]ddim-sample:  78%|███████▊  | 39/50 [00:00<00:00, 128.61it/s]                                                             ddim-sample:   0%|          | 0/50 [00:00<?, ?it/s]ddim-sample:  28%|██▊       | 14/50 [00:00<00:00, 133.40it/s]ddim-sample:  56%|█████▌    | 28/50 [00:00<00:00, 132.84it/s]ddim-sample:  84%|████████▍ | 42/50 [00:00<00:00, 132.26it/s]                                                             ddim-sample:   0%|          | 0/50 [00:00<?, ?it/s]ddim-sample:  28%|██▊       | 14/50 [00:00<00:00, 133.27it/s]ddim-sample:  56%|█████▌    | 28/50 [00:00<00:00, 130.07it/s]ddim-sample:  84%|████████▍ | 42/50 [00:00<00:00, 129.74it/s]                                                             ddim-sample:   0%|          | 0/50 [00:00<?, ?it/s]ddim-sample:  26%|██▌       | 13/50 [00:00<00:00, 129.60it/s]ddim-sample:  52%|█████▏    | 26/50 [00:00<00:00, 129.35it/s]ddim-sample:  78%|███████▊  | 39/50 [00:00<00:00, 129.39it/s]                                                             ddim-sample:   0%|          | 0/50 [00:00<?, ?it/s]ddim-sample:  26%|██▌       | 13/50 [00:00<00:00, 129.63it/s]ddim-sample:  52%|█████▏    | 26/50 [00:00<00:00, 129.64it/s]ddim-sample:  78%|███████▊  | 39/50 [00:00<00:00, 129.40it/s]                                                             ddim-sample:   0%|          | 0/50 [00:00<?, ?it/s]ddim-sample:  28%|██▊       | 14/50 [00:00<00:00, 132.86it/s]ddim-sample:  56%|█████▌    | 28/50 [00:00<00:00, 132.91it/s]ddim-sample:  84%|████████▍ | 42/50 [00:00<00:00, 133.26it/s]                                                             ddim-sample:   0%|          | 0/50 [00:00<?, ?it/s]ddim-sample:  28%|██▊       | 14/50 [00:00<00:00, 134.25it/s]ddim-sample:  56%|█████▌    | 28/50 [00:00<00:00, 133.36it/s]ddim-sample:  84%|████████▍ | 42/50 [00:00<00:00, 133.04it/s]                                                             ddim-sample:   0%|          | 0/50 [00:00<?, ?it/s]ddim-sample:  28%|██▊       | 14/50 [00:00<00:00, 131.32it/s]ddim-sample:  56%|█████▌    | 28/50 [00:00<00:00, 130.65it/s]ddim-sample:  84%|████████▍ | 42/50 [00:00<00:00, 130.14it/s]                                                             ddim-sample:   0%|          | 0/50 [00:00<?, ?it/s]ddim-sample:  26%|██▌       | 13/50 [00:00<00:00, 128.67it/s]ddim-sample:  52%|█████▏    | 26/50 [00:00<00:00, 128.77it/s]ddim-sample:  78%|███████▊  | 39/50 [00:00<00:00, 128.93it/s]                                                             ddim-sample:   0%|          | 0/50 [00:00<?, ?it/s]ddim-sample:  28%|██▊       | 14/50 [00:00<00:00, 133.80it/s]ddim-sample:  56%|█████▌    | 28/50 [00:00<00:00, 133.78it/s]ddim-sample:  84%|████████▍ | 42/50 [00:00<00:00, 133.78it/s]                                                             ddim-sample:   0%|          | 0/50 [00:00<?, ?it/s]ddim-sample:  28%|██▊       | 14/50 [00:00<00:00, 133.61it/s]ddim-sample:  56%|█████▌    | 28/50 [00:00<00:00, 133.35it/s]ddim-sample:  84%|████████▍ | 42/50 [00:00<00:00, 132.76it/s]                                                             ddim-sample:   0%|          | 0/50 [00:00<?, ?it/s]ddim-sample:  28%|██▊       | 14/50 [00:00<00:00, 130.19it/s]ddim-sample:  56%|█████▌    | 28/50 [00:00<00:00, 130.27it/s]ddim-sample:  84%|████████▍ | 42/50 [00:00<00:00, 130.20it/s]                                                             ddim-sample:   0%|          | 0/50 [00:00<?, ?it/s]ddim-sample:  28%|██▊       | 14/50 [00:00<00:00, 130.28it/s]ddim-sample:  56%|█████▌    | 28/50 [00:00<00:00, 130.18it/s]ddim-sample:  84%|████████▍ | 42/50 [00:00<00:00, 130.09it/s]                                                             ddim-sample:   0%|          | 0/50 [00:00<?, ?it/s]ddim-sample:  28%|██▊       | 14/50 [00:00<00:00, 134.12it/s]ddim-sample:  56%|█████▌    | 28/50 [00:00<00:00, 134.14it/s]ddim-sample:  84%|████████▍ | 42/50 [00:00<00:00, 134.14it/s]                                                             ddim-sample:   0%|          | 0/50 [00:00<?, ?it/s]ddim-sample:  28%|██▊       | 14/50 [00:00<00:00, 132.21it/s]ddim-sample:  56%|█████▌    | 28/50 [00:00<00:00, 132.31it/s]ddim-sample:  84%|████████▍ | 42/50 [00:00<00:00, 132.34it/s]                                                             ddim-sample:   0%|          | 0/50 [00:00<?, ?it/s]ddim-sample:  28%|██▊       | 14/50 [00:00<00:00, 132.31it/s]ddim-sample:  56%|█████▌    | 28/50 [00:00<00:00, 132.33it/s]ddim-sample:  84%|████████▍ | 42/50 [00:00<00:00, 132.20it/s]                                                             ddim-sample:   0%|          | 0/50 [00:00<?, ?it/s]ddim-sample:  28%|██▊       | 14/50 [00:00<00:00, 130.15it/s]ddim-sample:  56%|█████▌    | 28/50 [00:00<00:00, 130.20it/s]ddim-sample:  84%|████████▍ | 42/50 [00:00<00:00, 130.08it/s]                                                             ddim-sample:   0%|          | 0/50 [00:00<?, ?it/s]ddim-sample:  28%|██▊       | 14/50 [00:00<00:00, 133.73it/s]ddim-sample:  56%|█████▌    | 28/50 [00:00<00:00, 133.87it/s]ddim-sample:  84%|████████▍ | 42/50 [00:00<00:00, 133.98it/s]                                                             ddim-sample:   0%|          | 0/50 [00:00<?, ?it/s]ddim-sample:  28%|██▊       | 14/50 [00:00<00:00, 131.63it/s]ddim-sample:  56%|█████▌    | 28/50 [00:00<00:00, 132.01it/s]ddim-sample:  84%|████████▍ | 42/50 [00:00<00:00, 132.29it/s]                                                             ddim-sample:   0%|          | 0/50 [00:00<?, ?it/s]ddim-sample:  28%|██▊       | 14/50 [00:00<00:00, 132.61it/s]ddim-sample:  56%|█████▌    | 28/50 [00:00<00:00, 131.98it/s]ddim-sample:  84%|████████▍ | 42/50 [00:00<00:00, 131.76it/s]                                                             ddim-sample:   0%|          | 0/50 [00:00<?, ?it/s]ddim-sample:  28%|██▊       | 14/50 [00:00<00:00, 132.06it/s]ddim-sample:  56%|█████▌    | 28/50 [00:00<00:00, 132.27it/s]ddim-sample:  84%|████████▍ | 42/50 [00:00<00:00, 131.18it/s]                                                             ddim-sample:   0%|          | 0/50 [00:00<?, ?it/s]ddim-sample:  28%|██▊       | 14/50 [00:00<00:00, 134.62it/s]ddim-sample:  56%|█████▌    | 28/50 [00:00<00:00, 134.67it/s]ddim-sample:  84%|████████▍ | 42/50 [00:00<00:00, 134.67it/s]                                                             ddim-sample:   0%|          | 0/50 [00:00<?, ?it/s]ddim-sample:  28%|██▊       | 14/50 [00:00<00:00, 133.37it/s]ddim-sample:  56%|█████▌    | 28/50 [00:00<00:00, 133.08it/s]ddim-sample:  84%|████████▍ | 42/50 [00:00<00:00, 132.36it/s]                                                             ddim-sample:   0%|          | 0/50 [00:00<?, ?it/s]ddim-sample:  28%|██▊       | 14/50 [00:00<00:00, 131.86it/s]ddim-sample:  56%|█████▌    | 28/50 [00:00<00:00, 131.87it/s]ddim-sample:  84%|████████▍ | 42/50 [00:00<00:00, 131.85it/s]                                                             ddim-sample:   0%|          | 0/50 [00:00<?, ?it/s]ddim-sample:  28%|██▊       | 14/50 [00:00<00:00, 132.16it/s]ddim-sample:  56%|█████▌    | 28/50 [00:00<00:00, 131.89it/s]ddim-sample:  84%|████████▍ | 42/50 [00:00<00:00, 131.38it/s]                                                             ddim-sample:   0%|          | 0/50 [00:00<?, ?it/s]ddim-sample:  28%|██▊       | 14/50 [00:00<00:00, 134.39it/s]ddim-sample:  56%|█████▌    | 28/50 [00:00<00:00, 134.23it/s]ddim-sample:  84%|████████▍ | 42/50 [00:00<00:00, 134.25it/s]                                                             ddim-sample:   0%|          | 0/50 [00:00<?, ?it/s]ddim-sample:  28%|██▊       | 14/50 [00:00<00:00, 133.33it/s]ddim-sample:  56%|█████▌    | 28/50 [00:00<00:00, 132.77it/s]ddim-sample:  84%|████████▍ | 42/50 [00:00<00:00, 131.86it/s]                                                             ddim-sample:   0%|          | 0/50 [00:00<?, ?it/s]ddim-sample:  28%|██▊       | 14/50 [00:00<00:00, 130.65it/s]ddim-sample:  56%|█████▌    | 28/50 [00:00<00:00, 130.69it/s]ddim-sample:  84%|████████▍ | 42/50 [00:00<00:00, 130.72it/s]                                                             ddim-sample:   0%|          | 0/50 [00:00<?, ?it/s]ddim-sample:  28%|██▊       | 14/50 [00:00<00:00, 130.81it/s]ddim-sample:  56%|█████▌    | 28/50 [00:00<00:00, 130.83it/s]ddim-sample:  84%|████████▍ | 42/50 [00:00<00:00, 130.78it/s]                                                             ddim-sample:   0%|          | 0/50 [00:00<?, ?it/s]ddim-sample:  28%|██▊       | 14/50 [00:00<00:00, 134.57it/s]ddim-sample:  56%|█████▌    | 28/50 [00:00<00:00, 134.58it/s]ddim-sample:  84%|████████▍ | 42/50 [00:00<00:00, 134.60it/s]                                                             ddim-sample:   0%|          | 0/50 [00:00<?, ?it/s]ddim-sample:  28%|██▊       | 14/50 [00:00<00:00, 134.20it/s]ddim-sample:  56%|█████▌    | 28/50 [00:00<00:00, 133.33it/s]ddim-sample:  84%|████████▍ | 42/50 [00:00<00:00, 132.83it/s]                                                             ddim-sample:   0%|          | 0/50 [00:00<?, ?it/s]ddim-sample:  28%|██▊       | 14/50 [00:00<00:00, 131.40it/s]ddim-sample:  56%|█████▌    | 28/50 [00:00<00:00, 131.24it/s]ddim-sample:  84%|████████▍ | 42/50 [00:00<00:00, 131.23it/s]                                                             ddim-sample:   0%|          | 0/50 [00:00<?, ?it/s]ddim-sample:  28%|██▊       | 14/50 [00:00<00:00, 130.83it/s]ddim-sample:  56%|█████▌    | 28/50 [00:00<00:00, 130.98it/s]ddim-sample:  84%|████████▍ | 42/50 [00:00<00:00, 131.08it/s]                                                             ddim-sample:   0%|          | 0/50 [00:00<?, ?it/s]ddim-sample:  28%|██▊       | 14/50 [00:00<00:00, 134.39it/s]ddim-sample:  56%|█████▌    | 28/50 [00:00<00:00, 134.32it/s]ddim-sample:  84%|████████▍ | 42/50 [00:00<00:00, 134.29it/s]                                                             ddim-sample:   0%|          | 0/50 [00:00<?, ?it/s]ddim-sample:  28%|██▊       | 14/50 [00:00<00:00, 134.11it/s]ddim-sample:  56%|█████▌    | 28/50 [00:00<00:00, 133.24it/s]ddim-sample:  84%|████████▍ | 42/50 [00:00<00:00, 132.91it/s]                                                             ddim-sample:   0%|          | 0/50 [00:00<?, ?it/s]ddim-sample:  28%|██▊       | 14/50 [00:00<00:00, 132.78it/s]ddim-sample:  56%|█████▌    | 28/50 [00:00<00:00, 132.45it/s]ddim-sample:  84%|████████▍ | 42/50 [00:00<00:00, 132.47it/s]                                                             ddim-sample:   0%|          | 0/50 [00:00<?, ?it/s]ddim-sample:  28%|██▊       | 14/50 [00:00<00:00, 130.97it/s]ddim-sample:  56%|█████▌    | 28/50 [00:00<00:00, 130.79it/s]ddim-sample:  84%|████████▍ | 42/50 [00:00<00:00, 130.77it/s]                                                             ddim-sample:   0%|          | 0/50 [00:00<?, ?it/s]ddim-sample:  28%|██▊       | 14/50 [00:00<00:00, 132.37it/s]ddim-sample:  56%|█████▌    | 28/50 [00:00<00:00, 132.44it/s]ddim-sample:  84%|████████▍ | 42/50 [00:00<00:00, 132.50it/s]                                                             ddim-sample:   0%|          | 0/50 [00:00<?, ?it/s]ddim-sample:  28%|██▊       | 14/50 [00:00<00:00, 132.23it/s]ddim-sample:  56%|█████▌    | 28/50 [00:00<00:00, 131.83it/s]ddim-sample:  84%|████████▍ | 42/50 [00:00<00:00, 131.13it/s]                                                             ddim-sample:   0%|          | 0/50 [00:00<?, ?it/s]ddim-sample:  26%|██▌       | 13/50 [00:00<00:00, 129.55it/s]ddim-sample:  52%|█████▏    | 26/50 [00:00<00:00, 129.45it/s]ddim-sample:  78%|███████▊  | 39/50 [00:00<00:00, 129.48it/s]                                                             ddim-sample:   0%|          | 0/50 [00:00<?, ?it/s]ddim-sample:  28%|██▊       | 14/50 [00:00<00:00, 130.38it/s]ddim-sample:  56%|█████▌    | 28/50 [00:00<00:00, 130.05it/s]ddim-sample:  84%|████████▍ | 42/50 [00:00<00:00, 129.98it/s]                                                             ddim-sample:   0%|          | 0/50 [00:00<?, ?it/s]ddim-sample:  28%|██▊       | 14/50 [00:00<00:00, 134.17it/s]ddim-sample:  56%|█████▌    | 28/50 [00:00<00:00, 134.20it/s]ddim-sample:  84%|████████▍ | 42/50 [00:00<00:00, 134.27it/s]                                                             ddim-sample:   0%|          | 0/50 [00:00<?, ?it/s]ddim-sample:  28%|██▊       | 14/50 [00:00<00:00, 134.16it/s]ddim-sample:  56%|█████▌    | 28/50 [00:00<00:00, 133.00it/s]ddim-sample:  84%|████████▍ | 42/50 [00:00<00:00, 132.63it/s]                                                             ddim-sample:   0%|          | 0/50 [00:00<?, ?it/s]ddim-sample:  28%|██▊       | 14/50 [00:00<00:00, 131.26it/s]ddim-sample:  56%|█████▌    | 28/50 [00:00<00:00, 131.45it/s]ddim-sample:  84%|████████▍ | 42/50 [00:00<00:00, 131.34it/s]                                                             ddim-sample:   0%|          | 0/50 [00:00<?, ?it/s]ddim-sample:  28%|██▊       | 14/50 [00:00<00:00, 131.32it/s]ddim-sample:  56%|█████▌    | 28/50 [00:00<00:00, 131.43it/s]ddim-sample:  84%|████████▍ | 42/50 [00:00<00:00, 131.11it/s]                                                             ddim-sample:   0%|          | 0/50 [00:00<?, ?it/s]ddim-sample:  28%|██▊       | 14/50 [00:00<00:00, 134.44it/s]ddim-sample:  56%|█████▌    | 28/50 [00:00<00:00, 134.34it/s]ddim-sample:  84%|████████▍ | 42/50 [00:00<00:00, 134.28it/s]                                                             ddim-sample:   0%|          | 0/50 [00:00<?, ?it/s]ddim-sample:  28%|██▊       | 14/50 [00:00<00:00, 133.08it/s]ddim-sample:  56%|█████▌    | 28/50 [00:00<00:00, 131.97it/s]ddim-sample:  84%|████████▍ | 42/50 [00:00<00:00, 131.95it/s]                                                             ddim-sample:   0%|          | 0/50 [00:00<?, ?it/s]ddim-sample:  28%|██▊       | 14/50 [00:00<00:00, 132.04it/s]ddim-sample:  56%|█████▌    | 28/50 [00:00<00:00, 131.73it/s]ddim-sample:  84%|████████▍ | 42/50 [00:00<00:00, 131.48it/s]                                                             ddim-sample:   0%|          | 0/50 [00:00<?, ?it/s]ddim-sample:  28%|██▊       | 14/50 [00:00<00:00, 131.75it/s]ddim-sample:  56%|█████▌    | 28/50 [00:00<00:00, 130.76it/s]ddim-sample:  84%|████████▍ | 42/50 [00:00<00:00, 130.01it/s]                                                             ddim-sample:   0%|          | 0/50 [00:00<?, ?it/s]ddim-sample:  28%|██▊       | 14/50 [00:00<00:00, 134.49it/s]ddim-sample:  56%|█████▌    | 28/50 [00:00<00:00, 134.56it/s]ddim-sample:  84%|████████▍ | 42/50 [00:00<00:00, 134.57it/s]                                                             ddim-sample:   0%|          | 0/50 [00:00<?, ?it/s]ddim-sample:  28%|██▊       | 14/50 [00:00<00:00, 134.30it/s]ddim-sample:  56%|█████▌    | 28/50 [00:00<00:00, 133.48it/s]ddim-sample:  84%|████████▍ | 42/50 [00:00<00:00, 133.01it/s]                                                             ddim-sample:   0%|          | 0/50 [00:00<?, ?it/s]ddim-sample:  28%|██▊       | 14/50 [00:00<00:00, 130.70it/s]ddim-sample:  56%|█████▌    | 28/50 [00:00<00:00, 131.08it/s]ddim-sample:  84%|████████▍ | 42/50 [00:00<00:00, 131.63it/s]                                                             ddim-sample:   0%|          | 0/50 [00:00<?, ?it/s]ddim-sample:  28%|██▊       | 14/50 [00:00<00:00, 132.44it/s]ddim-sample:  56%|█████▌    | 28/50 [00:00<00:00, 132.12it/s]ddim-sample:  84%|████████▍ | 42/50 [00:00<00:00, 131.66it/s]                                                             ddim-sample:   0%|          | 0/50 [00:00<?, ?it/s]ddim-sample:  28%|██▊       | 14/50 [00:00<00:00, 133.38it/s]ddim-sample:  56%|█████▌    | 28/50 [00:00<00:00, 133.90it/s]ddim-sample:  84%|████████▍ | 42/50 [00:00<00:00, 134.08it/s]                                                             ddim-sample:   0%|          | 0/50 [00:00<?, ?it/s]ddim-sample:  28%|██▊       | 14/50 [00:00<00:00, 134.14it/s]ddim-sample:  56%|█████▌    | 28/50 [00:00<00:00, 133.18it/s]ddim-sample:  84%|████████▍ | 42/50 [00:00<00:00, 132.80it/s]                                                             ddim-sample:   0%|          | 0/50 [00:00<?, ?it/s]ddim-sample:  28%|██▊       | 14/50 [00:00<00:00, 132.74it/s]ddim-sample:  56%|█████▌    | 28/50 [00:00<00:00, 132.61it/s]ddim-sample:  84%|████████▍ | 42/50 [00:00<00:00, 132.56it/s]                                                             ddim-sample:   0%|          | 0/50 [00:00<?, ?it/s]ddim-sample:  28%|██▊       | 14/50 [00:00<00:00, 132.83it/s]ddim-sample:  56%|█████▌    | 28/50 [00:00<00:00, 132.66it/s]ddim-sample:  84%|████████▍ | 42/50 [00:00<00:00, 132.09it/s]                                                             ddim-sample:   0%|          | 0/50 [00:00<?, ?it/s]ddim-sample:  28%|██▊       | 14/50 [00:00<00:00, 134.09it/s]ddim-sample:  56%|█████▌    | 28/50 [00:00<00:00, 134.08it/s]ddim-sample:  84%|████████▍ | 42/50 [00:00<00:00, 134.14it/s]                                                             ddim-sample:   0%|          | 0/50 [00:00<?, ?it/s]ddim-sample:  28%|██▊       | 14/50 [00:00<00:00, 134.29it/s]ddim-sample:  56%|█████▌    | 28/50 [00:00<00:00, 134.01it/s]ddim-sample:  84%|████████▍ | 42/50 [00:00<00:00, 133.66it/s]                                                             ddim-sample:   0%|          | 0/50 [00:00<?, ?it/s]ddim-sample:  28%|██▊       | 14/50 [00:00<00:00, 130.63it/s]ddim-sample:  56%|█████▌    | 28/50 [00:00<00:00, 130.81it/s]ddim-sample:  84%|████████▍ | 42/50 [00:00<00:00, 130.88it/s]                                                             ddim-sample:   0%|          | 0/50 [00:00<?, ?it/s]ddim-sample:  28%|██▊       | 14/50 [00:00<00:00, 131.04it/s]ddim-sample:  56%|█████▌    | 28/50 [00:00<00:00, 130.97it/s]ddim-sample:  84%|████████▍ | 42/50 [00:00<00:00, 130.97it/s]                                                             ddim-sample:   0%|          | 0/50 [00:00<?, ?it/s]ddim-sample:  28%|██▊       | 14/50 [00:00<00:00, 133.15it/s]ddim-sample:  56%|█████▌    | 28/50 [00:00<00:00, 133.18it/s]ddim-sample:  84%|████████▍ | 42/50 [00:00<00:00, 133.47it/s]                                                             ddim-sample:   0%|          | 0/50 [00:00<?, ?it/s]ddim-sample:  28%|██▊       | 14/50 [00:00<00:00, 134.53it/s]ddim-sample:  56%|█████▌    | 28/50 [00:00<00:00, 134.29it/s]ddim-sample:  84%|████████▍ | 42/50 [00:00<00:00, 133.60it/s]                                                             ddim-sample:   0%|          | 0/50 [00:00<?, ?it/s]ddim-sample:  28%|██▊       | 14/50 [00:00<00:00, 130.12it/s]ddim-sample:  56%|█████▌    | 28/50 [00:00<00:00, 130.20it/s]ddim-sample:  84%|████████▍ | 42/50 [00:00<00:00, 130.88it/s]                                                             ddim-sample:   0%|          | 0/50 [00:00<?, ?it/s]ddim-sample:  28%|██▊       | 14/50 [00:00<00:00, 132.25it/s]ddim-sample:  56%|█████▌    | 28/50 [00:00<00:00, 131.86it/s]ddim-sample:  84%|████████▍ | 42/50 [00:00<00:00, 131.93it/s]                                                             ddim-sample:   0%|          | 0/50 [00:00<?, ?it/s]ddim-sample:  28%|██▊       | 14/50 [00:00<00:00, 132.18it/s]ddim-sample:  56%|█████▌    | 28/50 [00:00<00:00, 132.73it/s]ddim-sample:  84%|████████▍ | 42/50 [00:00<00:00, 133.11it/s]                                                             ddim-sample:   0%|          | 0/50 [00:00<?, ?it/s]ddim-sample:  28%|██▊       | 14/50 [00:00<00:00, 133.49it/s]ddim-sample:  56%|█████▌    | 28/50 [00:00<00:00, 133.55it/s]ddim-sample:  84%|████████▍ | 42/50 [00:00<00:00, 133.17it/s]                                                             ddim-sample:   0%|          | 0/50 [00:00<?, ?it/s]ddim-sample:  28%|██▊       | 14/50 [00:00<00:00, 132.61it/s]ddim-sample:  56%|█████▌    | 28/50 [00:00<00:00, 132.65it/s]ddim-sample:  84%|████████▍ | 42/50 [00:00<00:00, 131.78it/s]                                                             ddim-sample:   0%|          | 0/50 [00:00<?, ?it/s]ddim-sample:  28%|██▊       | 14/50 [00:00<00:00, 130.20it/s]ddim-sample:  56%|█████▌    | 28/50 [00:00<00:00, 130.57it/s]ddim-sample:  84%|████████▍ | 42/50 [00:00<00:00, 130.59it/s]                                                             ddim-sample:   0%|          | 0/50 [00:00<?, ?it/s]ddim-sample:  28%|██▊       | 14/50 [00:00<00:00, 132.72it/s]ddim-sample:  56%|█████▌    | 28/50 [00:00<00:00, 132.60it/s]ddim-sample:  84%|████████▍ | 42/50 [00:00<00:00, 132.28it/s]                                                             ddim-sample:   0%|          | 0/50 [00:00<?, ?it/s]ddim-sample:  28%|██▊       | 14/50 [00:00<00:00, 133.62it/s]ddim-sample:  56%|█████▌    | 28/50 [00:00<00:00, 133.65it/s]ddim-sample:  84%|████████▍ | 42/50 [00:00<00:00, 132.98it/s]                                                             ddim-sample:   0%|          | 0/50 [00:00<?, ?it/s]ddim-sample:  26%|██▌       | 13/50 [00:00<00:00, 129.36it/s]ddim-sample:  52%|█████▏    | 26/50 [00:00<00:00, 129.53it/s]ddim-sample:  78%|███████▊  | 39/50 [00:00<00:00, 129.55it/s]                                                             ddim-sample:   0%|          | 0/50 [00:00<?, ?it/s]ddim-sample:  26%|██▌       | 13/50 [00:00<00:00, 127.63it/s]ddim-sample:  52%|█████▏    | 26/50 [00:00<00:00, 128.55it/s]ddim-sample:  78%|███████▊  | 39/50 [00:00<00:00, 128.73it/s]                                                             ddim-sample:   0%|          | 0/50 [00:00<?, ?it/s]ddim-sample:  28%|██▊       | 14/50 [00:00<00:00, 133.88it/s]ddim-sample:  56%|█████▌    | 28/50 [00:00<00:00, 134.27it/s]ddim-sample:  84%|████████▍ | 42/50 [00:00<00:00, 134.10it/s]                                                             ddim-sample:   0%|          | 0/50 [00:00<?, ?it/s]ddim-sample:  28%|██▊       | 14/50 [00:00<00:00, 133.94it/s]ddim-sample:  56%|█████▌    | 28/50 [00:00<00:00, 134.08it/s]ddim-sample:  84%|████████▍ | 42/50 [00:00<00:00, 133.81it/s]                                                             ddim-sample:   0%|          | 0/50 [00:00<?, ?it/s]ddim-sample:  28%|██▊       | 14/50 [00:00<00:00, 132.34it/s]ddim-sample:  56%|█████▌    | 28/50 [00:00<00:00, 132.11it/s]ddim-sample:  84%|████████▍ | 42/50 [00:00<00:00, 132.08it/s]                                                             ddim-sample:   0%|          | 0/50 [00:00<?, ?it/s]ddim-sample:  28%|██▊       | 14/50 [00:00<00:00, 131.19it/s]ddim-sample:  56%|█████▌    | 28/50 [00:00<00:00, 131.42it/s]ddim-sample:  84%|████████▍ | 42/50 [00:00<00:00, 131.51it/s]                                                             ddim-sample:   0%|          | 0/50 [00:00<?, ?it/s]ddim-sample:  28%|██▊       | 14/50 [00:00<00:00, 131.71it/s]ddim-sample:  56%|█████▌    | 28/50 [00:00<00:00, 133.23it/s]ddim-sample:  84%|████████▍ | 42/50 [00:00<00:00, 133.69it/s]                                                             ddim-sample:   0%|          | 0/50 [00:00<?, ?it/s]ddim-sample:  28%|██▊       | 14/50 [00:00<00:00, 134.24it/s]ddim-sample:  56%|█████▌    | 28/50 [00:00<00:00, 132.71it/s]ddim-sample:  84%|████████▍ | 42/50 [00:00<00:00, 132.38it/s]                                                             ddim-sample:   0%|          | 0/50 [00:00<?, ?it/s]ddim-sample:  28%|██▊       | 14/50 [00:00<00:00, 131.13it/s]ddim-sample:  56%|█████▌    | 28/50 [00:00<00:00, 131.50it/s]ddim-sample:  84%|████████▍ | 42/50 [00:00<00:00, 131.76it/s]                                                             ddim-sample:   0%|          | 0/50 [00:00<?, ?it/s]ddim-sample:  28%|██▊       | 14/50 [00:00<00:00, 131.63it/s]ddim-sample:  56%|█████▌    | 28/50 [00:00<00:00, 130.76it/s]ddim-sample:  84%|████████▍ | 42/50 [00:00<00:00, 130.65it/s]                                                             ddim-sample:   0%|          | 0/50 [00:00<?, ?it/s]ddim-sample:  28%|██▊       | 14/50 [00:00<00:00, 133.71it/s]ddim-sample:  56%|█████▌    | 28/50 [00:00<00:00, 133.61it/s]ddim-sample:  84%|████████▍ | 42/50 [00:00<00:00, 133.74it/s]                                                             ddim-sample:   0%|          | 0/50 [00:00<?, ?it/s]ddim-sample:  28%|██▊       | 14/50 [00:00<00:00, 134.42it/s]ddim-sample:  56%|█████▌    | 28/50 [00:00<00:00, 134.40it/s]ddim-sample:  84%|████████▍ | 42/50 [00:00<00:00, 133.76it/s]                                                             ddim-sample:   0%|          | 0/50 [00:00<?, ?it/s]ddim-sample:  28%|██▊       | 14/50 [00:00<00:00, 132.08it/s]ddim-sample:  56%|█████▌    | 28/50 [00:00<00:00, 132.10it/s]ddim-sample:  84%|████████▍ | 42/50 [00:00<00:00, 132.16it/s]                                                             ddim-sample:   0%|          | 0/50 [00:00<?, ?it/s]ddim-sample:  28%|██▊       | 14/50 [00:00<00:00, 132.32it/s]ddim-sample:  56%|█████▌    | 28/50 [00:00<00:00, 130.60it/s]ddim-sample:  84%|████████▍ | 42/50 [00:00<00:00, 129.99it/s]                                                             ddim-sample:   0%|          | 0/50 [00:00<?, ?it/s]ddim-sample:  28%|██▊       | 14/50 [00:00<00:00, 134.16it/s]ddim-sample:  56%|█████▌    | 28/50 [00:00<00:00, 134.29it/s]ddim-sample:  84%|████████▍ | 42/50 [00:00<00:00, 134.33it/s]                                                             ddim-sample:   0%|          | 0/50 [00:00<?, ?it/s]ddim-sample:  28%|██▊       | 14/50 [00:00<00:00, 132.71it/s]ddim-sample:  56%|█████▌    | 28/50 [00:00<00:00, 132.44it/s]ddim-sample:  84%|████████▍ | 42/50 [00:00<00:00, 132.25it/s]                                                             ddim-sample:   0%|          | 0/50 [00:00<?, ?it/s]ddim-sample:  28%|██▊       | 14/50 [00:00<00:00, 132.11it/s]ddim-sample:  56%|█████▌    | 28/50 [00:00<00:00, 132.10it/s]ddim-sample:  84%|████████▍ | 42/50 [00:00<00:00, 131.93it/s]                                                             ddim-sample:   0%|          | 0/50 [00:00<?, ?it/s]ddim-sample:  28%|██▊       | 14/50 [00:00<00:00, 131.83it/s]ddim-sample:  56%|█████▌    | 28/50 [00:00<00:00, 131.94it/s]ddim-sample:  84%|████████▍ | 42/50 [00:00<00:00, 131.75it/s]                                                             ddim-sample:   0%|          | 0/50 [00:00<?, ?it/s]ddim-sample:  28%|██▊       | 14/50 [00:00<00:00, 133.34it/s]ddim-sample:  56%|█████▌    | 28/50 [00:00<00:00, 133.39it/s]ddim-sample:  84%|████████▍ | 42/50 [00:00<00:00, 132.97it/s]                                                             ddim-sample:   0%|          | 0/50 [00:00<?, ?it/s]ddim-sample:  28%|██▊       | 14/50 [00:00<00:00, 132.35it/s]ddim-sample:  56%|█████▌    | 28/50 [00:00<00:00, 131.68it/s]ddim-sample:  84%|████████▍ | 42/50 [00:00<00:00, 131.40it/s]                                                             ddim-sample:   0%|          | 0/50 [00:00<?, ?it/s]ddim-sample:  26%|██▌       | 13/50 [00:00<00:00, 129.95it/s]ddim-sample:  52%|█████▏    | 26/50 [00:00<00:00, 129.77it/s]ddim-sample:  80%|████████  | 40/50 [00:00<00:00, 130.14it/s]                                                             ddim-sample:   0%|          | 0/50 [00:00<?, ?it/s]ddim-sample:  28%|██▊       | 14/50 [00:00<00:00, 130.66it/s]ddim-sample:  56%|█████▌    | 28/50 [00:00<00:00, 130.72it/s]ddim-sample:  84%|████████▍ | 42/50 [00:00<00:00, 130.67it/s]                                                             ddim-sample:   0%|          | 0/50 [00:00<?, ?it/s]ddim-sample:  28%|██▊       | 14/50 [00:00<00:00, 133.76it/s]ddim-sample:  56%|█████▌    | 28/50 [00:00<00:00, 133.81it/s]ddim-sample:  84%|████████▍ | 42/50 [00:00<00:00, 133.97it/s]                                                             ddim-sample:   0%|          | 0/50 [00:00<?, ?it/s]ddim-sample:  28%|██▊       | 14/50 [00:00<00:00, 133.21it/s]ddim-sample:  56%|█████▌    | 28/50 [00:00<00:00, 133.52it/s]ddim-sample:  84%|████████▍ | 42/50 [00:00<00:00, 133.42it/s]                                                             ddim-sample:   0%|          | 0/50 [00:00<?, ?it/s]ddim-sample:  28%|██▊       | 14/50 [00:00<00:00, 133.38it/s]ddim-sample:  56%|█████▌    | 28/50 [00:00<00:00, 133.34it/s]ddim-sample:  84%|████████▍ | 42/50 [00:00<00:00, 132.46it/s]                                                             ddim-sample:   0%|          | 0/50 [00:00<?, ?it/s]ddim-sample:  28%|██▊       | 14/50 [00:00<00:00, 130.72it/s]ddim-sample:  56%|█████▌    | 28/50 [00:00<00:00, 130.64it/s]ddim-sample:  84%|████████▍ | 42/50 [00:00<00:00, 130.50it/s]                                                             ddim-sample:   0%|          | 0/50 [00:00<?, ?it/s]ddim-sample:  28%|██▊       | 14/50 [00:00<00:00, 134.06it/s]ddim-sample:  56%|█████▌    | 28/50 [00:00<00:00, 134.15it/s]ddim-sample:  84%|████████▍ | 42/50 [00:00<00:00, 133.69it/s]                                                             ddim-sample:   0%|          | 0/50 [00:00<?, ?it/s]ddim-sample:  28%|██▊       | 14/50 [00:00<00:00, 134.09it/s]ddim-sample:  56%|█████▌    | 28/50 [00:00<00:00, 134.16it/s]ddim-sample:  84%|████████▍ | 42/50 [00:00<00:00, 133.06it/s]                                                             ddim-sample:   0%|          | 0/50 [00:00<?, ?it/s]ddim-sample:  28%|██▊       | 14/50 [00:00<00:00, 131.43it/s]ddim-sample:  56%|█████▌    | 28/50 [00:00<00:00, 131.40it/s]ddim-sample:  84%|████████▍ | 42/50 [00:00<00:00, 131.12it/s]                                                             ddim-sample:   0%|          | 0/50 [00:00<?, ?it/s]ddim-sample:  28%|██▊       | 14/50 [00:00<00:00, 131.24it/s]ddim-sample:  56%|█████▌    | 28/50 [00:00<00:00, 131.32it/s]ddim-sample:  84%|████████▍ | 42/50 [00:00<00:00, 131.24it/s]                                                             ddim-sample:   0%|          | 0/50 [00:00<?, ?it/s]ddim-sample:  28%|██▊       | 14/50 [00:00<00:00, 133.56it/s]ddim-sample:  56%|█████▌    | 28/50 [00:00<00:00, 133.30it/s]ddim-sample:  84%|████████▍ | 42/50 [00:00<00:00, 133.22it/s]                                                             ddim-sample:   0%|          | 0/50 [00:00<?, ?it/s]ddim-sample:  28%|██▊       | 14/50 [00:00<00:00, 133.97it/s]ddim-sample:  56%|█████▌    | 28/50 [00:00<00:00, 134.02it/s]ddim-sample:  84%|████████▍ | 42/50 [00:00<00:00, 133.36it/s]                                                             ddim-sample:   0%|          | 0/50 [00:00<?, ?it/s]ddim-sample:  28%|██▊       | 14/50 [00:00<00:00, 131.45it/s]ddim-sample:  56%|█████▌    | 28/50 [00:00<00:00, 130.42it/s]ddim-sample:  84%|████████▍ | 42/50 [00:00<00:00, 130.64it/s]                                                             ddim-sample:   0%|          | 0/50 [00:00<?, ?it/s]ddim-sample:  28%|██▊       | 14/50 [00:00<00:00, 132.13it/s]ddim-sample:  56%|█████▌    | 28/50 [00:00<00:00, 132.02it/s]ddim-sample:  84%|████████▍ | 42/50 [00:00<00:00, 132.13it/s]                                                             ddim-sample:   0%|          | 0/50 [00:00<?, ?it/s]ddim-sample:  28%|██▊       | 14/50 [00:00<00:00, 133.02it/s]ddim-sample:  56%|█████▌    | 28/50 [00:00<00:00, 133.59it/s]ddim-sample:  84%|████████▍ | 42/50 [00:00<00:00, 133.54it/s]                                                             ddim-sample:   0%|          | 0/50 [00:00<?, ?it/s]ddim-sample:  28%|██▊       | 14/50 [00:00<00:00, 133.89it/s]ddim-sample:  56%|█████▌    | 28/50 [00:00<00:00, 132.89it/s]ddim-sample:  84%|████████▍ | 42/50 [00:00<00:00, 132.64it/s]                                                             ddim-sample:   0%|          | 0/50 [00:00<?, ?it/s]ddim-sample:  28%|██▊       | 14/50 [00:00<00:00, 132.03it/s]ddim-sample:  56%|█████▌    | 28/50 [00:00<00:00, 131.83it/s]ddim-sample:  84%|████████▍ | 42/50 [00:00<00:00, 131.07it/s]                                                             ddim-sample:   0%|          | 0/50 [00:00<?, ?it/s]ddim-sample:  28%|██▊       | 14/50 [00:00<00:00, 132.01it/s]ddim-sample:  56%|█████▌    | 28/50 [00:00<00:00, 130.38it/s]ddim-sample:  84%|████████▍ | 42/50 [00:00<00:00, 129.35it/s]                                                             ddim-sample:   0%|          | 0/50 [00:00<?, ?it/s]ddim-sample:  28%|██▊       | 14/50 [00:00<00:00, 132.83it/s]ddim-sample:  56%|█████▌    | 28/50 [00:00<00:00, 132.97it/s]ddim-sample:  84%|████████▍ | 42/50 [00:00<00:00, 132.91it/s]                                                             ddim-sample:   0%|          | 0/50 [00:00<?, ?it/s]ddim-sample:  28%|██▊       | 14/50 [00:00<00:00, 131.80it/s]ddim-sample:  56%|█████▌    | 28/50 [00:00<00:00, 132.40it/s]ddim-sample:  84%|████████▍ | 42/50 [00:00<00:00, 132.60it/s]                                                             ddim-sample:   0%|          | 0/50 [00:00<?, ?it/s]ddim-sample:  28%|██▊       | 14/50 [00:00<00:00, 131.22it/s]ddim-sample:  56%|█████▌    | 28/50 [00:00<00:00, 129.48it/s]ddim-sample:  82%|████████▏ | 41/50 [00:00<00:00, 129.09it/s]                                                             ddim-sample:   0%|          | 0/50 [00:00<?, ?it/s]ddim-sample:  28%|██▊       | 14/50 [00:00<00:00, 130.59it/s]ddim-sample:  56%|█████▌    | 28/50 [00:00<00:00, 130.75it/s]ddim-sample:  84%|████████▍ | 42/50 [00:00<00:00, 130.77it/s]                                                             ddim-sample:   0%|          | 0/50 [00:00<?, ?it/s]ddim-sample:  28%|██▊       | 14/50 [00:00<00:00, 133.96it/s]ddim-sample:  56%|█████▌    | 28/50 [00:00<00:00, 134.06it/s]ddim-sample:  84%|████████▍ | 42/50 [00:00<00:00, 133.98it/s]                                                             ddim-sample:   0%|          | 0/50 [00:00<?, ?it/s]ddim-sample:  28%|██▊       | 14/50 [00:00<00:00, 133.85it/s]ddim-sample:  56%|█████▌    | 28/50 [00:00<00:00, 133.10it/s]ddim-sample:  84%|████████▍ | 42/50 [00:00<00:00, 132.58it/s]                                                             ddim-sample:   0%|          | 0/50 [00:00<?, ?it/s]ddim-sample:  28%|██▊       | 14/50 [00:00<00:00, 132.19it/s]ddim-sample:  56%|█████▌    | 28/50 [00:00<00:00, 131.72it/s]ddim-sample:  84%|████████▍ | 42/50 [00:00<00:00, 130.85it/s]                                                             ddim-sample:   0%|          | 0/50 [00:00<?, ?it/s]ddim-sample:  26%|██▌       | 13/50 [00:00<00:00, 129.46it/s]ddim-sample:  54%|█████▍    | 27/50 [00:00<00:00, 129.98it/s]ddim-sample:  82%|████████▏ | 41/50 [00:00<00:00, 130.39it/s]                                                             ddim-sample:   0%|          | 0/50 [00:00<?, ?it/s]ddim-sample:  28%|██▊       | 14/50 [00:00<00:00, 134.36it/s]ddim-sample:  56%|█████▌    | 28/50 [00:00<00:00, 134.30it/s]ddim-sample:  84%|████████▍ | 42/50 [00:00<00:00, 134.28it/s]                                                             ddim-sample:   0%|          | 0/50 [00:00<?, ?it/s]ddim-sample:  28%|██▊       | 14/50 [00:00<00:00, 134.26it/s]ddim-sample:  56%|█████▌    | 28/50 [00:00<00:00, 133.18it/s]ddim-sample:  84%|████████▍ | 42/50 [00:00<00:00, 132.71it/s]                                                             ddim-sample:   0%|          | 0/50 [00:00<?, ?it/s]ddim-sample:  28%|██▊       | 14/50 [00:00<00:00, 130.79it/s]ddim-sample:  56%|█████▌    | 28/50 [00:00<00:00, 131.36it/s]ddim-sample:  84%|████████▍ | 42/50 [00:00<00:00, 131.36it/s]                                                             ddim-sample:   0%|          | 0/50 [00:00<?, ?it/s]ddim-sample:  28%|██▊       | 14/50 [00:00<00:00, 131.85it/s]ddim-sample:  56%|█████▌    | 28/50 [00:00<00:00, 131.74it/s]ddim-sample:  84%|████████▍ | 42/50 [00:00<00:00, 131.62it/s]                                                             ddim-sample:   0%|          | 0/50 [00:00<?, ?it/s]ddim-sample:  28%|██▊       | 14/50 [00:00<00:00, 134.28it/s]ddim-sample:  56%|█████▌    | 28/50 [00:00<00:00, 134.42it/s]ddim-sample:  84%|████████▍ | 42/50 [00:00<00:00, 134.41it/s]                                                             ddim-sample:   0%|          | 0/50 [00:00<?, ?it/s]ddim-sample:  28%|██▊       | 14/50 [00:00<00:00, 134.28it/s]ddim-sample:  56%|█████▌    | 28/50 [00:00<00:00, 133.84it/s]ddim-sample:  84%|████████▍ | 42/50 [00:00<00:00, 133.41it/s]                                                             ddim-sample:   0%|          | 0/50 [00:00<?, ?it/s]ddim-sample:  28%|██▊       | 14/50 [00:00<00:00, 130.94it/s]ddim-sample:  56%|█████▌    | 28/50 [00:00<00:00, 131.04it/s]ddim-sample:  84%|████████▍ | 42/50 [00:00<00:00, 130.86it/s]                                                             ddim-sample:   0%|          | 0/50 [00:00<?, ?it/s]ddim-sample:  28%|██▊       | 14/50 [00:00<00:00, 130.67it/s]ddim-sample:  56%|█████▌    | 28/50 [00:00<00:00, 130.75it/s]ddim-sample:  84%|████████▍ | 42/50 [00:00<00:00, 130.84it/s]                                                             ddim-sample:   0%|          | 0/50 [00:00<?, ?it/s]ddim-sample:  28%|██▊       | 14/50 [00:00<00:00, 133.67it/s]ddim-sample:  56%|█████▌    | 28/50 [00:00<00:00, 133.78it/s]ddim-sample:  84%|████████▍ | 42/50 [00:00<00:00, 133.89it/s]                                                             ddim-sample:   0%|          | 0/50 [00:00<?, ?it/s]ddim-sample:  28%|██▊       | 14/50 [00:00<00:00, 132.76it/s]ddim-sample:  56%|█████▌    | 28/50 [00:00<00:00, 132.42it/s]ddim-sample:  84%|████████▍ | 42/50 [00:00<00:00, 132.35it/s]                                                             ddim-sample:   0%|          | 0/50 [00:00<?, ?it/s]ddim-sample:  28%|██▊       | 14/50 [00:00<00:00, 132.32it/s]ddim-sample:  56%|█████▌    | 28/50 [00:00<00:00, 132.37it/s]ddim-sample:  84%|████████▍ | 42/50 [00:00<00:00, 131.82it/s]                                                             ddim-sample:   0%|          | 0/50 [00:00<?, ?it/s]ddim-sample:  26%|██▌       | 13/50 [00:00<00:00, 129.35it/s]ddim-sample:  54%|█████▍    | 27/50 [00:00<00:00, 130.62it/s]ddim-sample:  82%|████████▏ | 41/50 [00:00<00:00, 131.12it/s]                                                             ddim-sample:   0%|          | 0/50 [00:00<?, ?it/s]ddim-sample:  28%|██▊       | 14/50 [00:00<00:00, 134.54it/s]ddim-sample:  56%|█████▌    | 28/50 [00:00<00:00, 134.27it/s]ddim-sample:  84%|████████▍ | 42/50 [00:00<00:00, 134.34it/s]                                                             ddim-sample:   0%|          | 0/50 [00:00<?, ?it/s]ddim-sample:  28%|██▊       | 14/50 [00:00<00:00, 134.05it/s]ddim-sample:  56%|█████▌    | 28/50 [00:00<00:00, 133.19it/s]ddim-sample:  84%|████████▍ | 42/50 [00:00<00:00, 132.91it/s]                                                             ddim-sample:   0%|          | 0/50 [00:00<?, ?it/s]ddim-sample:  28%|██▊       | 14/50 [00:00<00:00, 132.68it/s]ddim-sample:  56%|█████▌    | 28/50 [00:00<00:00, 131.91it/s]ddim-sample:  84%|████████▍ | 42/50 [00:00<00:00, 131.21it/s]                                                             ddim-sample:   0%|          | 0/50 [00:00<?, ?it/s]ddim-sample:  28%|██▊       | 14/50 [00:00<00:00, 130.26it/s]ddim-sample:  56%|█████▌    | 28/50 [00:00<00:00, 130.24it/s]ddim-sample:  84%|████████▍ | 42/50 [00:00<00:00, 130.09it/s]                                                             ddim-sample:   0%|          | 0/50 [00:00<?, ?it/s]ddim-sample:  28%|██▊       | 14/50 [00:00<00:00, 134.54it/s]ddim-sample:  56%|█████▌    | 28/50 [00:00<00:00, 134.31it/s]ddim-sample:  84%|████████▍ | 42/50 [00:00<00:00, 134.18it/s]                                                             ddim-sample:   0%|          | 0/50 [00:00<?, ?it/s]ddim-sample:  28%|██▊       | 14/50 [00:00<00:00, 134.32it/s]ddim-sample:  56%|█████▌    | 28/50 [00:00<00:00, 133.33it/s]ddim-sample:  84%|████████▍ | 42/50 [00:00<00:00, 132.46it/s]                                                             ddim-sample:   0%|          | 0/50 [00:00<?, ?it/s]ddim-sample:  28%|██▊       | 14/50 [00:00<00:00, 131.61it/s]ddim-sample:  56%|█████▌    | 28/50 [00:00<00:00, 131.57it/s]ddim-sample:  84%|████████▍ | 42/50 [00:00<00:00, 130.68it/s]                                                             ddim-sample:   0%|          | 0/50 [00:00<?, ?it/s]ddim-sample:  28%|██▊       | 14/50 [00:00<00:00, 130.00it/s]ddim-sample:  56%|█████▌    | 28/50 [00:00<00:00, 129.97it/s]ddim-sample:  82%|████████▏ | 41/50 [00:00<00:00, 129.80it/s]                                                             ddim-sample:   0%|          | 0/50 [00:00<?, ?it/s]ddim-sample:  28%|██▊       | 14/50 [00:00<00:00, 133.55it/s]ddim-sample:  56%|█████▌    | 28/50 [00:00<00:00, 133.65it/s]ddim-sample:  84%|████████▍ | 42/50 [00:00<00:00, 133.85it/s]                                                             ddim-sample:   0%|          | 0/50 [00:00<?, ?it/s]ddim-sample:  28%|██▊       | 14/50 [00:00<00:00, 132.26it/s]ddim-sample:  56%|█████▌    | 28/50 [00:00<00:00, 132.35it/s]ddim-sample:  84%|████████▍ | 42/50 [00:00<00:00, 132.35it/s]                                                             ddim-sample:   0%|          | 0/50 [00:00<?, ?it/s]ddim-sample:  28%|██▊       | 14/50 [00:00<00:00, 132.18it/s]ddim-sample:  56%|█████▌    | 28/50 [00:00<00:00, 132.23it/s]ddim-sample:  84%|████████▍ | 42/50 [00:00<00:00, 131.27it/s]                                                             ddim-sample:   0%|          | 0/50 [00:00<?, ?it/s]ddim-sample:  28%|██▊       | 14/50 [00:00<00:00, 130.19it/s]ddim-sample:  56%|█████▌    | 28/50 [00:00<00:00, 130.98it/s]ddim-sample:  84%|████████▍ | 42/50 [00:00<00:00, 131.15it/s]                                                             ddim-sample:   0%|          | 0/50 [00:00<?, ?it/s]ddim-sample:  28%|██▊       | 14/50 [00:00<00:00, 133.97it/s]ddim-sample:  56%|█████▌    | 28/50 [00:00<00:00, 134.07it/s]ddim-sample:  84%|████████▍ | 42/50 [00:00<00:00, 134.06it/s]                                                             ddim-sample:   0%|          | 0/50 [00:00<?, ?it/s]ddim-sample:  28%|██▊       | 14/50 [00:00<00:00, 134.46it/s]ddim-sample:  56%|█████▌    | 28/50 [00:00<00:00, 134.18it/s]ddim-sample:  84%|████████▍ | 42/50 [00:00<00:00, 133.25it/s]                                                             ddim-sample:   0%|          | 0/50 [00:00<?, ?it/s]ddim-sample:  28%|██▊       | 14/50 [00:00<00:00, 132.29it/s]ddim-sample:  56%|█████▌    | 28/50 [00:00<00:00, 132.07it/s]ddim-sample:  84%|████████▍ | 42/50 [00:00<00:00, 132.13it/s]                                                             ddim-sample:   0%|          | 0/50 [00:00<?, ?it/s]ddim-sample:  28%|██▊       | 14/50 [00:00<00:00, 131.05it/s]ddim-sample:  56%|█████▌    | 28/50 [00:00<00:00, 130.21it/s]ddim-sample:  84%|████████▍ | 42/50 [00:00<00:00, 130.32it/s]                                                             ddim-sample:   0%|          | 0/50 [00:00<?, ?it/s]ddim-sample:  28%|██▊       | 14/50 [00:00<00:00, 133.99it/s]ddim-sample:  56%|█████▌    | 28/50 [00:00<00:00, 133.15it/s]ddim-sample:  84%|████████▍ | 42/50 [00:00<00:00, 132.57it/s]                                                             ddim-sample:   0%|          | 0/50 [00:00<?, ?it/s]ddim-sample:  28%|██▊       | 14/50 [00:00<00:00, 132.43it/s]ddim-sample:  56%|█████▌    | 28/50 [00:00<00:00, 132.16it/s]ddim-sample:  84%|████████▍ | 42/50 [00:00<00:00, 131.42it/s]                                                             ddim-sample:   0%|          | 0/50 [00:00<?, ?it/s]ddim-sample:  28%|██▊       | 14/50 [00:00<00:00, 130.18it/s]ddim-sample:  56%|█████▌    | 28/50 [00:00<00:00, 130.18it/s]ddim-sample:  84%|████████▍ | 42/50 [00:00<00:00, 130.15it/s]                                                             ddim-sample:   0%|          | 0/50 [00:00<?, ?it/s]ddim-sample:  28%|██▊       | 14/50 [00:00<00:00, 130.32it/s]ddim-sample:  56%|█████▌    | 28/50 [00:00<00:00, 130.27it/s]ddim-sample:  84%|████████▍ | 42/50 [00:00<00:00, 130.14it/s]                                                             ddim-sample:   0%|          | 0/50 [00:00<?, ?it/s]ddim-sample:  28%|██▊       | 14/50 [00:00<00:00, 134.50it/s]ddim-sample:  56%|█████▌    | 28/50 [00:00<00:00, 134.54it/s]ddim-sample:  84%|████████▍ | 42/50 [00:00<00:00, 134.49it/s]                                                             ddim-sample:   0%|          | 0/50 [00:00<?, ?it/s]ddim-sample:  28%|██▊       | 14/50 [00:00<00:00, 132.90it/s]ddim-sample:  56%|█████▌    | 28/50 [00:00<00:00, 132.07it/s]ddim-sample:  84%|████████▍ | 42/50 [00:00<00:00, 131.94it/s]                                                             ddim-sample:   0%|          | 0/50 [00:00<?, ?it/s]ddim-sample:  28%|██▊       | 14/50 [00:00<00:00, 131.70it/s]ddim-sample:  56%|█████▌    | 28/50 [00:00<00:00, 131.86it/s]ddim-sample:  84%|████████▍ | 42/50 [00:00<00:00, 131.79it/s]                                                             ddim-sample:   0%|          | 0/50 [00:00<?, ?it/s]ddim-sample:  28%|██▊       | 14/50 [00:00<00:00, 131.80it/s]ddim-sample:  56%|█████▌    | 28/50 [00:00<00:00, 130.26it/s]ddim-sample:  84%|████████▍ | 42/50 [00:00<00:00, 129.76it/s]                                                             ddim-sample:   0%|          | 0/50 [00:00<?, ?it/s]ddim-sample:  28%|██▊       | 14/50 [00:00<00:00, 133.78it/s]ddim-sample:  56%|█████▌    | 28/50 [00:00<00:00, 134.06it/s]ddim-sample:  84%|████████▍ | 42/50 [00:00<00:00, 134.13it/s]                                                             ddim-sample:   0%|          | 0/50 [00:00<?, ?it/s]ddim-sample:  28%|██▊       | 14/50 [00:00<00:00, 134.15it/s]ddim-sample:  56%|█████▌    | 28/50 [00:00<00:00, 133.30it/s]ddim-sample:  84%|████████▍ | 42/50 [00:00<00:00, 132.94it/s]                                                             ddim-sample:   0%|          | 0/50 [00:00<?, ?it/s]ddim-sample:  28%|██▊       | 14/50 [00:00<00:00, 131.02it/s]ddim-sample:  56%|█████▌    | 28/50 [00:00<00:00, 131.10it/s]ddim-sample:  84%|████████▍ | 42/50 [00:00<00:00, 131.10it/s]                                                             ddim-sample:   0%|          | 0/50 [00:00<?, ?it/s]ddim-sample:  28%|██▊       | 14/50 [00:00<00:00, 130.86it/s]ddim-sample:  56%|█████▌    | 28/50 [00:00<00:00, 130.72it/s]ddim-sample:  84%|████████▍ | 42/50 [00:00<00:00, 130.63it/s]                                                             ddim-sample:   0%|          | 0/50 [00:00<?, ?it/s]ddim-sample:  28%|██▊       | 14/50 [00:00<00:00, 133.53it/s]ddim-sample:  56%|█████▌    | 28/50 [00:00<00:00, 133.64it/s]ddim-sample:  84%|████████▍ | 42/50 [00:00<00:00, 133.73it/s]                                                             ddim-sample:   0%|          | 0/50 [00:00<?, ?it/s]ddim-sample:  28%|██▊       | 14/50 [00:00<00:00, 133.69it/s]ddim-sample:  56%|█████▌    | 28/50 [00:00<00:00, 133.10it/s]ddim-sample:  84%|████████▍ | 42/50 [00:00<00:00, 132.20it/s]                                                             ddim-sample:   0%|          | 0/50 [00:00<?, ?it/s]ddim-sample:  28%|██▊       | 14/50 [00:00<00:00, 131.03it/s]ddim-sample:  56%|█████▌    | 28/50 [00:00<00:00, 131.06it/s]ddim-sample:  84%|████████▍ | 42/50 [00:00<00:00, 131.40it/s]                                                             ddim-sample:   0%|          | 0/50 [00:00<?, ?it/s]ddim-sample:  28%|██▊       | 14/50 [00:00<00:00, 131.66it/s]ddim-sample:  56%|█████▌    | 28/50 [00:00<00:00, 131.71it/s]ddim-sample:  84%|████████▍ | 42/50 [00:00<00:00, 130.66it/s]                                                             ddim-sample:   0%|          | 0/50 [00:00<?, ?it/s]ddim-sample:  28%|██▊       | 14/50 [00:00<00:00, 133.97it/s]ddim-sample:  56%|█████▌    | 28/50 [00:00<00:00, 134.31it/s]ddim-sample:  84%|████████▍ | 42/50 [00:00<00:00, 134.47it/s]                                                             ddim-sample:   0%|          | 0/50 [00:00<?, ?it/s]ddim-sample:  28%|██▊       | 14/50 [00:00<00:00, 133.27it/s]ddim-sample:  56%|█████▌    | 28/50 [00:00<00:00, 132.97it/s]ddim-sample:  84%|████████▍ | 42/50 [00:00<00:00, 132.17it/s]                                                             ddim-sample:   0%|          | 0/50 [00:00<?, ?it/s]ddim-sample:  28%|██▊       | 14/50 [00:00<00:00, 131.38it/s]ddim-sample:  56%|█████▌    | 28/50 [00:00<00:00, 131.18it/s]ddim-sample:  84%|████████▍ | 42/50 [00:00<00:00, 131.11it/s]                                                             ddim-sample:   0%|          | 0/50 [00:00<?, ?it/s]ddim-sample:  28%|██▊       | 14/50 [00:00<00:00, 131.07it/s]ddim-sample:  56%|█████▌    | 28/50 [00:00<00:00, 130.75it/s]ddim-sample:  84%|████████▍ | 42/50 [00:00<00:00, 130.82it/s]                                                             ddim-sample:   0%|          | 0/50 [00:00<?, ?it/s]ddim-sample:  28%|██▊       | 14/50 [00:00<00:00, 133.72it/s]ddim-sample:  56%|█████▌    | 28/50 [00:00<00:00, 134.14it/s]ddim-sample:  84%|████████▍ | 42/50 [00:00<00:00, 134.21it/s]                                                             ddim-sample:   0%|          | 0/50 [00:00<?, ?it/s]ddim-sample:  28%|██▊       | 14/50 [00:00<00:00, 134.10it/s]ddim-sample:  56%|█████▌    | 28/50 [00:00<00:00, 134.20it/s]ddim-sample:  84%|████████▍ | 42/50 [00:00<00:00, 132.06it/s]                                                             ddim-sample:   0%|          | 0/50 [00:00<?, ?it/s]ddim-sample:  26%|██▌       | 13/50 [00:00<00:00, 128.97it/s]ddim-sample:  52%|█████▏    | 26/50 [00:00<00:00, 128.97it/s]ddim-sample:  80%|████████  | 40/50 [00:00<00:00, 129.63it/s]                                                             ddim-sample:   0%|          | 0/50 [00:00<?, ?it/s]ddim-sample:  28%|██▊       | 14/50 [00:00<00:00, 131.34it/s]ddim-sample:  56%|█████▌    | 28/50 [00:00<00:00, 131.24it/s]ddim-sample:  84%|████████▍ | 42/50 [00:00<00:00, 130.98it/s]                                                             ddim-sample:   0%|          | 0/50 [00:00<?, ?it/s]ddim-sample:  28%|██▊       | 14/50 [00:00<00:00, 132.73it/s]ddim-sample:  56%|█████▌    | 28/50 [00:00<00:00, 133.49it/s]ddim-sample:  84%|████████▍ | 42/50 [00:00<00:00, 132.52it/s]                                                             ddim-sample:   0%|          | 0/50 [00:00<?, ?it/s]ddim-sample:  28%|██▊       | 14/50 [00:00<00:00, 131.50it/s]ddim-sample:  56%|█████▌    | 28/50 [00:00<00:00, 130.51it/s]ddim-sample:  84%|████████▍ | 42/50 [00:00<00:00, 130.94it/s]                                                             ddim-sample:   0%|          | 0/50 [00:00<?, ?it/s]ddim-sample:  28%|██▊       | 14/50 [00:00<00:00, 130.90it/s]ddim-sample:  56%|█████▌    | 28/50 [00:00<00:00, 131.15it/s]ddim-sample:  84%|████████▍ | 42/50 [00:00<00:00, 131.18it/s]                                                             ddim-sample:   0%|          | 0/50 [00:00<?, ?it/s]ddim-sample:  28%|██▊       | 14/50 [00:00<00:00, 131.92it/s]ddim-sample:  56%|█████▌    | 28/50 [00:00<00:00, 130.54it/s]ddim-sample:  84%|████████▍ | 42/50 [00:00<00:00, 130.41it/s]                                                             ddim-sample:   0%|          | 0/50 [00:00<?, ?it/s]ddim-sample:  28%|██▊       | 14/50 [00:00<00:00, 133.42it/s]ddim-sample:  56%|█████▌    | 28/50 [00:00<00:00, 134.30it/s]ddim-sample:  84%|████████▍ | 42/50 [00:00<00:00, 134.48it/s]                                                             ddim-sample:   0%|          | 0/50 [00:00<?, ?it/s]ddim-sample:  28%|██▊       | 14/50 [00:00<00:00, 134.43it/s]ddim-sample:  56%|█████▌    | 28/50 [00:00<00:00, 133.39it/s]ddim-sample:  84%|████████▍ | 42/50 [00:00<00:00, 132.72it/s]                                                             ddim-sample:   0%|          | 0/50 [00:00<?, ?it/s]ddim-sample:  28%|██▊       | 14/50 [00:00<00:00, 130.85it/s]ddim-sample:  56%|█████▌    | 28/50 [00:00<00:00, 130.61it/s]ddim-sample:  84%|████████▍ | 42/50 [00:00<00:00, 130.60it/s]                                                             ddim-sample:   0%|          | 0/50 [00:00<?, ?it/s]ddim-sample:  28%|██▊       | 14/50 [00:00<00:00, 130.56it/s]ddim-sample:  56%|█████▌    | 28/50 [00:00<00:00, 130.67it/s]ddim-sample:  84%|████████▍ | 42/50 [00:00<00:00, 130.54it/s]                                                             ddim-sample:   0%|          | 0/50 [00:00<?, ?it/s]ddim-sample:  28%|██▊       | 14/50 [00:00<00:00, 133.84it/s]ddim-sample:  56%|█████▌    | 28/50 [00:00<00:00, 134.15it/s]ddim-sample:  84%|████████▍ | 42/50 [00:00<00:00, 134.05it/s]                                                             ddim-sample:   0%|          | 0/50 [00:00<?, ?it/s]ddim-sample:  28%|██▊       | 14/50 [00:00<00:00, 134.03it/s]ddim-sample:  56%|█████▌    | 28/50 [00:00<00:00, 131.86it/s]ddim-sample:  84%|████████▍ | 42/50 [00:00<00:00, 130.43it/s]                                                             ddim-sample:   0%|          | 0/50 [00:00<?, ?it/s]ddim-sample:  28%|██▊       | 14/50 [00:00<00:00, 131.28it/s]ddim-sample:  56%|█████▌    | 28/50 [00:00<00:00, 131.06it/s]ddim-sample:  84%|████████▍ | 42/50 [00:00<00:00, 131.01it/s]                                                             ddim-sample:   0%|          | 0/50 [00:00<?, ?it/s]ddim-sample:  28%|██▊       | 14/50 [00:00<00:00, 130.88it/s]ddim-sample:  56%|█████▌    | 28/50 [00:00<00:00, 130.84it/s]ddim-sample:  84%|████████▍ | 42/50 [00:00<00:00, 130.81it/s]                                                             ddim-sample:   0%|          | 0/50 [00:00<?, ?it/s]ddim-sample:  28%|██▊       | 14/50 [00:00<00:00, 134.37it/s]ddim-sample:  56%|█████▌    | 28/50 [00:00<00:00, 134.31it/s]ddim-sample:  84%|████████▍ | 42/50 [00:00<00:00, 133.97it/s]                                                             ddim-sample:   0%|          | 0/50 [00:00<?, ?it/s]ddim-sample:  28%|██▊       | 14/50 [00:00<00:00, 133.82it/s]ddim-sample:  56%|█████▌    | 28/50 [00:00<00:00, 133.04it/s]ddim-sample:  84%|████████▍ | 42/50 [00:00<00:00, 132.45it/s]                                                             ddim-sample:   0%|          | 0/50 [00:00<?, ?it/s]ddim-sample:  28%|██▊       | 14/50 [00:00<00:00, 131.87it/s]ddim-sample:  56%|█████▌    | 28/50 [00:00<00:00, 131.81it/s]ddim-sample:  84%|████████▍ | 42/50 [00:00<00:00, 131.33it/s]                                                             ddim-sample:   0%|          | 0/50 [00:00<?, ?it/s]ddim-sample:  28%|██▊       | 14/50 [00:00<00:00, 130.72it/s]ddim-sample:  56%|█████▌    | 28/50 [00:00<00:00, 130.78it/s]ddim-sample:  84%|████████▍ | 42/50 [00:00<00:00, 129.92it/s]                                                             ddim-sample:   0%|          | 0/50 [00:00<?, ?it/s]ddim-sample:  28%|██▊       | 14/50 [00:00<00:00, 132.84it/s]ddim-sample:  56%|█████▌    | 28/50 [00:00<00:00, 133.65it/s]ddim-sample:  84%|████████▍ | 42/50 [00:00<00:00, 133.74it/s]                                                             ddim-sample:   0%|          | 0/50 [00:00<?, ?it/s]ddim-sample:  28%|██▊       | 14/50 [00:00<00:00, 132.19it/s]ddim-sample:  56%|█████▌    | 28/50 [00:00<00:00, 132.29it/s]ddim-sample:  84%|████████▍ | 42/50 [00:00<00:00, 132.02it/s]                                                             ddim-sample:   0%|          | 0/50 [00:00<?, ?it/s]ddim-sample:  26%|██▌       | 13/50 [00:00<00:00, 129.38it/s]ddim-sample:  52%|█████▏    | 26/50 [00:00<00:00, 129.51it/s]ddim-sample:  78%|███████▊  | 39/50 [00:00<00:00, 129.38it/s]                                                             ddim-sample:   0%|          | 0/50 [00:00<?, ?it/s]ddim-sample:  26%|██▌       | 13/50 [00:00<00:00, 129.65it/s]ddim-sample:  52%|█████▏    | 26/50 [00:00<00:00, 129.80it/s]ddim-sample:  80%|████████  | 40/50 [00:00<00:00, 130.80it/s]                                                             ddim-sample:   0%|          | 0/50 [00:00<?, ?it/s]ddim-sample:  28%|██▊       | 14/50 [00:00<00:00, 132.63it/s]ddim-sample:  56%|█████▌    | 28/50 [00:00<00:00, 133.13it/s]ddim-sample:  84%|████████▍ | 42/50 [00:00<00:00, 133.42it/s]                                                             ddim-sample:   0%|          | 0/50 [00:00<?, ?it/s]ddim-sample:  28%|██▊       | 14/50 [00:00<00:00, 133.91it/s]ddim-sample:  56%|█████▌    | 28/50 [00:00<00:00, 133.28it/s]ddim-sample:  84%|████████▍ | 42/50 [00:00<00:00, 132.65it/s]                                                             ddim-sample:   0%|          | 0/50 [00:00<?, ?it/s]ddim-sample:  28%|██▊       | 14/50 [00:00<00:00, 130.74it/s]ddim-sample:  56%|█████▌    | 28/50 [00:00<00:00, 130.38it/s]ddim-sample:  84%|████████▍ | 42/50 [00:00<00:00, 130.26it/s]                                                             ddim-sample:   0%|          | 0/50 [00:00<?, ?it/s]ddim-sample:  26%|██▌       | 13/50 [00:00<00:00, 129.11it/s]ddim-sample:  52%|█████▏    | 26/50 [00:00<00:00, 128.48it/s]ddim-sample:  78%|███████▊  | 39/50 [00:00<00:00, 128.45it/s]                                                             ddim-sample:   0%|          | 0/50 [00:00<?, ?it/s]ddim-sample:  28%|██▊       | 14/50 [00:00<00:00, 134.10it/s]ddim-sample:  56%|█████▌    | 28/50 [00:00<00:00, 134.09it/s]ddim-sample:  84%|████████▍ | 42/50 [00:00<00:00, 134.31it/s]                                                             ddim-sample:   0%|          | 0/50 [00:00<?, ?it/s]ddim-sample:  28%|██▊       | 14/50 [00:00<00:00, 133.49it/s]ddim-sample:  56%|█████▌    | 28/50 [00:00<00:00, 132.83it/s]ddim-sample:  84%|████████▍ | 42/50 [00:00<00:00, 132.40it/s]                                                             ddim-sample:   0%|          | 0/50 [00:00<?, ?it/s]ddim-sample:  28%|██▊       | 14/50 [00:00<00:00, 130.13it/s]ddim-sample:  56%|█████▌    | 28/50 [00:00<00:00, 129.96it/s]ddim-sample:  84%|████████▍ | 42/50 [00:00<00:00, 130.06it/s]                                                             ddim-sample:   0%|          | 0/50 [00:00<?, ?it/s]ddim-sample:  28%|██▊       | 14/50 [00:00<00:00, 130.36it/s]ddim-sample:  56%|█████▌    | 28/50 [00:00<00:00, 130.02it/s]ddim-sample:  84%|████████▍ | 42/50 [00:00<00:00, 130.20it/s]                                                             ddim-sample:   0%|          | 0/50 [00:00<?, ?it/s]ddim-sample:  28%|██▊       | 14/50 [00:00<00:00, 131.54it/s]ddim-sample:  56%|█████▌    | 28/50 [00:00<00:00, 132.03it/s]ddim-sample:  84%|████████▍ | 42/50 [00:00<00:00, 132.15it/s]                                                             ddim-sample:   0%|          | 0/50 [00:00<?, ?it/s]ddim-sample:  28%|██▊       | 14/50 [00:00<00:00, 132.21it/s]ddim-sample:  56%|█████▌    | 28/50 [00:00<00:00, 131.79it/s]ddim-sample:  84%|████████▍ | 42/50 [00:00<00:00, 131.23it/s]                                                             ddim-sample:   0%|          | 0/50 [00:00<?, ?it/s]ddim-sample:  28%|██▊       | 14/50 [00:00<00:00, 130.53it/s]ddim-sample:  56%|█████▌    | 28/50 [00:00<00:00, 130.33it/s]ddim-sample:  84%|████████▍ | 42/50 [00:00<00:00, 130.16it/s]                                                             ddim-sample:   0%|          | 0/50 [00:00<?, ?it/s]ddim-sample:  28%|██▊       | 14/50 [00:00<00:00, 130.50it/s]ddim-sample:  56%|█████▌    | 28/50 [00:00<00:00, 130.44it/s]ddim-sample:  84%|████████▍ | 42/50 [00:00<00:00, 130.33it/s]                                                             ddim-sample:   0%|          | 0/50 [00:00<?, ?it/s]ddim-sample:  28%|██▊       | 14/50 [00:00<00:00, 133.46it/s]ddim-sample:  56%|█████▌    | 28/50 [00:00<00:00, 133.66it/s]ddim-sample:  84%|████████▍ | 42/50 [00:00<00:00, 133.71it/s]                                                             ddim-sample:   0%|          | 0/50 [00:00<?, ?it/s]ddim-sample:  28%|██▊       | 14/50 [00:00<00:00, 133.73it/s]ddim-sample:  56%|█████▌    | 28/50 [00:00<00:00, 132.64it/s]ddim-sample:  84%|████████▍ | 42/50 [00:00<00:00, 131.68it/s]                                                             ddim-sample:   0%|          | 0/50 [00:00<?, ?it/s]ddim-sample:  26%|██▌       | 13/50 [00:00<00:00, 129.67it/s]ddim-sample:  52%|█████▏    | 26/50 [00:00<00:00, 129.53it/s]ddim-sample:  80%|████████  | 40/50 [00:00<00:00, 129.82it/s]                                                             ddim-sample:   0%|          | 0/50 [00:00<?, ?it/s]ddim-sample:  28%|██▊       | 14/50 [00:00<00:00, 130.37it/s]ddim-sample:  56%|█████▌    | 28/50 [00:00<00:00, 130.39it/s]ddim-sample:  84%|████████▍ | 42/50 [00:00<00:00, 130.34it/s]                                                             ddim-sample:   0%|          | 0/50 [00:00<?, ?it/s]ddim-sample:  28%|██▊       | 14/50 [00:00<00:00, 133.69it/s]ddim-sample:  56%|█████▌    | 28/50 [00:00<00:00, 133.41it/s]ddim-sample:  84%|████████▍ | 42/50 [00:00<00:00, 133.50it/s]                                                             ddim-sample:   0%|          | 0/50 [00:00<?, ?it/s]ddim-sample:  28%|██▊       | 14/50 [00:00<00:00, 133.42it/s]ddim-sample:  56%|█████▌    | 28/50 [00:00<00:00, 132.60it/s]ddim-sample:  84%|████████▍ | 42/50 [00:00<00:00, 132.06it/s]                                                             ddim-sample:   0%|          | 0/50 [00:00<?, ?it/s]ddim-sample:  28%|██▊       | 14/50 [00:00<00:00, 130.84it/s]ddim-sample:  56%|█████▌    | 28/50 [00:00<00:00, 130.64it/s]ddim-sample:  84%|████████▍ | 42/50 [00:00<00:00, 130.65it/s]                                                             ddim-sample:   0%|          | 0/50 [00:00<?, ?it/s]ddim-sample:  28%|██▊       | 14/50 [00:00<00:00, 131.00it/s]ddim-sample:  56%|█████▌    | 28/50 [00:00<00:00, 130.83it/s]ddim-sample:  84%|████████▍ | 42/50 [00:00<00:00, 130.75it/s]                                                             ddim-sample:   0%|          | 0/50 [00:00<?, ?it/s]ddim-sample:  28%|██▊       | 14/50 [00:00<00:00, 134.25it/s]ddim-sample:  56%|█████▌    | 28/50 [00:00<00:00, 134.09it/s]ddim-sample:  84%|████████▍ | 42/50 [00:00<00:00, 134.06it/s]                                                             ddim-sample:   0%|          | 0/50 [00:00<?, ?it/s]ddim-sample:  28%|██▊       | 14/50 [00:00<00:00, 134.09it/s]ddim-sample:  56%|█████▌    | 28/50 [00:00<00:00, 133.39it/s]ddim-sample:  84%|████████▍ | 42/50 [00:00<00:00, 132.75it/s]                                                             ddim-sample:   0%|          | 0/50 [00:00<?, ?it/s]ddim-sample:  28%|██▊       | 14/50 [00:00<00:00, 130.46it/s]ddim-sample:  56%|█████▌    | 28/50 [00:00<00:00, 130.40it/s]ddim-sample:  84%|████████▍ | 42/50 [00:00<00:00, 130.45it/s]                                                             ddim-sample:   0%|          | 0/50 [00:00<?, ?it/s]ddim-sample:  28%|██▊       | 14/50 [00:00<00:00, 130.56it/s]ddim-sample:  56%|█████▌    | 28/50 [00:00<00:00, 130.75it/s]ddim-sample:  84%|████████▍ | 42/50 [00:00<00:00, 130.66it/s]                                                             ddim-sample:   0%|          | 0/50 [00:00<?, ?it/s]ddim-sample:  28%|██▊       | 14/50 [00:00<00:00, 132.95it/s]ddim-sample:  56%|█████▌    | 28/50 [00:00<00:00, 132.68it/s]ddim-sample:  84%|████████▍ | 42/50 [00:00<00:00, 133.38it/s]                                                             ddim-sample:   0%|          | 0/50 [00:00<?, ?it/s]ddim-sample:  28%|██▊       | 14/50 [00:00<00:00, 133.33it/s]ddim-sample:  56%|█████▌    | 28/50 [00:00<00:00, 133.19it/s]ddim-sample:  84%|████████▍ | 42/50 [00:00<00:00, 133.12it/s]                                                             ddim-sample:   0%|          | 0/50 [00:00<?, ?it/s]ddim-sample:  28%|██▊       | 14/50 [00:00<00:00, 130.98it/s]ddim-sample:  56%|█████▌    | 28/50 [00:00<00:00, 130.79it/s]ddim-sample:  84%|████████▍ | 42/50 [00:00<00:00, 130.41it/s]                                                             ddim-sample:   0%|          | 0/50 [00:00<?, ?it/s]ddim-sample:  28%|██▊       | 14/50 [00:00<00:00, 130.29it/s]ddim-sample:  56%|█████▌    | 28/50 [00:00<00:00, 130.06it/s]ddim-sample:  84%|████████▍ | 42/50 [00:00<00:00, 130.08it/s]                                                             ddim-sample:   0%|          | 0/50 [00:00<?, ?it/s]ddim-sample:  28%|██▊       | 14/50 [00:00<00:00, 131.59it/s]ddim-sample:  56%|█████▌    | 28/50 [00:00<00:00, 132.60it/s]ddim-sample:  84%|████████▍ | 42/50 [00:00<00:00, 132.95it/s]                                                             ddim-sample:   0%|          | 0/50 [00:00<?, ?it/s]ddim-sample:  28%|██▊       | 14/50 [00:00<00:00, 132.76it/s]ddim-sample:  56%|█████▌    | 28/50 [00:00<00:00, 132.30it/s]ddim-sample:  84%|████████▍ | 42/50 [00:00<00:00, 131.79it/s]                                                             ddim-sample:   0%|          | 0/50 [00:00<?, ?it/s]ddim-sample:  28%|██▊       | 14/50 [00:00<00:00, 131.19it/s]ddim-sample:  56%|█████▌    | 28/50 [00:00<00:00, 130.85it/s]ddim-sample:  84%|████████▍ | 42/50 [00:00<00:00, 130.30it/s]                                                             ddim-sample:   0%|          | 0/50 [00:00<?, ?it/s]ddim-sample:  26%|██▌       | 13/50 [00:00<00:00, 129.69it/s]ddim-sample:  52%|█████▏    | 26/50 [00:00<00:00, 129.86it/s]ddim-sample:  80%|████████  | 40/50 [00:00<00:00, 130.45it/s]                                                             ddim-sample:   0%|          | 0/50 [00:00<?, ?it/s]ddim-sample:  28%|██▊       | 14/50 [00:00<00:00, 133.41it/s]ddim-sample:  56%|█████▌    | 28/50 [00:00<00:00, 133.76it/s]ddim-sample:  84%|████████▍ | 42/50 [00:00<00:00, 133.79it/s]                                                             ddim-sample:   0%|          | 0/50 [00:00<?, ?it/s]ddim-sample:  28%|██▊       | 14/50 [00:00<00:00, 133.56it/s]ddim-sample:  56%|█████▌    | 28/50 [00:00<00:00, 132.38it/s]ddim-sample:  84%|████████▍ | 42/50 [00:00<00:00, 131.61it/s]                                                             ddim-sample:   0%|          | 0/50 [00:00<?, ?it/s]ddim-sample:  28%|██▊       | 14/50 [00:00<00:00, 130.42it/s]ddim-sample:  56%|█████▌    | 28/50 [00:00<00:00, 129.82it/s]ddim-sample:  82%|████████▏ | 41/50 [00:00<00:00, 129.61it/s]                                                             ddim-sample:   0%|          | 0/50 [00:00<?, ?it/s]ddim-sample:  28%|██▊       | 14/50 [00:00<00:00, 130.83it/s]ddim-sample:  56%|█████▌    | 28/50 [00:00<00:00, 129.49it/s]ddim-sample:  82%|████████▏ | 41/50 [00:00<00:00, 129.35it/s]                                                             ddim-sample:   0%|          | 0/50 [00:00<?, ?it/s]ddim-sample:  28%|██▊       | 14/50 [00:00<00:00, 133.24it/s]ddim-sample:  56%|█████▌    | 28/50 [00:00<00:00, 133.70it/s]ddim-sample:  84%|████████▍ | 42/50 [00:00<00:00, 133.81it/s]                                                             ddim-sample:   0%|          | 0/50 [00:00<?, ?it/s]ddim-sample:  28%|██▊       | 14/50 [00:00<00:00, 132.50it/s]ddim-sample:  56%|█████▌    | 28/50 [00:00<00:00, 132.05it/s]ddim-sample:  84%|████████▍ | 42/50 [00:00<00:00, 131.55it/s]                                                             ddim-sample:   0%|          | 0/50 [00:00<?, ?it/s]ddim-sample:  26%|██▌       | 13/50 [00:00<00:00, 128.95it/s]ddim-sample:  52%|█████▏    | 26/50 [00:00<00:00, 128.71it/s]ddim-sample:  80%|████████  | 40/50 [00:00<00:00, 129.68it/s]                                                             ddim-sample:   0%|          | 0/50 [00:00<?, ?it/s]ddim-sample:  28%|██▊       | 14/50 [00:00<00:00, 130.66it/s]ddim-sample:  56%|█████▌    | 28/50 [00:00<00:00, 130.64it/s]ddim-sample:  84%|████████▍ | 42/50 [00:00<00:00, 130.57it/s]                                                             ddim-sample:   0%|          | 0/50 [00:00<?, ?it/s]ddim-sample:  28%|██▊       | 14/50 [00:00<00:00, 133.09it/s]ddim-sample:  56%|█████▌    | 28/50 [00:00<00:00, 133.75it/s]ddim-sample:  84%|████████▍ | 42/50 [00:00<00:00, 133.81it/s]                                                             ddim-sample:   0%|          | 0/50 [00:00<?, ?it/s]ddim-sample:  28%|██▊       | 14/50 [00:00<00:00, 134.05it/s]ddim-sample:  56%|█████▌    | 28/50 [00:00<00:00, 133.56it/s]ddim-sample:  84%|████████▍ | 42/50 [00:00<00:00, 130.92it/s]                                                             ddim-sample:   0%|          | 0/50 [00:00<?, ?it/s]ddim-sample:  26%|██▌       | 13/50 [00:00<00:00, 129.90it/s]ddim-sample:  54%|█████▍    | 27/50 [00:00<00:00, 130.06it/s]ddim-sample:  82%|████████▏ | 41/50 [00:00<00:00, 130.23it/s]                                                             ddim-sample:   0%|          | 0/50 [00:00<?, ?it/s]ddim-sample:  28%|██▊       | 14/50 [00:00<00:00, 130.55it/s]ddim-sample:  56%|█████▌    | 28/50 [00:00<00:00, 130.48it/s]ddim-sample:  84%|████████▍ | 42/50 [00:00<00:00, 130.42it/s]                                                             ddim-sample:   0%|          | 0/50 [00:00<?, ?it/s]ddim-sample:  28%|██▊       | 14/50 [00:00<00:00, 133.28it/s]ddim-sample:  56%|█████▌    | 28/50 [00:00<00:00, 133.47it/s]ddim-sample:  84%|████████▍ | 42/50 [00:00<00:00, 133.66it/s]                                                             ddim-sample:   0%|          | 0/50 [00:00<?, ?it/s]ddim-sample:  28%|██▊       | 14/50 [00:00<00:00, 132.77it/s]ddim-sample:  56%|█████▌    | 28/50 [00:00<00:00, 132.51it/s]ddim-sample:  84%|████████▍ | 42/50 [00:00<00:00, 131.79it/s]                                                             ddim-sample:   0%|          | 0/50 [00:00<?, ?it/s]ddim-sample:  28%|██▊       | 14/50 [00:00<00:00, 130.76it/s]ddim-sample:  56%|█████▌    | 28/50 [00:00<00:00, 130.59it/s]ddim-sample:  84%|████████▍ | 42/50 [00:00<00:00, 130.76it/s]                                                             ddim-sample:   0%|          | 0/50 [00:00<?, ?it/s]ddim-sample:  28%|██▊       | 14/50 [00:00<00:00, 130.98it/s]ddim-sample:  56%|█████▌    | 28/50 [00:00<00:00, 131.08it/s]ddim-sample:  84%|████████▍ | 42/50 [00:00<00:00, 131.12it/s]                                                             ddim-sample:   0%|          | 0/50 [00:00<?, ?it/s]ddim-sample:  28%|██▊       | 14/50 [00:00<00:00, 133.84it/s]ddim-sample:  56%|█████▌    | 28/50 [00:00<00:00, 133.95it/s]ddim-sample:  84%|████████▍ | 42/50 [00:00<00:00, 133.88it/s]                                                             ddim-sample:   0%|          | 0/50 [00:00<?, ?it/s]ddim-sample:  28%|██▊       | 14/50 [00:00<00:00, 132.95it/s]ddim-sample:  56%|█████▌    | 28/50 [00:00<00:00, 132.03it/s]ddim-sample:  84%|████████▍ | 42/50 [00:00<00:00, 131.63it/s]                                                             ddim-sample:   0%|          | 0/50 [00:00<?, ?it/s]ddim-sample:  28%|██▊       | 14/50 [00:00<00:00, 130.44it/s]ddim-sample:  56%|█████▌    | 28/50 [00:00<00:00, 130.16it/s]ddim-sample:  84%|████████▍ | 42/50 [00:00<00:00, 129.67it/s]                                                             ddim-sample:   0%|          | 0/50 [00:00<?, ?it/s]ddim-sample:  28%|██▊       | 14/50 [00:00<00:00, 130.54it/s]ddim-sample:  56%|█████▌    | 28/50 [00:00<00:00, 128.84it/s]ddim-sample:  82%|████████▏ | 41/50 [00:00<00:00, 128.35it/s]                                                             ddim-sample:   0%|          | 0/50 [00:00<?, ?it/s]ddim-sample:  28%|██▊       | 14/50 [00:00<00:00, 132.11it/s]ddim-sample:  56%|█████▌    | 28/50 [00:00<00:00, 130.64it/s]ddim-sample:  84%|████████▍ | 42/50 [00:00<00:00, 131.78it/s]                                                             ddim-sample:   0%|          | 0/50 [00:00<?, ?it/s]ddim-sample:  28%|██▊       | 14/50 [00:00<00:00, 132.99it/s]ddim-sample:  56%|█████▌    | 28/50 [00:00<00:00, 132.88it/s]ddim-sample:  84%|████████▍ | 42/50 [00:00<00:00, 132.59it/s]                                                             ddim-sample:   0%|          | 0/50 [00:00<?, ?it/s]ddim-sample:  28%|██▊       | 14/50 [00:00<00:00, 130.49it/s]ddim-sample:  56%|█████▌    | 28/50 [00:00<00:00, 130.38it/s]ddim-sample:  84%|████████▍ | 42/50 [00:00<00:00, 130.29it/s]                                                             ddim-sample:   0%|          | 0/50 [00:00<?, ?it/s]ddim-sample:  26%|██▌       | 13/50 [00:00<00:00, 129.64it/s]ddim-sample:  52%|█████▏    | 26/50 [00:00<00:00, 129.65it/s]ddim-sample:  80%|████████  | 40/50 [00:00<00:00, 129.99it/s]                                                             ddim-sample:   0%|          | 0/50 [00:00<?, ?it/s]ddim-sample:  28%|██▊       | 14/50 [00:00<00:00, 132.05it/s]ddim-sample:  56%|█████▌    | 28/50 [00:00<00:00, 132.43it/s]ddim-sample:  84%|████████▍ | 42/50 [00:00<00:00, 132.82it/s]                                                             ddim-sample:   0%|          | 0/50 [00:00<?, ?it/s]ddim-sample:  28%|██▊       | 14/50 [00:00<00:00, 133.48it/s]ddim-sample:  56%|█████▌    | 28/50 [00:00<00:00, 133.15it/s]ddim-sample:  84%|████████▍ | 42/50 [00:00<00:00, 132.73it/s]                                                             ddim-sample:   0%|          | 0/50 [00:00<?, ?it/s]ddim-sample:  26%|██▌       | 13/50 [00:00<00:00, 129.77it/s]ddim-sample:  54%|█████▍    | 27/50 [00:00<00:00, 130.25it/s]ddim-sample:  82%|████████▏ | 41/50 [00:00<00:00, 129.80it/s]                                                             ddim-sample:   0%|          | 0/50 [00:00<?, ?it/s]ddim-sample:  28%|██▊       | 14/50 [00:00<00:00, 130.07it/s]ddim-sample:  56%|█████▌    | 28/50 [00:00<00:00, 129.86it/s]ddim-sample:  82%|████████▏ | 41/50 [00:00<00:00, 129.60it/s]                                                             ddim-sample:   0%|          | 0/50 [00:00<?, ?it/s]ddim-sample:  28%|██▊       | 14/50 [00:00<00:00, 130.67it/s]ddim-sample:  56%|█████▌    | 28/50 [00:00<00:00, 130.89it/s]ddim-sample:  84%|████████▍ | 42/50 [00:00<00:00, 131.14it/s]                                                             ddim-sample:   0%|          | 0/50 [00:00<?, ?it/s]ddim-sample:  28%|██▊       | 14/50 [00:00<00:00, 131.48it/s]ddim-sample:  56%|█████▌    | 28/50 [00:00<00:00, 130.80it/s]ddim-sample:  84%|████████▍ | 42/50 [00:00<00:00, 130.31it/s]                                                             ddim-sample:   0%|          | 0/50 [00:00<?, ?it/s]ddim-sample:  26%|██▌       | 13/50 [00:00<00:00, 126.52it/s]ddim-sample:  52%|█████▏    | 26/50 [00:00<00:00, 126.75it/s]ddim-sample:  78%|███████▊  | 39/50 [00:00<00:00, 126.69it/s]                                                             ddim-sample:   0%|          | 0/50 [00:00<?, ?it/s]ddim-sample:  26%|██▌       | 13/50 [00:00<00:00, 128.07it/s]ddim-sample:  52%|█████▏    | 26/50 [00:00<00:00, 128.32it/s]ddim-sample:  78%|███████▊  | 39/50 [00:00<00:00, 128.30it/s]                                                             ddim-sample:   0%|          | 0/50 [00:00<?, ?it/s]ddim-sample:  28%|██▊       | 14/50 [00:00<00:00, 132.11it/s]ddim-sample:  56%|█████▌    | 28/50 [00:00<00:00, 132.14it/s]ddim-sample:  84%|████████▍ | 42/50 [00:00<00:00, 132.24it/s]                                                             ddim-sample:   0%|          | 0/50 [00:00<?, ?it/s]ddim-sample:  28%|██▊       | 14/50 [00:00<00:00, 132.52it/s]ddim-sample:  56%|█████▌    | 28/50 [00:00<00:00, 131.68it/s]ddim-sample:  84%|████████▍ | 42/50 [00:00<00:00, 131.08it/s]                                                             ddim-sample:   0%|          | 0/50 [00:00<?, ?it/s]ddim-sample:  26%|██▌       | 13/50 [00:00<00:00, 129.27it/s]ddim-sample:  52%|█████▏    | 26/50 [00:00<00:00, 128.88it/s]ddim-sample:  78%|███████▊  | 39/50 [00:00<00:00, 128.78it/s]                                                             ddim-sample:   0%|          | 0/50 [00:00<?, ?it/s]ddim-sample:  26%|██▌       | 13/50 [00:00<00:00, 128.68it/s]ddim-sample:  52%|█████▏    | 26/50 [00:00<00:00, 129.00it/s]ddim-sample:  78%|███████▊  | 39/50 [00:00<00:00, 128.91it/s]                                                             ddim-sample:   0%|          | 0/50 [00:00<?, ?it/s]ddim-sample:  28%|██▊       | 14/50 [00:00<00:00, 132.65it/s]ddim-sample:  56%|█████▌    | 28/50 [00:00<00:00, 132.17it/s]ddim-sample:  84%|████████▍ | 42/50 [00:00<00:00, 132.50it/s]                                                             ddim-sample:   0%|          | 0/50 [00:00<?, ?it/s]ddim-sample:  28%|██▊       | 14/50 [00:00<00:00, 131.38it/s]ddim-sample:  56%|█████▌    | 28/50 [00:00<00:00, 131.26it/s]ddim-sample:  84%|████████▍ | 42/50 [00:00<00:00, 130.87it/s]                                                             ddim-sample:   0%|          | 0/50 [00:00<?, ?it/s]ddim-sample:  26%|██▌       | 13/50 [00:00<00:00, 129.95it/s]ddim-sample:  54%|█████▍    | 27/50 [00:00<00:00, 130.37it/s]ddim-sample:  82%|████████▏ | 41/50 [00:00<00:00, 130.61it/s]                                                             ddim-sample:   0%|          | 0/50 [00:00<?, ?it/s]ddim-sample:  26%|██▌       | 13/50 [00:00<00:00, 129.57it/s]ddim-sample:  52%|█████▏    | 26/50 [00:00<00:00, 128.53it/s]ddim-sample:  78%|███████▊  | 39/50 [00:00<00:00, 128.24it/s]                                                             ddim-sample:   0%|          | 0/50 [00:00<?, ?it/s]ddim-sample:  28%|██▊       | 14/50 [00:00<00:00, 133.02it/s]ddim-sample:  56%|█████▌    | 28/50 [00:00<00:00, 133.21it/s]ddim-sample:  84%|████████▍ | 42/50 [00:00<00:00, 133.04it/s]                                                             ddim-sample:   0%|          | 0/50 [00:00<?, ?it/s]ddim-sample:  28%|██▊       | 14/50 [00:00<00:00, 132.52it/s]ddim-sample:  56%|█████▌    | 28/50 [00:00<00:00, 131.87it/s]ddim-sample:  84%|████████▍ | 42/50 [00:00<00:00, 131.16it/s]                                                             ddim-sample:   0%|          | 0/50 [00:00<?, ?it/s]ddim-sample:  28%|██▊       | 14/50 [00:00<00:00, 130.75it/s]ddim-sample:  56%|█████▌    | 28/50 [00:00<00:00, 130.61it/s]ddim-sample:  84%|████████▍ | 42/50 [00:00<00:00, 129.93it/s]                                                             ddim-sample:   0%|          | 0/50 [00:00<?, ?it/s]ddim-sample:  26%|██▌       | 13/50 [00:00<00:00, 129.01it/s]ddim-sample:  52%|█████▏    | 26/50 [00:00<00:00, 128.85it/s]ddim-sample:  78%|███████▊  | 39/50 [00:00<00:00, 128.91it/s]                                                             ddim-sample:   0%|          | 0/50 [00:00<?, ?it/s]ddim-sample:  28%|██▊       | 14/50 [00:00<00:00, 132.32it/s]ddim-sample:  56%|█████▌    | 28/50 [00:00<00:00, 132.22it/s]ddim-sample:  84%|████████▍ | 42/50 [00:00<00:00, 131.82it/s]                                                             ddim-sample:   0%|          | 0/50 [00:00<?, ?it/s]ddim-sample:  28%|██▊       | 14/50 [00:00<00:00, 130.45it/s]ddim-sample:  56%|█████▌    | 28/50 [00:00<00:00, 130.46it/s]ddim-sample:  84%|████████▍ | 42/50 [00:00<00:00, 129.49it/s]                                                             ddim-sample:   0%|          | 0/50 [00:00<?, ?it/s]ddim-sample:  26%|██▌       | 13/50 [00:00<00:00, 128.55it/s]ddim-sample:  52%|█████▏    | 26/50 [00:00<00:00, 127.59it/s]ddim-sample:  78%|███████▊  | 39/50 [00:00<00:00, 127.96it/s]                                                             ddim-sample:   0%|          | 0/50 [00:00<?, ?it/s]ddim-sample:  26%|██▌       | 13/50 [00:00<00:00, 128.87it/s]ddim-sample:  52%|█████▏    | 26/50 [00:00<00:00, 128.90it/s]ddim-sample:  78%|███████▊  | 39/50 [00:00<00:00, 128.48it/s]                                                             ddim-sample:   0%|          | 0/50 [00:00<?, ?it/s]ddim-sample:  28%|██▊       | 14/50 [00:00<00:00, 132.90it/s]ddim-sample:  56%|█████▌    | 28/50 [00:00<00:00, 132.94it/s]ddim-sample:  84%|████████▍ | 42/50 [00:00<00:00, 133.40it/s]                                                             ddim-sample:   0%|          | 0/50 [00:00<?, ?it/s]ddim-sample:  28%|██▊       | 14/50 [00:00<00:00, 132.33it/s]ddim-sample:  56%|█████▌    | 28/50 [00:00<00:00, 132.38it/s]ddim-sample:  84%|████████▍ | 42/50 [00:00<00:00, 131.49it/s]                                                             ddim-sample:   0%|          | 0/50 [00:00<?, ?it/s]ddim-sample:  28%|██▊       | 14/50 [00:00<00:00, 130.64it/s]ddim-sample:  56%|█████▌    | 28/50 [00:00<00:00, 130.72it/s]ddim-sample:  84%|████████▍ | 42/50 [00:00<00:00, 130.52it/s]                                                             ddim-sample:   0%|          | 0/50 [00:00<?, ?it/s]ddim-sample:  28%|██▊       | 14/50 [00:00<00:00, 130.78it/s]ddim-sample:  56%|█████▌    | 28/50 [00:00<00:00, 130.89it/s]ddim-sample:  84%|████████▍ | 42/50 [00:00<00:00, 130.84it/s]                                                             ddim-sample:   0%|          | 0/50 [00:00<?, ?it/s]ddim-sample:  28%|██▊       | 14/50 [00:00<00:00, 133.62it/s]ddim-sample:  56%|█████▌    | 28/50 [00:00<00:00, 133.82it/s]ddim-sample:  84%|████████▍ | 42/50 [00:00<00:00, 133.97it/s]                                                             ddim-sample:   0%|          | 0/50 [00:00<?, ?it/s]ddim-sample:  28%|██▊       | 14/50 [00:00<00:00, 132.51it/s]ddim-sample:  56%|█████▌    | 28/50 [00:00<00:00, 132.18it/s]ddim-sample:  84%|████████▍ | 42/50 [00:00<00:00, 131.27it/s]                                                             ddim-sample:   0%|          | 0/50 [00:00<?, ?it/s]ddim-sample:  28%|██▊       | 14/50 [00:00<00:00, 130.39it/s]ddim-sample:  56%|█████▌    | 28/50 [00:00<00:00, 130.18it/s]ddim-sample:  84%|████████▍ | 42/50 [00:00<00:00, 130.03it/s]                                                             ddim-sample:   0%|          | 0/50 [00:00<?, ?it/s]ddim-sample:  26%|██▌       | 13/50 [00:00<00:00, 129.58it/s]ddim-sample:  52%|█████▏    | 26/50 [00:00<00:00, 128.78it/s]ddim-sample:  78%|███████▊  | 39/50 [00:00<00:00, 128.78it/s]                                                             ddim-sample:   0%|          | 0/50 [00:00<?, ?it/s]ddim-sample:  28%|██▊       | 14/50 [00:00<00:00, 134.37it/s]ddim-sample:  56%|█████▌    | 28/50 [00:00<00:00, 134.28it/s]ddim-sample:  84%|████████▍ | 42/50 [00:00<00:00, 134.21it/s]                                                             ddim-sample:   0%|          | 0/50 [00:00<?, ?it/s]ddim-sample:  28%|██▊       | 14/50 [00:00<00:00, 132.93it/s]ddim-sample:  56%|█████▌    | 28/50 [00:00<00:00, 132.62it/s]ddim-sample:  84%|████████▍ | 42/50 [00:00<00:00, 132.49it/s]                                                             ddim-sample:   0%|          | 0/50 [00:00<?, ?it/s]ddim-sample:  28%|██▊       | 14/50 [00:00<00:00, 131.75it/s]ddim-sample:  56%|█████▌    | 28/50 [00:00<00:00, 130.74it/s]ddim-sample:  84%|████████▍ | 42/50 [00:00<00:00, 130.45it/s]                                                             ddim-sample:   0%|          | 0/50 [00:00<?, ?it/s]ddim-sample:  26%|██▌       | 13/50 [00:00<00:00, 129.87it/s]ddim-sample:  54%|█████▍    | 27/50 [00:00<00:00, 130.01it/s]ddim-sample:  82%|████████▏ | 41/50 [00:00<00:00, 129.96it/s]                                                             ddim-sample:   0%|          | 0/50 [00:00<?, ?it/s]ddim-sample:  28%|██▊       | 14/50 [00:00<00:00, 133.80it/s]ddim-sample:  56%|█████▌    | 28/50 [00:00<00:00, 134.23it/s]ddim-sample:  84%|████████▍ | 42/50 [00:00<00:00, 134.36it/s]                                                             ddim-sample:   0%|          | 0/50 [00:00<?, ?it/s]ddim-sample:  28%|██▊       | 14/50 [00:00<00:00, 134.39it/s]ddim-sample:  56%|█████▌    | 28/50 [00:00<00:00, 133.14it/s]ddim-sample:  84%|████████▍ | 42/50 [00:00<00:00, 132.50it/s]                                                             ddim-sample:   0%|          | 0/50 [00:00<?, ?it/s]ddim-sample:  28%|██▊       | 14/50 [00:00<00:00, 131.07it/s]ddim-sample:  56%|█████▌    | 28/50 [00:00<00:00, 130.85it/s]ddim-sample:  84%|████████▍ | 42/50 [00:00<00:00, 130.97it/s]                                                             ddim-sample:   0%|          | 0/50 [00:00<?, ?it/s]ddim-sample:  26%|██▌       | 13/50 [00:00<00:00, 129.24it/s]ddim-sample:  52%|█████▏    | 26/50 [00:00<00:00, 129.35it/s]ddim-sample:  78%|███████▊  | 39/50 [00:00<00:00, 129.06it/s]                                                             ddim-sample:   0%|          | 0/50 [00:00<?, ?it/s]ddim-sample:  28%|██▊       | 14/50 [00:00<00:00, 134.64it/s]ddim-sample:  56%|█████▌    | 28/50 [00:00<00:00, 134.51it/s]ddim-sample:  84%|████████▍ | 42/50 [00:00<00:00, 134.31it/s]                                                             ddim-sample:   0%|          | 0/50 [00:00<?, ?it/s]ddim-sample:  28%|██▊       | 14/50 [00:00<00:00, 133.28it/s]ddim-sample:  56%|█████▌    | 28/50 [00:00<00:00, 133.16it/s]ddim-sample:  84%|████████▍ | 42/50 [00:00<00:00, 131.97it/s]                                                             ddim-sample:   0%|          | 0/50 [00:00<?, ?it/s]ddim-sample:  28%|██▊       | 14/50 [00:00<00:00, 130.06it/s]ddim-sample:  56%|█████▌    | 28/50 [00:00<00:00, 130.03it/s]ddim-sample:  84%|████████▍ | 42/50 [00:00<00:00, 129.77it/s]                                                             ddim-sample:   0%|          | 0/50 [00:00<?, ?it/s]ddim-sample:  28%|██▊       | 14/50 [00:00<00:00, 130.33it/s]ddim-sample:  56%|█████▌    | 28/50 [00:00<00:00, 129.77it/s]ddim-sample:  82%|████████▏ | 41/50 [00:00<00:00, 129.73it/s]                                                             ddim-sample:   0%|          | 0/50 [00:00<?, ?it/s]ddim-sample:  28%|██▊       | 14/50 [00:00<00:00, 131.43it/s]ddim-sample:  56%|█████▌    | 28/50 [00:00<00:00, 131.41it/s]ddim-sample:  84%|████████▍ | 42/50 [00:00<00:00, 131.45it/s]                                                             ddim-sample:   0%|          | 0/50 [00:00<?, ?it/s]ddim-sample:  28%|██▊       | 14/50 [00:00<00:00, 131.21it/s]ddim-sample:  56%|█████▌    | 28/50 [00:00<00:00, 131.68it/s]ddim-sample:  84%|████████▍ | 42/50 [00:00<00:00, 131.56it/s]                                                             ddim-sample:   0%|          | 0/50 [00:00<?, ?it/s]ddim-sample:  26%|██▌       | 13/50 [00:00<00:00, 129.78it/s]ddim-sample:  52%|█████▏    | 26/50 [00:00<00:00, 128.89it/s]ddim-sample:  78%|███████▊  | 39/50 [00:00<00:00, 128.79it/s]                                                             ddim-sample:   0%|          | 0/50 [00:00<?, ?it/s]ddim-sample:  26%|██▌       | 13/50 [00:00<00:00, 128.31it/s]ddim-sample:  52%|█████▏    | 26/50 [00:00<00:00, 128.34it/s]ddim-sample:  78%|███████▊  | 39/50 [00:00<00:00, 128.32it/s]                                                             ddim-sample:   0%|          | 0/50 [00:00<?, ?it/s]ddim-sample:  28%|██▊       | 14/50 [00:00<00:00, 134.01it/s]ddim-sample:  56%|█████▌    | 28/50 [00:00<00:00, 133.79it/s]ddim-sample:  84%|████████▍ | 42/50 [00:00<00:00, 133.89it/s]                                                             ddim-sample:   0%|          | 0/50 [00:00<?, ?it/s]ddim-sample:  28%|██▊       | 14/50 [00:00<00:00, 132.56it/s]ddim-sample:  56%|█████▌    | 28/50 [00:00<00:00, 131.42it/s]ddim-sample:  84%|████████▍ | 42/50 [00:00<00:00, 130.98it/s]                                                             ddim-sample:   0%|          | 0/50 [00:00<?, ?it/s]ddim-sample:  26%|██▌       | 13/50 [00:00<00:00, 127.84it/s]ddim-sample:  52%|█████▏    | 26/50 [00:00<00:00, 128.45it/s]ddim-sample:  80%|████████  | 40/50 [00:00<00:00, 129.45it/s]                                                             ddim-sample:   0%|          | 0/50 [00:00<?, ?it/s]ddim-sample:  28%|██▊       | 14/50 [00:00<00:00, 130.27it/s]ddim-sample:  56%|█████▌    | 28/50 [00:00<00:00, 129.48it/s]ddim-sample:  82%|████████▏ | 41/50 [00:00<00:00, 129.59it/s]                                                             ddim-sample:   0%|          | 0/50 [00:00<?, ?it/s]ddim-sample:  28%|██▊       | 14/50 [00:00<00:00, 134.44it/s]ddim-sample:  56%|█████▌    | 28/50 [00:00<00:00, 134.35it/s]ddim-sample:  84%|████████▍ | 42/50 [00:00<00:00, 134.38it/s]                                                             ddim-sample:   0%|          | 0/50 [00:00<?, ?it/s]ddim-sample:  28%|██▊       | 14/50 [00:00<00:00, 133.51it/s]ddim-sample:  56%|█████▌    | 28/50 [00:00<00:00, 131.41it/s]ddim-sample:  84%|████████▍ | 42/50 [00:00<00:00, 130.85it/s]                                                             ddim-sample:   0%|          | 0/50 [00:00<?, ?it/s]ddim-sample:  28%|██▊       | 14/50 [00:00<00:00, 130.25it/s]ddim-sample:  56%|█████▌    | 28/50 [00:00<00:00, 130.50it/s]ddim-sample:  84%|████████▍ | 42/50 [00:00<00:00, 130.36it/s]                                                             ddim-sample:   0%|          | 0/50 [00:00<?, ?it/s]ddim-sample:  28%|██▊       | 14/50 [00:00<00:00, 130.53it/s]ddim-sample:  56%|█████▌    | 28/50 [00:00<00:00, 130.19it/s]ddim-sample:  84%|████████▍ | 42/50 [00:00<00:00, 129.99it/s]                                                             ddim-sample:   0%|          | 0/50 [00:00<?, ?it/s]ddim-sample:  28%|██▊       | 14/50 [00:00<00:00, 133.52it/s]ddim-sample:  56%|█████▌    | 28/50 [00:00<00:00, 133.20it/s]ddim-sample:  84%|████████▍ | 42/50 [00:00<00:00, 133.56it/s]                                                             ddim-sample:   0%|          | 0/50 [00:00<?, ?it/s]ddim-sample:  28%|██▊       | 14/50 [00:00<00:00, 134.25it/s]ddim-sample:  56%|█████▌    | 28/50 [00:00<00:00, 133.59it/s]ddim-sample:  84%|████████▍ | 42/50 [00:00<00:00, 132.51it/s]                                                             ddim-sample:   0%|          | 0/50 [00:00<?, ?it/s]ddim-sample:  26%|██▌       | 13/50 [00:00<00:00, 129.10it/s]ddim-sample:  52%|█████▏    | 26/50 [00:00<00:00, 129.34it/s]ddim-sample:  78%|███████▊  | 39/50 [00:00<00:00, 129.23it/s]                                                             ddim-sample:   0%|          | 0/50 [00:00<?, ?it/s]ddim-sample:  28%|██▊       | 14/50 [00:00<00:00, 130.44it/s]ddim-sample:  56%|█████▌    | 28/50 [00:00<00:00, 130.78it/s]ddim-sample:  84%|████████▍ | 42/50 [00:00<00:00, 130.78it/s]                                                             ddim-sample:   0%|          | 0/50 [00:00<?, ?it/s]ddim-sample:  28%|██▊       | 14/50 [00:00<00:00, 134.09it/s]ddim-sample:  56%|█████▌    | 28/50 [00:00<00:00, 134.24it/s]ddim-sample:  84%|████████▍ | 42/50 [00:00<00:00, 134.26it/s]                                                             ddim-sample:   0%|          | 0/50 [00:00<?, ?it/s]ddim-sample:  28%|██▊       | 14/50 [00:00<00:00, 134.31it/s]ddim-sample:  56%|█████▌    | 28/50 [00:00<00:00, 133.52it/s]ddim-sample:  84%|████████▍ | 42/50 [00:00<00:00, 132.84it/s]                                                             ddim-sample:   0%|          | 0/50 [00:00<?, ?it/s]ddim-sample:  28%|██▊       | 14/50 [00:00<00:00, 131.89it/s]ddim-sample:  56%|█████▌    | 28/50 [00:00<00:00, 131.27it/s]ddim-sample:  84%|████████▍ | 42/50 [00:00<00:00, 130.49it/s]                                                             ddim-sample:   0%|          | 0/50 [00:00<?, ?it/s]ddim-sample:  26%|██▌       | 13/50 [00:00<00:00, 129.98it/s]ddim-sample:  52%|█████▏    | 26/50 [00:00<00:00, 129.99it/s]ddim-sample:  78%|███████▊  | 39/50 [00:00<00:00, 129.93it/s]                                                             ddim-sample:   0%|          | 0/50 [00:00<?, ?it/s]ddim-sample:  28%|██▊       | 14/50 [00:00<00:00, 133.86it/s]ddim-sample:  56%|█████▌    | 28/50 [00:00<00:00, 133.88it/s]ddim-sample:  84%|████████▍ | 42/50 [00:00<00:00, 134.08it/s]                                                             ddim-sample:   0%|          | 0/50 [00:00<?, ?it/s]ddim-sample:  28%|██▊       | 14/50 [00:00<00:00, 132.77it/s]ddim-sample:  56%|█████▌    | 28/50 [00:00<00:00, 132.60it/s]ddim-sample:  84%|████████▍ | 42/50 [00:00<00:00, 131.91it/s]                                                             ddim-sample:   0%|          | 0/50 [00:00<?, ?it/s]ddim-sample:  28%|██▊       | 14/50 [00:00<00:00, 130.34it/s]ddim-sample:  56%|█████▌    | 28/50 [00:00<00:00, 129.67it/s]ddim-sample:  82%|████████▏ | 41/50 [00:00<00:00, 129.44it/s]                                                             ddim-sample:   0%|          | 0/50 [00:00<?, ?it/s]ddim-sample:  26%|██▌       | 13/50 [00:00<00:00, 129.43it/s]ddim-sample:  52%|█████▏    | 26/50 [00:00<00:00, 129.22it/s]ddim-sample:  78%|███████▊  | 39/50 [00:00<00:00, 129.19it/s]                                                             ddim-sample:   0%|          | 0/50 [00:00<?, ?it/s]ddim-sample:  28%|██▊       | 14/50 [00:00<00:00, 131.82it/s]ddim-sample:  56%|█████▌    | 28/50 [00:00<00:00, 131.56it/s]ddim-sample:  84%|████████▍ | 42/50 [00:00<00:00, 131.35it/s]                                                             ddim-sample:   0%|          | 0/50 [00:00<?, ?it/s]ddim-sample:  28%|██▊       | 14/50 [00:00<00:00, 132.21it/s]ddim-sample:  56%|█████▌    | 28/50 [00:00<00:00, 132.24it/s]ddim-sample:  84%|████████▍ | 42/50 [00:00<00:00, 131.44it/s]                                                             ddim-sample:   0%|          | 0/50 [00:00<?, ?it/s]ddim-sample:  26%|██▌       | 13/50 [00:00<00:00, 129.53it/s]ddim-sample:  52%|█████▏    | 26/50 [00:00<00:00, 129.12it/s]ddim-sample:  78%|███████▊  | 39/50 [00:00<00:00, 129.01it/s]                                                             ddim-sample:   0%|          | 0/50 [00:00<?, ?it/s]ddim-sample:  26%|██▌       | 13/50 [00:00<00:00, 128.82it/s]ddim-sample:  52%|█████▏    | 26/50 [00:00<00:00, 128.81it/s]ddim-sample:  78%|███████▊  | 39/50 [00:00<00:00, 128.83it/s]                                                             ddim-sample:   0%|          | 0/50 [00:00<?, ?it/s]ddim-sample:  28%|██▊       | 14/50 [00:00<00:00, 133.63it/s]ddim-sample:  56%|█████▌    | 28/50 [00:00<00:00, 133.61it/s]ddim-sample:  84%|████████▍ | 42/50 [00:00<00:00, 133.65it/s]                                                             ddim-sample:   0%|          | 0/50 [00:00<?, ?it/s]ddim-sample:  28%|██▊       | 14/50 [00:00<00:00, 133.84it/s]ddim-sample:  56%|█████▌    | 28/50 [00:00<00:00, 133.92it/s]ddim-sample:  84%|████████▍ | 42/50 [00:00<00:00, 131.60it/s]                                                             ddim-sample:   0%|          | 0/50 [00:00<?, ?it/s]ddim-sample:  26%|██▌       | 13/50 [00:00<00:00, 129.84it/s]ddim-sample:  54%|█████▍    | 27/50 [00:00<00:00, 130.50it/s]ddim-sample:  82%|████████▏ | 41/50 [00:00<00:00, 130.60it/s]                                                             ddim-sample:   0%|          | 0/50 [00:00<?, ?it/s]ddim-sample:  28%|██▊       | 14/50 [00:00<00:00, 130.38it/s]ddim-sample:  56%|█████▌    | 28/50 [00:00<00:00, 129.32it/s]ddim-sample:  82%|████████▏ | 41/50 [00:00<00:00, 129.36it/s]                                                             ddim-sample:   0%|          | 0/50 [00:00<?, ?it/s]ddim-sample:  28%|██▊       | 14/50 [00:00<00:00, 132.42it/s]ddim-sample:  56%|█████▌    | 28/50 [00:00<00:00, 132.56it/s]ddim-sample:  84%|████████▍ | 42/50 [00:00<00:00, 132.36it/s]                                                             ddim-sample:   0%|          | 0/50 [00:00<?, ?it/s]ddim-sample:  28%|██▊       | 14/50 [00:00<00:00, 130.46it/s]ddim-sample:  56%|█████▌    | 28/50 [00:00<00:00, 131.09it/s]ddim-sample:  84%|████████▍ | 42/50 [00:00<00:00, 131.30it/s]                                                             ddim-sample:   0%|          | 0/50 [00:00<?, ?it/s]ddim-sample:  28%|██▊       | 14/50 [00:00<00:00, 131.24it/s]ddim-sample:  56%|█████▌    | 28/50 [00:00<00:00, 130.99it/s]ddim-sample:  84%|████████▍ | 42/50 [00:00<00:00, 130.71it/s]                                                             ddim-sample:   0%|          | 0/50 [00:00<?, ?it/s]ddim-sample:  26%|██▌       | 13/50 [00:00<00:00, 129.74it/s]ddim-sample:  52%|█████▏    | 26/50 [00:00<00:00, 129.75it/s]ddim-sample:  80%|████████  | 40/50 [00:00<00:00, 129.97it/s]                                                             ddim-sample:   0%|          | 0/50 [00:00<?, ?it/s]ddim-sample:  28%|██▊       | 14/50 [00:00<00:00, 132.73it/s]ddim-sample:  56%|█████▌    | 28/50 [00:00<00:00, 132.65it/s]ddim-sample:  84%|████████▍ | 42/50 [00:00<00:00, 132.97it/s]                                                             ddim-sample:   0%|          | 0/50 [00:00<?, ?it/s]ddim-sample:  28%|██▊       | 14/50 [00:00<00:00, 131.94it/s]ddim-sample:  56%|█████▌    | 28/50 [00:00<00:00, 132.12it/s]ddim-sample:  84%|████████▍ | 42/50 [00:00<00:00, 131.79it/s]                                                             ddim-sample:   0%|          | 0/50 [00:00<?, ?it/s]ddim-sample:  28%|██▊       | 14/50 [00:00<00:00, 130.81it/s]ddim-sample:  56%|█████▌    | 28/50 [00:00<00:00, 130.90it/s]ddim-sample:  84%|████████▍ | 42/50 [00:00<00:00, 130.18it/s]                                                             ddim-sample:   0%|          | 0/50 [00:00<?, ?it/s]ddim-sample:  26%|██▌       | 13/50 [00:00<00:00, 127.57it/s]ddim-sample:  52%|█████▏    | 26/50 [00:00<00:00, 127.96it/s]ddim-sample:  78%|███████▊  | 39/50 [00:00<00:00, 128.13it/s]                                                             ddim-sample:   0%|          | 0/50 [00:00<?, ?it/s]ddim-sample:  28%|██▊       | 14/50 [00:00<00:00, 133.95it/s]ddim-sample:  56%|█████▌    | 28/50 [00:00<00:00, 133.73it/s]ddim-sample:  84%|████████▍ | 42/50 [00:00<00:00, 133.83it/s]                                                             ddim-sample:   0%|          | 0/50 [00:00<?, ?it/s]ddim-sample:  28%|██▊       | 14/50 [00:00<00:00, 132.63it/s]ddim-sample:  56%|█████▌    | 28/50 [00:00<00:00, 131.67it/s]ddim-sample:  84%|████████▍ | 42/50 [00:00<00:00, 131.66it/s]                                                             ddim-sample:   0%|          | 0/50 [00:00<?, ?it/s]ddim-sample:  28%|██▊       | 14/50 [00:00<00:00, 130.77it/s]ddim-sample:  56%|█████▌    | 28/50 [00:00<00:00, 131.32it/s]ddim-sample:  84%|████████▍ | 42/50 [00:00<00:00, 131.23it/s]                                                             ddim-sample:   0%|          | 0/50 [00:00<?, ?it/s]ddim-sample:  28%|██▊       | 14/50 [00:00<00:00, 130.01it/s]ddim-sample:  56%|█████▌    | 28/50 [00:00<00:00, 129.50it/s]ddim-sample:  82%|████████▏ | 41/50 [00:00<00:00, 129.05it/s]                                                             ddim-sample:   0%|          | 0/50 [00:00<?, ?it/s]ddim-sample:  28%|██▊       | 14/50 [00:00<00:00, 133.90it/s]ddim-sample:  56%|█████▌    | 28/50 [00:00<00:00, 133.82it/s]ddim-sample:  84%|████████▍ | 42/50 [00:00<00:00, 133.95it/s]                                                             ddim-sample:   0%|          | 0/50 [00:00<?, ?it/s]ddim-sample:  28%|██▊       | 14/50 [00:00<00:00, 132.35it/s]ddim-sample:  56%|█████▌    | 28/50 [00:00<00:00, 131.98it/s]ddim-sample:  84%|████████▍ | 42/50 [00:00<00:00, 131.52it/s]                                                             ddim-sample:   0%|          | 0/50 [00:00<?, ?it/s]ddim-sample:  26%|██▌       | 13/50 [00:00<00:00, 128.54it/s]ddim-sample:  52%|█████▏    | 26/50 [00:00<00:00, 128.69it/s]ddim-sample:  80%|████████  | 40/50 [00:00<00:00, 129.40it/s]                                                             ddim-sample:   0%|          | 0/50 [00:00<?, ?it/s]ddim-sample:  28%|██▊       | 14/50 [00:00<00:00, 130.15it/s]ddim-sample:  56%|█████▌    | 28/50 [00:00<00:00, 130.11it/s]ddim-sample:  84%|████████▍ | 42/50 [00:00<00:00, 130.16it/s]                                                             ddim-sample:   0%|          | 0/50 [00:00<?, ?it/s]ddim-sample:  28%|██▊       | 14/50 [00:00<00:00, 134.39it/s]ddim-sample:  56%|█████▌    | 28/50 [00:00<00:00, 134.38it/s]ddim-sample:  84%|████████▍ | 42/50 [00:00<00:00, 134.21it/s]                                                             ddim-sample:   0%|          | 0/50 [00:00<?, ?it/s]ddim-sample:  28%|██▊       | 14/50 [00:00<00:00, 134.21it/s]ddim-sample:  56%|█████▌    | 28/50 [00:00<00:00, 133.31it/s]ddim-sample:  84%|████████▍ | 42/50 [00:00<00:00, 132.58it/s]                                                             ddim-sample:   0%|          | 0/50 [00:00<?, ?it/s]ddim-sample:  28%|██▊       | 14/50 [00:00<00:00, 130.74it/s]ddim-sample:  56%|█████▌    | 28/50 [00:00<00:00, 130.77it/s]ddim-sample:  84%|████████▍ | 42/50 [00:00<00:00, 130.83it/s]                                                             ddim-sample:   0%|          | 0/50 [00:00<?, ?it/s]ddim-sample:  28%|██▊       | 14/50 [00:00<00:00, 130.92it/s]ddim-sample:  56%|█████▌    | 28/50 [00:00<00:00, 130.68it/s]ddim-sample:  84%|████████▍ | 42/50 [00:00<00:00, 129.87it/s]                                                             ddim-sample:   0%|          | 0/50 [00:00<?, ?it/s]ddim-sample:  28%|██▊       | 14/50 [00:00<00:00, 133.81it/s]ddim-sample:  56%|█████▌    | 28/50 [00:00<00:00, 134.04it/s]ddim-sample:  84%|████████▍ | 42/50 [00:00<00:00, 133.80it/s]                                                             ddim-sample:   0%|          | 0/50 [00:00<?, ?it/s]ddim-sample:  28%|██▊       | 14/50 [00:00<00:00, 133.04it/s]ddim-sample:  56%|█████▌    | 28/50 [00:00<00:00, 132.39it/s]ddim-sample:  84%|████████▍ | 42/50 [00:00<00:00, 131.89it/s]                                                             ddim-sample:   0%|          | 0/50 [00:00<?, ?it/s]ddim-sample:  28%|██▊       | 14/50 [00:00<00:00, 130.83it/s]ddim-sample:  56%|█████▌    | 28/50 [00:00<00:00, 130.18it/s]ddim-sample:  84%|████████▍ | 42/50 [00:00<00:00, 129.51it/s]                                                             ddim-sample:   0%|          | 0/50 [00:00<?, ?it/s]ddim-sample:  26%|██▌       | 13/50 [00:00<00:00, 128.44it/s]ddim-sample:  52%|█████▏    | 26/50 [00:00<00:00, 129.08it/s]ddim-sample:  78%|███████▊  | 39/50 [00:00<00:00, 129.38it/s]                                                             ddim-sample:   0%|          | 0/50 [00:00<?, ?it/s]ddim-sample:  28%|██▊       | 14/50 [00:00<00:00, 132.44it/s]ddim-sample:  56%|█████▌    | 28/50 [00:00<00:00, 132.25it/s]ddim-sample:  84%|████████▍ | 42/50 [00:00<00:00, 132.44it/s]                                                             ddim-sample:   0%|          | 0/50 [00:00<?, ?it/s]ddim-sample:  28%|██▊       | 14/50 [00:00<00:00, 133.40it/s]ddim-sample:  56%|█████▌    | 28/50 [00:00<00:00, 131.26it/s]ddim-sample:  84%|████████▍ | 42/50 [00:00<00:00, 129.87it/s]                                                             ddim-sample:   0%|          | 0/50 [00:00<?, ?it/s]ddim-sample:  26%|██▌       | 13/50 [00:00<00:00, 128.77it/s]ddim-sample:  52%|█████▏    | 26/50 [00:00<00:00, 129.03it/s]ddim-sample:  78%|███████▊  | 39/50 [00:00<00:00, 129.46it/s]                                                             ddim-sample:   0%|          | 0/50 [00:00<?, ?it/s]ddim-sample:  28%|██▊       | 14/50 [00:00<00:00, 131.01it/s]ddim-sample:  56%|█████▌    | 28/50 [00:00<00:00, 130.73it/s]ddim-sample:  84%|████████▍ | 42/50 [00:00<00:00, 130.58it/s]                                                             ddim-sample:   0%|          | 0/50 [00:00<?, ?it/s]ddim-sample:  28%|██▊       | 14/50 [00:00<00:00, 134.74it/s]ddim-sample:  56%|█████▌    | 28/50 [00:00<00:00, 134.51it/s]ddim-sample:  84%|████████▍ | 42/50 [00:00<00:00, 134.62it/s]                                                             ddim-sample:   0%|          | 0/50 [00:00<?, ?it/s]ddim-sample:  28%|██▊       | 14/50 [00:00<00:00, 133.69it/s]ddim-sample:  56%|█████▌    | 28/50 [00:00<00:00, 133.35it/s]ddim-sample:  84%|████████▍ | 42/50 [00:00<00:00, 130.90it/s]                                                             ddim-sample:   0%|          | 0/50 [00:00<?, ?it/s]ddim-sample:  26%|██▌       | 13/50 [00:00<00:00, 127.86it/s]ddim-sample:  52%|█████▏    | 26/50 [00:00<00:00, 127.73it/s]ddim-sample:  78%|███████▊  | 39/50 [00:00<00:00, 127.64it/s]                                                             ddim-sample:   0%|          | 0/50 [00:00<?, ?it/s]ddim-sample:  26%|██▌       | 13/50 [00:00<00:00, 128.82it/s]ddim-sample:  52%|█████▏    | 26/50 [00:00<00:00, 129.27it/s]ddim-sample:  78%|███████▊  | 39/50 [00:00<00:00, 129.47it/s]                                                             ddim-sample:   0%|          | 0/50 [00:00<?, ?it/s]ddim-sample:  28%|██▊       | 14/50 [00:00<00:00, 133.59it/s]ddim-sample:  56%|█████▌    | 28/50 [00:00<00:00, 133.64it/s]ddim-sample:  84%|████████▍ | 42/50 [00:00<00:00, 133.85it/s]                                                             ddim-sample:   0%|          | 0/50 [00:00<?, ?it/s]ddim-sample:  28%|██▊       | 14/50 [00:00<00:00, 133.02it/s]ddim-sample:  56%|█████▌    | 28/50 [00:00<00:00, 132.83it/s]ddim-sample:  84%|████████▍ | 42/50 [00:00<00:00, 131.91it/s]                                                             ddim-sample:   0%|          | 0/50 [00:00<?, ?it/s]ddim-sample:  28%|██▊       | 14/50 [00:00<00:00, 130.61it/s]ddim-sample:  56%|█████▌    | 28/50 [00:00<00:00, 130.59it/s]ddim-sample:  84%|████████▍ | 42/50 [00:00<00:00, 130.55it/s]                                                             ddim-sample:   0%|          | 0/50 [00:00<?, ?it/s]ddim-sample:  26%|██▌       | 13/50 [00:00<00:00, 129.58it/s]ddim-sample:  52%|█████▏    | 26/50 [00:00<00:00, 128.57it/s]ddim-sample:  78%|███████▊  | 39/50 [00:00<00:00, 128.48it/s]                                                             ddim-sample:   0%|          | 0/50 [00:00<?, ?it/s]ddim-sample:  28%|██▊       | 14/50 [00:00<00:00, 132.50it/s]ddim-sample:  56%|█████▌    | 28/50 [00:00<00:00, 133.02it/s]ddim-sample:  84%|████████▍ | 42/50 [00:00<00:00, 133.17it/s]                                                             ddim-sample:   0%|          | 0/50 [00:00<?, ?it/s]ddim-sample:  28%|██▊       | 14/50 [00:00<00:00, 132.35it/s]ddim-sample:  56%|█████▌    | 28/50 [00:00<00:00, 131.86it/s]ddim-sample:  84%|████████▍ | 42/50 [00:00<00:00, 131.40it/s]                                                             ddim-sample:   0%|          | 0/50 [00:00<?, ?it/s]ddim-sample:  28%|██▊       | 14/50 [00:00<00:00, 130.63it/s]ddim-sample:  56%|█████▌    | 28/50 [00:00<00:00, 130.57it/s]ddim-sample:  84%|████████▍ | 42/50 [00:00<00:00, 130.49it/s]                                                             ddim-sample:   0%|          | 0/50 [00:00<?, ?it/s]ddim-sample:  28%|██▊       | 14/50 [00:00<00:00, 130.62it/s]ddim-sample:  56%|█████▌    | 28/50 [00:00<00:00, 130.43it/s]ddim-sample:  84%|████████▍ | 42/50 [00:00<00:00, 129.71it/s]                                                             ddim-sample:   0%|          | 0/50 [00:00<?, ?it/s]ddim-sample:  28%|██▊       | 14/50 [00:00<00:00, 133.82it/s]ddim-sample:  56%|█████▌    | 28/50 [00:00<00:00, 133.85it/s]ddim-sample:  84%|████████▍ | 42/50 [00:00<00:00, 133.85it/s]                                                             ddim-sample:   0%|          | 0/50 [00:00<?, ?it/s]ddim-sample:  28%|██▊       | 14/50 [00:00<00:00, 132.19it/s]ddim-sample:  56%|█████▌    | 28/50 [00:00<00:00, 131.53it/s]ddim-sample:  84%|████████▍ | 42/50 [00:00<00:00, 131.26it/s]                                                             ddim-sample:   0%|          | 0/50 [00:00<?, ?it/s]ddim-sample:  26%|██▌       | 13/50 [00:00<00:00, 129.36it/s]ddim-sample:  52%|█████▏    | 26/50 [00:00<00:00, 129.55it/s]ddim-sample:  78%|███████▊  | 39/50 [00:00<00:00, 129.17it/s]                                                             ddim-sample:   0%|          | 0/50 [00:00<?, ?it/s]ddim-sample:  26%|██▌       | 13/50 [00:00<00:00, 129.22it/s]ddim-sample:  52%|█████▏    | 26/50 [00:00<00:00, 129.43it/s]ddim-sample:  78%|███████▊  | 39/50 [00:00<00:00, 129.51it/s]                                                             ddim-sample:   0%|          | 0/50 [00:00<?, ?it/s]ddim-sample:  28%|██▊       | 14/50 [00:00<00:00, 131.85it/s]ddim-sample:  56%|█████▌    | 28/50 [00:00<00:00, 132.13it/s]ddim-sample:  84%|████████▍ | 42/50 [00:00<00:00, 132.27it/s]                                                             ddim-sample:   0%|          | 0/50 [00:00<?, ?it/s]ddim-sample:  26%|██▌       | 13/50 [00:00<00:00, 129.80it/s]ddim-sample:  52%|█████▏    | 26/50 [00:00<00:00, 128.81it/s]ddim-sample:  78%|███████▊  | 39/50 [00:00<00:00, 128.06it/s]                                                             ddim-sample:   0%|          | 0/50 [00:00<?, ?it/s]ddim-sample:  26%|██▌       | 13/50 [00:00<00:00, 127.27it/s]ddim-sample:  52%|█████▏    | 26/50 [00:00<00:00, 127.14it/s]ddim-sample:  78%|███████▊  | 39/50 [00:00<00:00, 127.33it/s]                                                             ddim-sample:   0%|          | 0/50 [00:00<?, ?it/s]ddim-sample:  26%|██▌       | 13/50 [00:00<00:00, 127.77it/s]ddim-sample:  52%|█████▏    | 26/50 [00:00<00:00, 127.80it/s]ddim-sample:  78%|███████▊  | 39/50 [00:00<00:00, 128.02it/s]                                                             ddim-sample:   0%|          | 0/50 [00:00<?, ?it/s]ddim-sample:  28%|██▊       | 14/50 [00:00<00:00, 131.97it/s]ddim-sample:  56%|█████▌    | 28/50 [00:00<00:00, 133.15it/s]ddim-sample:  84%|████████▍ | 42/50 [00:00<00:00, 133.51it/s]                                                             ddim-sample:   0%|          | 0/50 [00:00<?, ?it/s]ddim-sample:  28%|██▊       | 14/50 [00:00<00:00, 132.29it/s]ddim-sample:  56%|█████▌    | 28/50 [00:00<00:00, 132.45it/s]ddim-sample:  84%|████████▍ | 42/50 [00:00<00:00, 131.68it/s]                                                             ddim-sample:   0%|          | 0/50 [00:00<?, ?it/s]ddim-sample:  26%|██▌       | 13/50 [00:00<00:00, 129.48it/s]ddim-sample:  52%|█████▏    | 26/50 [00:00<00:00, 129.00it/s]ddim-sample:  78%|███████▊  | 39/50 [00:00<00:00, 129.18it/s]                                                             ddim-sample:   0%|          | 0/50 [00:00<?, ?it/s]ddim-sample:  26%|██▌       | 13/50 [00:00<00:00, 128.45it/s]ddim-sample:  52%|█████▏    | 26/50 [00:00<00:00, 128.83it/s]ddim-sample:  78%|███████▊  | 39/50 [00:00<00:00, 129.08it/s]                                                             ddim-sample:   0%|          | 0/50 [00:00<?, ?it/s]ddim-sample:  28%|██▊       | 14/50 [00:00<00:00, 132.50it/s]ddim-sample:  56%|█████▌    | 28/50 [00:00<00:00, 132.64it/s]ddim-sample:  84%|████████▍ | 42/50 [00:00<00:00, 133.42it/s]                                                             ddim-sample:   0%|          | 0/50 [00:00<?, ?it/s]ddim-sample:  28%|██▊       | 14/50 [00:00<00:00, 132.99it/s]ddim-sample:  56%|█████▌    | 28/50 [00:00<00:00, 132.20it/s]ddim-sample:  84%|████████▍ | 42/50 [00:00<00:00, 131.00it/s]                                                             ddim-sample:   0%|          | 0/50 [00:00<?, ?it/s]ddim-sample:  26%|██▌       | 13/50 [00:00<00:00, 128.61it/s]ddim-sample:  52%|█████▏    | 26/50 [00:00<00:00, 128.65it/s]ddim-sample:  78%|███████▊  | 39/50 [00:00<00:00, 129.17it/s]                                                             ddim-sample:   0%|          | 0/50 [00:00<?, ?it/s]ddim-sample:  28%|██▊       | 14/50 [00:00<00:00, 130.13it/s]ddim-sample:  56%|█████▌    | 28/50 [00:00<00:00, 130.18it/s]ddim-sample:  84%|████████▍ | 42/50 [00:00<00:00, 130.09it/s]                                                             ddim-sample:   0%|          | 0/50 [00:00<?, ?it/s]ddim-sample:  28%|██▊       | 14/50 [00:00<00:00, 133.53it/s]ddim-sample:  56%|█████▌    | 28/50 [00:00<00:00, 133.43it/s]ddim-sample:  84%|████████▍ | 42/50 [00:00<00:00, 133.60it/s]                                                             ddim-sample:   0%|          | 0/50 [00:00<?, ?it/s]ddim-sample:  28%|██▊       | 14/50 [00:00<00:00, 132.29it/s]ddim-sample:  56%|█████▌    | 28/50 [00:00<00:00, 132.01it/s]ddim-sample:  84%|████████▍ | 42/50 [00:00<00:00, 132.01it/s]                                                             ddim-sample:   0%|          | 0/50 [00:00<?, ?it/s]ddim-sample:  28%|██▊       | 14/50 [00:00<00:00, 131.59it/s]ddim-sample:  56%|█████▌    | 28/50 [00:00<00:00, 130.85it/s]ddim-sample:  84%|████████▍ | 42/50 [00:00<00:00, 130.71it/s]                                                             ddim-sample:   0%|          | 0/50 [00:00<?, ?it/s]ddim-sample:  28%|██▊       | 14/50 [00:00<00:00, 130.29it/s]ddim-sample:  56%|█████▌    | 28/50 [00:00<00:00, 129.57it/s]ddim-sample:  82%|████████▏ | 41/50 [00:00<00:00, 129.52it/s]                                                             ddim-sample:   0%|          | 0/50 [00:00<?, ?it/s]ddim-sample:  28%|██▊       | 14/50 [00:00<00:00, 134.19it/s]ddim-sample:  56%|█████▌    | 28/50 [00:00<00:00, 134.13it/s]ddim-sample:  84%|████████▍ | 42/50 [00:00<00:00, 134.13it/s]                                                             ddim-sample:   0%|          | 0/50 [00:00<?, ?it/s]ddim-sample:  28%|██▊       | 14/50 [00:00<00:00, 131.03it/s]ddim-sample:  56%|█████▌    | 28/50 [00:00<00:00, 129.69it/s]ddim-sample:  84%|████████▍ | 42/50 [00:00<00:00, 129.91it/s]                                                             ddim-sample:   0%|          | 0/50 [00:00<?, ?it/s]ddim-sample:  28%|██▊       | 14/50 [00:00<00:00, 130.28it/s]ddim-sample:  56%|█████▌    | 28/50 [00:00<00:00, 130.24it/s]ddim-sample:  84%|████████▍ | 42/50 [00:00<00:00, 130.15it/s]                                                             ddim-sample:   0%|          | 0/50 [00:00<?, ?it/s]ddim-sample:  28%|██▊       | 14/50 [00:00<00:00, 130.35it/s]ddim-sample:  56%|█████▌    | 28/50 [00:00<00:00, 130.36it/s]ddim-sample:  84%|████████▍ | 42/50 [00:00<00:00, 130.15it/s]                                                             ddim-sample:   0%|          | 0/50 [00:00<?, ?it/s]ddim-sample:  28%|██▊       | 14/50 [00:00<00:00, 134.45it/s]ddim-sample:  56%|█████▌    | 28/50 [00:00<00:00, 134.32it/s]ddim-sample:  84%|████████▍ | 42/50 [00:00<00:00, 134.26it/s]                                                             ddim-sample:   0%|          | 0/50 [00:00<?, ?it/s]ddim-sample:  28%|██▊       | 14/50 [00:00<00:00, 133.68it/s]ddim-sample:  56%|█████▌    | 28/50 [00:00<00:00, 133.03it/s]ddim-sample:  84%|████████▍ | 42/50 [00:00<00:00, 132.55it/s]                                                             ddim-sample:   0%|          | 0/50 [00:00<?, ?it/s]ddim-sample:  28%|██▊       | 14/50 [00:00<00:00, 130.50it/s]ddim-sample:  56%|█████▌    | 28/50 [00:00<00:00, 129.51it/s]ddim-sample:  82%|████████▏ | 41/50 [00:00<00:00, 129.20it/s]                                                             ddim-sample:   0%|          | 0/50 [00:00<?, ?it/s]ddim-sample:  28%|██▊       | 14/50 [00:00<00:00, 130.55it/s]ddim-sample:  56%|█████▌    | 28/50 [00:00<00:00, 130.27it/s]ddim-sample:  84%|████████▍ | 42/50 [00:00<00:00, 130.23it/s]                                                             ddim-sample:   0%|          | 0/50 [00:00<?, ?it/s]ddim-sample:  28%|██▊       | 14/50 [00:00<00:00, 133.93it/s]ddim-sample:  56%|█████▌    | 28/50 [00:00<00:00, 133.85it/s]ddim-sample:  84%|████████▍ | 42/50 [00:00<00:00, 133.65it/s]                                                             ddim-sample:   0%|          | 0/50 [00:00<?, ?it/s]ddim-sample:  28%|██▊       | 14/50 [00:00<00:00, 133.16it/s]ddim-sample:  56%|█████▌    | 28/50 [00:00<00:00, 132.06it/s]ddim-sample:  84%|████████▍ | 42/50 [00:00<00:00, 131.48it/s]                                                             ddim-sample:   0%|          | 0/50 [00:00<?, ?it/s]ddim-sample:  28%|██▊       | 14/50 [00:00<00:00, 130.96it/s]ddim-sample:  56%|█████▌    | 28/50 [00:00<00:00, 130.48it/s]ddim-sample:  84%|████████▍ | 42/50 [00:00<00:00, 130.18it/s]                                                             ddim-sample:   0%|          | 0/50 [00:00<?, ?it/s]ddim-sample:  28%|██▊       | 14/50 [00:00<00:00, 130.35it/s]ddim-sample:  56%|█████▌    | 28/50 [00:00<00:00, 130.18it/s]ddim-sample:  84%|████████▍ | 42/50 [00:00<00:00, 129.44it/s]                                                             ddim-sample:   0%|          | 0/50 [00:00<?, ?it/s]ddim-sample:  28%|██▊       | 14/50 [00:00<00:00, 134.34it/s]ddim-sample:  56%|█████▌    | 28/50 [00:00<00:00, 134.20it/s]ddim-sample:  84%|████████▍ | 42/50 [00:00<00:00, 134.24it/s]                                                             ddim-sample:   0%|          | 0/50 [00:00<?, ?it/s]ddim-sample:  28%|██▊       | 14/50 [00:00<00:00, 134.15it/s]ddim-sample:  56%|█████▌    | 28/50 [00:00<00:00, 132.99it/s]ddim-sample:  84%|████████▍ | 42/50 [00:00<00:00, 132.40it/s]                                                             ddim-sample:   0%|          | 0/50 [00:00<?, ?it/s]ddim-sample:  28%|██▊       | 14/50 [00:00<00:00, 132.25it/s]ddim-sample:  56%|█████▌    | 28/50 [00:00<00:00, 131.66it/s]ddim-sample:  84%|████████▍ | 42/50 [00:00<00:00, 130.98it/s]                                                             ddim-sample:   0%|          | 0/50 [00:00<?, ?it/s]ddim-sample:  26%|██▌       | 13/50 [00:00<00:00, 129.54it/s]ddim-sample:  52%|█████▏    | 26/50 [00:00<00:00, 129.79it/s]ddim-sample:  78%|███████▊  | 39/50 [00:00<00:00, 128.96it/s]                                                             ddim-sample:   0%|          | 0/50 [00:00<?, ?it/s]ddim-sample:  28%|██▊       | 14/50 [00:00<00:00, 133.68it/s]ddim-sample:  56%|█████▌    | 28/50 [00:00<00:00, 134.20it/s]ddim-sample:  84%|████████▍ | 42/50 [00:00<00:00, 134.39it/s]                                                             ddim-sample:   0%|          | 0/50 [00:00<?, ?it/s]ddim-sample:  28%|██▊       | 14/50 [00:00<00:00, 133.13it/s]ddim-sample:  56%|█████▌    | 28/50 [00:00<00:00, 131.90it/s]ddim-sample:  84%|████████▍ | 42/50 [00:00<00:00, 131.23it/s]                                                             ddim-sample:   0%|          | 0/50 [00:00<?, ?it/s]ddim-sample:  28%|██▊       | 14/50 [00:00<00:00, 130.39it/s]ddim-sample:  56%|█████▌    | 28/50 [00:00<00:00, 130.31it/s]ddim-sample:  84%|████████▍ | 42/50 [00:00<00:00, 130.48it/s]                                                             ddim-sample:   0%|          | 0/50 [00:00<?, ?it/s]ddim-sample:  28%|██▊       | 14/50 [00:00<00:00, 130.16it/s]ddim-sample:  56%|█████▌    | 28/50 [00:00<00:00, 130.00it/s]ddim-sample:  82%|████████▏ | 41/50 [00:00<00:00, 129.68it/s]                                                             ddim-sample:   0%|          | 0/50 [00:00<?, ?it/s]ddim-sample:  28%|██▊       | 14/50 [00:00<00:00, 132.66it/s]ddim-sample:  56%|█████▌    | 28/50 [00:00<00:00, 132.65it/s]ddim-sample:  84%|████████▍ | 42/50 [00:00<00:00, 132.36it/s]                                                             ddim-sample:   0%|          | 0/50 [00:00<?, ?it/s]ddim-sample:  28%|██▊       | 14/50 [00:00<00:00, 131.86it/s]ddim-sample:  56%|█████▌    | 28/50 [00:00<00:00, 131.41it/s]ddim-sample:  84%|████████▍ | 42/50 [00:00<00:00, 131.45it/s]                                                             ddim-sample:   0%|          | 0/50 [00:00<?, ?it/s]ddim-sample:  28%|██▊       | 14/50 [00:00<00:00, 131.52it/s]ddim-sample:  56%|█████▌    | 28/50 [00:00<00:00, 130.41it/s]ddim-sample:  84%|████████▍ | 42/50 [00:00<00:00, 130.04it/s]                                                             ddim-sample:   0%|          | 0/50 [00:00<?, ?it/s]ddim-sample:  28%|██▊       | 14/50 [00:00<00:00, 130.06it/s]ddim-sample:  56%|█████▌    | 28/50 [00:00<00:00, 130.00it/s]ddim-sample:  84%|████████▍ | 42/50 [00:00<00:00, 129.93it/s]                                                             ddim-sample:   0%|          | 0/50 [00:00<?, ?it/s]ddim-sample:  28%|██▊       | 14/50 [00:00<00:00, 134.10it/s]ddim-sample:  56%|█████▌    | 28/50 [00:00<00:00, 134.61it/s]ddim-sample:  84%|████████▍ | 42/50 [00:00<00:00, 134.71it/s]                                                             ddim-sample:   0%|          | 0/50 [00:00<?, ?it/s]ddim-sample:  28%|██▊       | 14/50 [00:00<00:00, 134.58it/s]ddim-sample:  56%|█████▌    | 28/50 [00:00<00:00, 132.78it/s]ddim-sample:  84%|████████▍ | 42/50 [00:00<00:00, 131.17it/s]                                                             ddim-sample:   0%|          | 0/50 [00:00<?, ?it/s]ddim-sample:  28%|██▊       | 14/50 [00:00<00:00, 131.22it/s]ddim-sample:  56%|█████▌    | 28/50 [00:00<00:00, 130.92it/s]ddim-sample:  84%|████████▍ | 42/50 [00:00<00:00, 129.95it/s]                                                             ddim-sample:   0%|          | 0/50 [00:00<?, ?it/s]ddim-sample:  26%|██▌       | 13/50 [00:00<00:00, 129.32it/s]ddim-sample:  52%|█████▏    | 26/50 [00:00<00:00, 129.05it/s]ddim-sample:  80%|████████  | 40/50 [00:00<00:00, 129.74it/s]                                                             ddim-sample:   0%|          | 0/50 [00:00<?, ?it/s]ddim-sample:  28%|██▊       | 14/50 [00:00<00:00, 133.04it/s]ddim-sample:  56%|█████▌    | 28/50 [00:00<00:00, 133.08it/s]ddim-sample:  84%|████████▍ | 42/50 [00:00<00:00, 133.41it/s]                                                             ddim-sample:   0%|          | 0/50 [00:00<?, ?it/s]ddim-sample:  28%|██▊       | 14/50 [00:00<00:00, 133.68it/s]ddim-sample:  56%|█████▌    | 28/50 [00:00<00:00, 130.34it/s]ddim-sample:  84%|████████▍ | 42/50 [00:00<00:00, 129.90it/s]                                                             ddim-sample:   0%|          | 0/50 [00:00<?, ?it/s]ddim-sample:  28%|██▊       | 14/50 [00:00<00:00, 130.37it/s]ddim-sample:  56%|█████▌    | 28/50 [00:00<00:00, 130.35it/s]ddim-sample:  84%|████████▍ | 42/50 [00:00<00:00, 129.96it/s]                                                             ddim-sample:   0%|          | 0/50 [00:00<?, ?it/s]ddim-sample:  26%|██▌       | 13/50 [00:00<00:00, 127.53it/s]ddim-sample:  52%|█████▏    | 26/50 [00:00<00:00, 127.82it/s]ddim-sample:  78%|███████▊  | 39/50 [00:00<00:00, 128.42it/s]                                                             ddim-sample:   0%|          | 0/50 [00:00<?, ?it/s]ddim-sample:  28%|██▊       | 14/50 [00:00<00:00, 134.08it/s]ddim-sample:  56%|█████▌    | 28/50 [00:00<00:00, 134.16it/s]ddim-sample:  84%|████████▍ | 42/50 [00:00<00:00, 134.11it/s]                                                             ddim-sample:   0%|          | 0/50 [00:00<?, ?it/s]ddim-sample:  28%|██▊       | 14/50 [00:00<00:00, 132.86it/s]ddim-sample:  56%|█████▌    | 28/50 [00:00<00:00, 132.56it/s]ddim-sample:  84%|████████▍ | 42/50 [00:00<00:00, 131.90it/s]                                                             ddim-sample:   0%|          | 0/50 [00:00<?, ?it/s]ddim-sample:  26%|██▌       | 13/50 [00:00<00:00, 129.62it/s]ddim-sample:  52%|█████▏    | 26/50 [00:00<00:00, 129.41it/s]ddim-sample:  78%|███████▊  | 39/50 [00:00<00:00, 129.50it/s]                                                             ddim-sample:   0%|          | 0/50 [00:00<?, ?it/s]ddim-sample:  26%|██▌       | 13/50 [00:00<00:00, 129.57it/s]ddim-sample:  52%|█████▏    | 26/50 [00:00<00:00, 129.33it/s]ddim-sample:  78%|███████▊  | 39/50 [00:00<00:00, 129.55it/s]                                                             ddim-sample:   0%|          | 0/50 [00:00<?, ?it/s]ddim-sample:  28%|██▊       | 14/50 [00:00<00:00, 134.87it/s]ddim-sample:  56%|█████▌    | 28/50 [00:00<00:00, 134.64it/s]ddim-sample:  84%|████████▍ | 42/50 [00:00<00:00, 134.57it/s]                                                             ddim-sample:   0%|          | 0/50 [00:00<?, ?it/s]ddim-sample:  28%|██▊       | 14/50 [00:00<00:00, 132.46it/s]ddim-sample:  56%|█████▌    | 28/50 [00:00<00:00, 131.73it/s]ddim-sample:  84%|████████▍ | 42/50 [00:00<00:00, 131.54it/s]                                                             ddim-sample:   0%|          | 0/50 [00:00<?, ?it/s]ddim-sample:  28%|██▊       | 14/50 [00:00<00:00, 131.13it/s]ddim-sample:  56%|█████▌    | 28/50 [00:00<00:00, 129.98it/s]ddim-sample:  82%|████████▏ | 41/50 [00:00<00:00, 129.80it/s]                                                             ddim-sample:   0%|          | 0/50 [00:00<?, ?it/s]ddim-sample:  26%|██▌       | 13/50 [00:00<00:00, 129.73it/s]ddim-sample:  52%|█████▏    | 26/50 [00:00<00:00, 129.24it/s]ddim-sample:  78%|███████▊  | 39/50 [00:00<00:00, 129.02it/s]                                                             ddim-sample:   0%|          | 0/50 [00:00<?, ?it/s]ddim-sample:  28%|██▊       | 14/50 [00:00<00:00, 134.11it/s]ddim-sample:  56%|█████▌    | 28/50 [00:00<00:00, 134.00it/s]ddim-sample:  84%|████████▍ | 42/50 [00:00<00:00, 133.93it/s]                                                             ddim-sample:   0%|          | 0/50 [00:00<?, ?it/s]ddim-sample:  28%|██▊       | 14/50 [00:00<00:00, 133.84it/s]ddim-sample:  56%|█████▌    | 28/50 [00:00<00:00, 132.46it/s]ddim-sample:  84%|████████▍ | 42/50 [00:00<00:00, 132.10it/s]                                                             ddim-sample:   0%|          | 0/50 [00:00<?, ?it/s]ddim-sample:  28%|██▊       | 14/50 [00:00<00:00, 130.26it/s]ddim-sample:  56%|█████▌    | 28/50 [00:00<00:00, 129.55it/s]ddim-sample:  82%|████████▏ | 41/50 [00:00<00:00, 129.46it/s]                                                             ddim-sample:   0%|          | 0/50 [00:00<?, ?it/s]ddim-sample:  26%|██▌       | 13/50 [00:00<00:00, 129.03it/s]ddim-sample:  52%|█████▏    | 26/50 [00:00<00:00, 129.20it/s]ddim-sample:  78%|███████▊  | 39/50 [00:00<00:00, 129.00it/s]                                                             ddim-sample:   0%|          | 0/50 [00:00<?, ?it/s]ddim-sample:  28%|██▊       | 14/50 [00:00<00:00, 132.08it/s]ddim-sample:  56%|█████▌    | 28/50 [00:00<00:00, 132.25it/s]ddim-sample:  84%|████████▍ | 42/50 [00:00<00:00, 132.56it/s]                                                             ddim-sample:   0%|          | 0/50 [00:00<?, ?it/s]ddim-sample:  28%|██▊       | 14/50 [00:00<00:00, 133.13it/s]ddim-sample:  56%|█████▌    | 28/50 [00:00<00:00, 132.66it/s]ddim-sample:  84%|████████▍ | 42/50 [00:00<00:00, 131.94it/s]                                                             ddim-sample:   0%|          | 0/50 [00:00<?, ?it/s]ddim-sample:  28%|██▊       | 14/50 [00:00<00:00, 130.35it/s]ddim-sample:  56%|█████▌    | 28/50 [00:00<00:00, 129.57it/s]ddim-sample:  82%|████████▏ | 41/50 [00:00<00:00, 129.21it/s]                                                             ddim-sample:   0%|          | 0/50 [00:00<?, ?it/s]ddim-sample:  26%|██▌       | 13/50 [00:00<00:00, 129.07it/s]ddim-sample:  52%|█████▏    | 26/50 [00:00<00:00, 128.82it/s]ddim-sample:  78%|███████▊  | 39/50 [00:00<00:00, 128.89it/s]                                                             ddim-sample:   0%|          | 0/50 [00:00<?, ?it/s]ddim-sample:  28%|██▊       | 14/50 [00:00<00:00, 134.06it/s]ddim-sample:  56%|█████▌    | 28/50 [00:00<00:00, 133.98it/s]ddim-sample:  84%|████████▍ | 42/50 [00:00<00:00, 133.97it/s]                                                             ddim-sample:   0%|          | 0/50 [00:00<?, ?it/s]ddim-sample:  28%|██▊       | 14/50 [00:00<00:00, 133.27it/s]ddim-sample:  56%|█████▌    | 28/50 [00:00<00:00, 132.59it/s]ddim-sample:  84%|████████▍ | 42/50 [00:00<00:00, 131.57it/s]                                                             ddim-sample:   0%|          | 0/50 [00:00<?, ?it/s]ddim-sample:  26%|██▌       | 13/50 [00:00<00:00, 128.92it/s]ddim-sample:  52%|█████▏    | 26/50 [00:00<00:00, 128.95it/s]ddim-sample:  78%|███████▊  | 39/50 [00:00<00:00, 129.22it/s]                                                             ddim-sample:   0%|          | 0/50 [00:00<?, ?it/s]ddim-sample:  26%|██▌       | 13/50 [00:00<00:00, 129.51it/s]ddim-sample:  52%|█████▏    | 26/50 [00:00<00:00, 129.40it/s]ddim-sample:  78%|███████▊  | 39/50 [00:00<00:00, 129.43it/s]                                                             ddim-sample:   0%|          | 0/50 [00:00<?, ?it/s]ddim-sample:  28%|██▊       | 14/50 [00:00<00:00, 134.60it/s]ddim-sample:  56%|█████▌    | 28/50 [00:00<00:00, 134.35it/s]ddim-sample:  84%|████████▍ | 42/50 [00:00<00:00, 134.28it/s]                                                             ddim-sample:   0%|          | 0/50 [00:00<?, ?it/s]ddim-sample:  28%|██▊       | 14/50 [00:00<00:00, 133.20it/s]ddim-sample:  56%|█████▌    | 28/50 [00:00<00:00, 132.90it/s]ddim-sample:  84%|████████▍ | 42/50 [00:00<00:00, 131.98it/s]                                                             ddim-sample:   0%|          | 0/50 [00:00<?, ?it/s]ddim-sample:  28%|██▊       | 14/50 [00:00<00:00, 130.01it/s]ddim-sample:  56%|█████▌    | 28/50 [00:00<00:00, 129.98it/s]ddim-sample:  84%|████████▍ | 42/50 [00:00<00:00, 130.11it/s]                                                             ddim-sample:   0%|          | 0/50 [00:00<?, ?it/s]ddim-sample:  28%|██▊       | 14/50 [00:00<00:00, 130.18it/s]ddim-sample:  56%|█████▌    | 28/50 [00:00<00:00, 130.02it/s]ddim-sample:  84%|████████▍ | 42/50 [00:00<00:00, 129.58it/s]                                                             ddim-sample:   0%|          | 0/50 [00:00<?, ?it/s]ddim-sample:  28%|██▊       | 14/50 [00:00<00:00, 133.96it/s]ddim-sample:  56%|█████▌    | 28/50 [00:00<00:00, 134.02it/s]ddim-sample:  84%|████████▍ | 42/50 [00:00<00:00, 133.93it/s]                                                             ddim-sample:   0%|          | 0/50 [00:00<?, ?it/s]ddim-sample:  28%|██▊       | 14/50 [00:00<00:00, 133.40it/s]ddim-sample:  56%|█████▌    | 28/50 [00:00<00:00, 130.08it/s]ddim-sample:  84%|████████▍ | 42/50 [00:00<00:00, 129.56it/s]                                                             ddim-sample:   0%|          | 0/50 [00:00<?, ?it/s]ddim-sample:  26%|██▌       | 13/50 [00:00<00:00, 128.46it/s]ddim-sample:  52%|█████▏    | 26/50 [00:00<00:00, 129.17it/s]ddim-sample:  78%|███████▊  | 39/50 [00:00<00:00, 129.51it/s]                                                             ddim-sample:   0%|          | 0/50 [00:00<?, ?it/s]ddim-sample:  26%|██▌       | 13/50 [00:00<00:00, 128.54it/s]ddim-sample:  52%|█████▏    | 26/50 [00:00<00:00, 128.79it/s]ddim-sample:  78%|███████▊  | 39/50 [00:00<00:00, 128.83it/s]                                                             ddim-sample:   0%|          | 0/50 [00:00<?, ?it/s]ddim-sample:  28%|██▊       | 14/50 [00:00<00:00, 130.79it/s]ddim-sample:  56%|█████▌    | 28/50 [00:00<00:00, 130.81it/s]ddim-sample:  84%|████████▍ | 42/50 [00:00<00:00, 131.77it/s]                                                             ddim-sample:   0%|          | 0/50 [00:00<?, ?it/s]ddim-sample:  28%|██▊       | 14/50 [00:00<00:00, 132.72it/s]ddim-sample:  56%|█████▌    | 28/50 [00:00<00:00, 132.18it/s]ddim-sample:  84%|████████▍ | 42/50 [00:00<00:00, 131.82it/s]                                                             ddim-sample:   0%|          | 0/50 [00:00<?, ?it/s]ddim-sample:  28%|██▊       | 14/50 [00:00<00:00, 130.24it/s]ddim-sample:  56%|█████▌    | 28/50 [00:00<00:00, 128.90it/s]ddim-sample:  82%|████████▏ | 41/50 [00:00<00:00, 128.56it/s]                                                             ddim-sample:   0%|          | 0/50 [00:00<?, ?it/s]ddim-sample:  26%|██▌       | 13/50 [00:00<00:00, 128.06it/s]ddim-sample:  52%|█████▏    | 26/50 [00:00<00:00, 128.07it/s]ddim-sample:  78%|███████▊  | 39/50 [00:00<00:00, 128.13it/s]                                                             ddim-sample:   0%|          | 0/50 [00:00<?, ?it/s]ddim-sample:  28%|██▊       | 14/50 [00:00<00:00, 133.91it/s]ddim-sample:  56%|█████▌    | 28/50 [00:00<00:00, 134.14it/s]ddim-sample:  84%|████████▍ | 42/50 [00:00<00:00, 133.75it/s]                                                             ddim-sample:   0%|          | 0/50 [00:00<?, ?it/s]ddim-sample:  28%|██▊       | 14/50 [00:00<00:00, 132.75it/s]ddim-sample:  56%|█████▌    | 28/50 [00:00<00:00, 132.35it/s]ddim-sample:  84%|████████▍ | 42/50 [00:00<00:00, 131.67it/s]                                                             ddim-sample:   0%|          | 0/50 [00:00<?, ?it/s]ddim-sample:  26%|██▌       | 13/50 [00:00<00:00, 129.03it/s]ddim-sample:  52%|█████▏    | 26/50 [00:00<00:00, 126.92it/s]ddim-sample:  78%|███████▊  | 39/50 [00:00<00:00, 125.30it/s]                                                             ddim-sample:   0%|          | 0/50 [00:00<?, ?it/s]ddim-sample:  26%|██▌       | 13/50 [00:00<00:00, 129.59it/s]ddim-sample:  52%|█████▏    | 26/50 [00:00<00:00, 128.39it/s]ddim-sample:  78%|███████▊  | 39/50 [00:00<00:00, 127.62it/s]                                                             ddim-sample:   0%|          | 0/50 [00:00<?, ?it/s]ddim-sample:  28%|██▊       | 14/50 [00:00<00:00, 132.83it/s]ddim-sample:  56%|█████▌    | 28/50 [00:00<00:00, 133.53it/s]ddim-sample:  84%|████████▍ | 42/50 [00:00<00:00, 132.81it/s]                                                             ddim-sample:   0%|          | 0/50 [00:00<?, ?it/s]ddim-sample:  28%|██▊       | 14/50 [00:00<00:00, 132.48it/s]ddim-sample:  56%|█████▌    | 28/50 [00:00<00:00, 131.95it/s]ddim-sample:  84%|████████▍ | 42/50 [00:00<00:00, 131.08it/s]                                                             ddim-sample:   0%|          | 0/50 [00:00<?, ?it/s]ddim-sample:  26%|██▌       | 13/50 [00:00<00:00, 128.67it/s]ddim-sample:  52%|█████▏    | 26/50 [00:00<00:00, 127.93it/s]ddim-sample:  78%|███████▊  | 39/50 [00:00<00:00, 127.89it/s]                                                             ddim-sample:   0%|          | 0/50 [00:00<?, ?it/s]ddim-sample:  26%|██▌       | 13/50 [00:00<00:00, 126.99it/s]ddim-sample:  52%|█████▏    | 26/50 [00:00<00:00, 127.70it/s]ddim-sample:  78%|███████▊  | 39/50 [00:00<00:00, 127.72it/s]                                                             ddim-sample:   0%|          | 0/50 [00:00<?, ?it/s]ddim-sample:  28%|██▊       | 14/50 [00:00<00:00, 134.71it/s]ddim-sample:  56%|█████▌    | 28/50 [00:00<00:00, 134.57it/s]ddim-sample:  84%|████████▍ | 42/50 [00:00<00:00, 134.43it/s]                                                             ddim-sample:   0%|          | 0/50 [00:00<?, ?it/s]ddim-sample:  28%|██▊       | 14/50 [00:00<00:00, 131.20it/s]ddim-sample:  56%|█████▌    | 28/50 [00:00<00:00, 131.32it/s]ddim-sample:  84%|████████▍ | 42/50 [00:00<00:00, 130.26it/s]                                                             ddim-sample:   0%|          | 0/50 [00:00<?, ?it/s]ddim-sample:  26%|██▌       | 13/50 [00:00<00:00, 127.92it/s]ddim-sample:  52%|█████▏    | 26/50 [00:00<00:00, 127.88it/s]ddim-sample:  78%|███████▊  | 39/50 [00:00<00:00, 128.09it/s]                                                             ddim-sample:   0%|          | 0/50 [00:00<?, ?it/s]ddim-sample:  26%|██▌       | 13/50 [00:00<00:00, 128.47it/s]ddim-sample:  52%|█████▏    | 26/50 [00:00<00:00, 127.91it/s]ddim-sample:  78%|███████▊  | 39/50 [00:00<00:00, 128.23it/s]                                                             ddim-sample:   0%|          | 0/50 [00:00<?, ?it/s]ddim-sample:  28%|██▊       | 14/50 [00:00<00:00, 134.65it/s]ddim-sample:  56%|█████▌    | 28/50 [00:00<00:00, 134.33it/s]ddim-sample:  84%|████████▍ | 42/50 [00:00<00:00, 133.54it/s]                                                             ddim-sample:   0%|          | 0/50 [00:00<?, ?it/s]ddim-sample:  26%|██▌       | 13/50 [00:00<00:00, 129.11it/s]ddim-sample:  52%|█████▏    | 26/50 [00:00<00:00, 128.66it/s]ddim-sample:  78%|███████▊  | 39/50 [00:00<00:00, 129.01it/s]                                                             ddim-sample:   0%|          | 0/50 [00:00<?, ?it/s]ddim-sample:  26%|██▌       | 13/50 [00:00<00:00, 128.96it/s]ddim-sample:  52%|█████▏    | 26/50 [00:00<00:00, 128.86it/s]ddim-sample:  78%|███████▊  | 39/50 [00:00<00:00, 128.84it/s]                                                             ddim-sample:   0%|          | 0/50 [00:00<?, ?it/s]ddim-sample:  26%|██▌       | 13/50 [00:00<00:00, 129.06it/s]ddim-sample:  52%|█████▏    | 26/50 [00:00<00:00, 129.13it/s]ddim-sample:  78%|███████▊  | 39/50 [00:00<00:00, 129.14it/s]                                                             ddim-sample:   0%|          | 0/50 [00:00<?, ?it/s]ddim-sample:  28%|██▊       | 14/50 [00:00<00:00, 130.52it/s]ddim-sample:  56%|█████▌    | 28/50 [00:00<00:00, 131.21it/s]ddim-sample:  84%|████████▍ | 42/50 [00:00<00:00, 131.36it/s]                                                             ddim-sample:   0%|          | 0/50 [00:00<?, ?it/s]ddim-sample:  28%|██▊       | 14/50 [00:00<00:00, 129.84it/s]ddim-sample:  54%|█████▍    | 27/50 [00:00<00:00, 126.52it/s]ddim-sample:  80%|████████  | 40/50 [00:00<00:00, 126.18it/s]                                                             ddim-sample:   0%|          | 0/50 [00:00<?, ?it/s]ddim-sample:  26%|██▌       | 13/50 [00:00<00:00, 127.50it/s]ddim-sample:  52%|█████▏    | 26/50 [00:00<00:00, 125.41it/s]ddim-sample:  78%|███████▊  | 39/50 [00:00<00:00, 125.22it/s]                                                             ddim-sample:   0%|          | 0/50 [00:00<?, ?it/s]ddim-sample:  26%|██▌       | 13/50 [00:00<00:00, 127.81it/s]ddim-sample:  52%|█████▏    | 26/50 [00:00<00:00, 127.91it/s]ddim-sample:  78%|███████▊  | 39/50 [00:00<00:00, 127.61it/s]                                                             ddim-sample:   0%|          | 0/50 [00:00<?, ?it/s]ddim-sample:  28%|██▊       | 14/50 [00:00<00:00, 133.79it/s]ddim-sample:  56%|█████▌    | 28/50 [00:00<00:00, 133.89it/s]ddim-sample:  84%|████████▍ | 42/50 [00:00<00:00, 133.65it/s]                                                             ddim-sample:   0%|          | 0/50 [00:00<?, ?it/s]ddim-sample:  28%|██▊       | 14/50 [00:00<00:00, 131.34it/s]ddim-sample:  56%|█████▌    | 28/50 [00:00<00:00, 130.76it/s]ddim-sample:  84%|████████▍ | 42/50 [00:00<00:00, 129.29it/s]                                                             ddim-sample:   0%|          | 0/50 [00:00<?, ?it/s]ddim-sample:  26%|██▌       | 13/50 [00:00<00:00, 127.75it/s]ddim-sample:  52%|█████▏    | 26/50 [00:00<00:00, 127.80it/s]ddim-sample:  78%|███████▊  | 39/50 [00:00<00:00, 127.90it/s]                                                             ddim-sample:   0%|          | 0/50 [00:00<?, ?it/s]ddim-sample:  26%|██▌       | 13/50 [00:00<00:00, 127.63it/s]ddim-sample:  52%|█████▏    | 26/50 [00:00<00:00, 127.81it/s]ddim-sample:  78%|███████▊  | 39/50 [00:00<00:00, 127.73it/s]                                                             ddim-sample:   0%|          | 0/50 [00:00<?, ?it/s]ddim-sample:  28%|██▊       | 14/50 [00:00<00:00, 134.17it/s]ddim-sample:  56%|█████▌    | 28/50 [00:00<00:00, 134.24it/s]ddim-sample:  84%|████████▍ | 42/50 [00:00<00:00, 133.48it/s]                                                             ddim-sample:   0%|          | 0/50 [00:00<?, ?it/s]ddim-sample:  28%|██▊       | 14/50 [00:00<00:00, 131.06it/s]ddim-sample:  56%|█████▌    | 28/50 [00:00<00:00, 129.56it/s]ddim-sample:  82%|████████▏ | 41/50 [00:00<00:00, 129.22it/s]                                                             ddim-sample:   0%|          | 0/50 [00:00<?, ?it/s]ddim-sample:  26%|██▌       | 13/50 [00:00<00:00, 129.02it/s]ddim-sample:  52%|█████▏    | 26/50 [00:00<00:00, 129.01it/s]ddim-sample:  78%|███████▊  | 39/50 [00:00<00:00, 129.03it/s]                                                             ddim-sample:   0%|          | 0/50 [00:00<?, ?it/s]ddim-sample:  26%|██▌       | 13/50 [00:00<00:00, 128.48it/s]ddim-sample:  52%|█████▏    | 26/50 [00:00<00:00, 128.37it/s]ddim-sample:  78%|███████▊  | 39/50 [00:00<00:00, 128.67it/s]                                                             ddim-sample:   0%|          | 0/50 [00:00<?, ?it/s]ddim-sample:  28%|██▊       | 14/50 [00:00<00:00, 131.35it/s]ddim-sample:  56%|█████▌    | 28/50 [00:00<00:00, 130.97it/s]ddim-sample:  84%|████████▍ | 42/50 [00:00<00:00, 131.53it/s]                                                             ddim-sample:   0%|          | 0/50 [00:00<?, ?it/s]ddim-sample:  28%|██▊       | 14/50 [00:00<00:00, 130.53it/s]ddim-sample:  56%|█████▌    | 28/50 [00:00<00:00, 129.65it/s]ddim-sample:  82%|████████▏ | 41/50 [00:00<00:00, 128.86it/s]                                                             ddim-sample:   0%|          | 0/50 [00:00<?, ?it/s]ddim-sample:  26%|██▌       | 13/50 [00:00<00:00, 126.18it/s]ddim-sample:  52%|█████▏    | 26/50 [00:00<00:00, 126.69it/s]ddim-sample:  78%|███████▊  | 39/50 [00:00<00:00, 127.06it/s]                                                             ddim-sample:   0%|          | 0/50 [00:00<?, ?it/s]ddim-sample:  26%|██▌       | 13/50 [00:00<00:00, 127.75it/s]ddim-sample:  52%|█████▏    | 26/50 [00:00<00:00, 127.56it/s]ddim-sample:  78%|███████▊  | 39/50 [00:00<00:00, 127.40it/s]                                                             ddim-sample:   0%|          | 0/50 [00:00<?, ?it/s]ddim-sample:  28%|██▊       | 14/50 [00:00<00:00, 133.30it/s]ddim-sample:  56%|█████▌    | 28/50 [00:00<00:00, 133.62it/s]ddim-sample:  84%|████████▍ | 42/50 [00:00<00:00, 133.56it/s]                                                             ddim-sample:   0%|          | 0/50 [00:00<?, ?it/s]ddim-sample:  26%|██▌       | 13/50 [00:00<00:00, 128.79it/s]ddim-sample:  52%|█████▏    | 26/50 [00:00<00:00, 128.83it/s]ddim-sample:  78%|███████▊  | 39/50 [00:00<00:00, 128.75it/s]                                                             ddim-sample:   0%|          | 0/50 [00:00<?, ?it/s]ddim-sample:  26%|██▌       | 13/50 [00:00<00:00, 128.75it/s]ddim-sample:  52%|█████▏    | 26/50 [00:00<00:00, 127.46it/s]ddim-sample:  78%|███████▊  | 39/50 [00:00<00:00, 126.97it/s]                                                             ddim-sample:   0%|          | 0/50 [00:00<?, ?it/s]ddim-sample:  26%|██▌       | 13/50 [00:00<00:00, 128.57it/s]ddim-sample:  52%|█████▏    | 26/50 [00:00<00:00, 128.55it/s]ddim-sample:  78%|███████▊  | 39/50 [00:00<00:00, 128.50it/s]                                                             ddim-sample:   0%|          | 0/50 [00:00<?, ?it/s]ddim-sample:  28%|██▊       | 14/50 [00:00<00:00, 132.07it/s]ddim-sample:  56%|█████▌    | 28/50 [00:00<00:00, 132.04it/s]ddim-sample:  84%|████████▍ | 42/50 [00:00<00:00, 131.61it/s]                                                             ddim-sample:   0%|          | 0/50 [00:00<?, ?it/s]ddim-sample:  26%|██▌       | 13/50 [00:00<00:00, 129.00it/s]ddim-sample:  52%|█████▏    | 26/50 [00:00<00:00, 127.82it/s]ddim-sample:  78%|███████▊  | 39/50 [00:00<00:00, 127.37it/s]                                                             ddim-sample:   0%|          | 0/50 [00:00<?, ?it/s]ddim-sample:  26%|██▌       | 13/50 [00:00<00:00, 127.70it/s]ddim-sample:  52%|█████▏    | 26/50 [00:00<00:00, 127.70it/s]ddim-sample:  78%|███████▊  | 39/50 [00:00<00:00, 127.68it/s]                                                             ddim-sample:   0%|          | 0/50 [00:00<?, ?it/s]ddim-sample:  26%|██▌       | 13/50 [00:00<00:00, 127.36it/s]ddim-sample:  52%|█████▏    | 26/50 [00:00<00:00, 127.43it/s]ddim-sample:  78%|███████▊  | 39/50 [00:00<00:00, 127.56it/s]                                                             ddim-sample:   0%|          | 0/50 [00:00<?, ?it/s]ddim-sample:  28%|██▊       | 14/50 [00:00<00:00, 133.00it/s]ddim-sample:  56%|█████▌    | 28/50 [00:00<00:00, 132.87it/s]ddim-sample:  84%|████████▍ | 42/50 [00:00<00:00, 132.99it/s]                                                             ddim-sample:   0%|          | 0/50 [00:00<?, ?it/s]ddim-sample:  28%|██▊       | 14/50 [00:00<00:00, 131.41it/s]ddim-sample:  56%|█████▌    | 28/50 [00:00<00:00, 130.87it/s]ddim-sample:  84%|████████▍ | 42/50 [00:00<00:00, 129.91it/s]                                                             ddim-sample:   0%|          | 0/50 [00:00<?, ?it/s]ddim-sample:  26%|██▌       | 13/50 [00:00<00:00, 126.24it/s]ddim-sample:  52%|█████▏    | 26/50 [00:00<00:00, 126.24it/s]ddim-sample:  78%|███████▊  | 39/50 [00:00<00:00, 126.90it/s]                                                             ddim-sample:   0%|          | 0/50 [00:00<?, ?it/s]ddim-sample:  26%|██▌       | 13/50 [00:00<00:00, 128.03it/s]ddim-sample:  52%|█████▏    | 26/50 [00:00<00:00, 128.15it/s]ddim-sample:  78%|███████▊  | 39/50 [00:00<00:00, 128.08it/s]                                                             ddim-sample:   0%|          | 0/50 [00:00<?, ?it/s]ddim-sample:  28%|██▊       | 14/50 [00:00<00:00, 134.48it/s]ddim-sample:  56%|█████▌    | 28/50 [00:00<00:00, 133.97it/s]ddim-sample:  84%|████████▍ | 42/50 [00:00<00:00, 133.99it/s]                                                             ddim-sample:   0%|          | 0/50 [00:00<?, ?it/s]ddim-sample:  28%|██▊       | 14/50 [00:00<00:00, 132.26it/s]ddim-sample:  56%|█████▌    | 28/50 [00:00<00:00, 131.83it/s]ddim-sample:  84%|████████▍ | 42/50 [00:00<00:00, 130.76it/s]                                                             ddim-sample:   0%|          | 0/50 [00:00<?, ?it/s]ddim-sample:  26%|██▌       | 13/50 [00:00<00:00, 127.54it/s]ddim-sample:  52%|█████▏    | 26/50 [00:00<00:00, 127.74it/s]ddim-sample:  78%|███████▊  | 39/50 [00:00<00:00, 127.66it/s]                                                             ddim-sample:   0%|          | 0/50 [00:00<?, ?it/s]ddim-sample:  26%|██▌       | 13/50 [00:00<00:00, 128.14it/s]ddim-sample:  52%|█████▏    | 26/50 [00:00<00:00, 128.57it/s]ddim-sample:  78%|███████▊  | 39/50 [00:00<00:00, 127.89it/s]                                                             ddim-sample:   0%|          | 0/50 [00:00<?, ?it/s]ddim-sample:  28%|██▊       | 14/50 [00:00<00:00, 133.63it/s]ddim-sample:  56%|█████▌    | 28/50 [00:00<00:00, 133.48it/s]ddim-sample:  84%|████████▍ | 42/50 [00:00<00:00, 133.56it/s]                                                             ddim-sample:   0%|          | 0/50 [00:00<?, ?it/s]ddim-sample:  28%|██▊       | 14/50 [00:00<00:00, 132.26it/s]ddim-sample:  56%|█████▌    | 28/50 [00:00<00:00, 131.70it/s]ddim-sample:  84%|████████▍ | 42/50 [00:00<00:00, 131.09it/s]                                                             ddim-sample:   0%|          | 0/50 [00:00<?, ?it/s]ddim-sample:  26%|██▌       | 13/50 [00:00<00:00, 127.77it/s]ddim-sample:  52%|█████▏    | 26/50 [00:00<00:00, 127.70it/s]ddim-sample:  78%|███████▊  | 39/50 [00:00<00:00, 128.33it/s]                                                             ddim-sample:   0%|          | 0/50 [00:00<?, ?it/s]ddim-sample:  26%|██▌       | 13/50 [00:00<00:00, 128.17it/s]ddim-sample:  52%|█████▏    | 26/50 [00:00<00:00, 128.04it/s]ddim-sample:  78%|███████▊  | 39/50 [00:00<00:00, 128.56it/s]                                                             ddim-sample:   0%|          | 0/50 [00:00<?, ?it/s]ddim-sample:  28%|██▊       | 14/50 [00:00<00:00, 133.72it/s]ddim-sample:  56%|█████▌    | 28/50 [00:00<00:00, 133.63it/s]ddim-sample:  84%|████████▍ | 42/50 [00:00<00:00, 133.82it/s]                                                             ddim-sample:   0%|          | 0/50 [00:00<?, ?it/s]ddim-sample:  26%|██▌       | 13/50 [00:00<00:00, 128.78it/s]ddim-sample:  52%|█████▏    | 26/50 [00:00<00:00, 128.78it/s]ddim-sample:  78%|███████▊  | 39/50 [00:00<00:00, 128.76it/s]                                                             ddim-sample:   0%|          | 0/50 [00:00<?, ?it/s]ddim-sample:  26%|██▌       | 13/50 [00:00<00:00, 128.79it/s]ddim-sample:  52%|█████▏    | 26/50 [00:00<00:00, 128.83it/s]ddim-sample:  78%|███████▊  | 39/50 [00:00<00:00, 128.91it/s]                                                             ddim-sample:   0%|          | 0/50 [00:00<?, ?it/s]ddim-sample:  26%|██▌       | 13/50 [00:00<00:00, 128.41it/s]ddim-sample:  52%|█████▏    | 26/50 [00:00<00:00, 128.80it/s]ddim-sample:  78%|███████▊  | 39/50 [00:00<00:00, 128.55it/s]                                                             ddim-sample:   0%|          | 0/50 [00:00<?, ?it/s]ddim-sample:  28%|██▊       | 14/50 [00:00<00:00, 133.31it/s]ddim-sample:  56%|█████▌    | 28/50 [00:00<00:00, 133.02it/s]ddim-sample:  84%|████████▍ | 42/50 [00:00<00:00, 132.77it/s]                                                             ddim-sample:   0%|          | 0/50 [00:00<?, ?it/s]ddim-sample:  28%|██▊       | 14/50 [00:00<00:00, 132.11it/s]ddim-sample:  56%|█████▌    | 28/50 [00:00<00:00, 131.74it/s]ddim-sample:  84%|████████▍ | 42/50 [00:00<00:00, 129.91it/s]                                                             ddim-sample:   0%|          | 0/50 [00:00<?, ?it/s]ddim-sample:  26%|██▌       | 13/50 [00:00<00:00, 127.58it/s]ddim-sample:  52%|█████▏    | 26/50 [00:00<00:00, 127.98it/s]ddim-sample:  78%|███████▊  | 39/50 [00:00<00:00, 128.24it/s]                                                             ddim-sample:   0%|          | 0/50 [00:00<?, ?it/s]ddim-sample:  26%|██▌       | 13/50 [00:00<00:00, 128.53it/s]ddim-sample:  52%|█████▏    | 26/50 [00:00<00:00, 128.59it/s]ddim-sample:  78%|███████▊  | 39/50 [00:00<00:00, 128.06it/s]                                                             ddim-sample:   0%|          | 0/50 [00:00<?, ?it/s]ddim-sample:  28%|██▊       | 14/50 [00:00<00:00, 133.52it/s]ddim-sample:  56%|█████▌    | 28/50 [00:00<00:00, 133.47it/s]ddim-sample:  84%|████████▍ | 42/50 [00:00<00:00, 133.37it/s]                                                             ddim-sample:   0%|          | 0/50 [00:00<?, ?it/s]ddim-sample:  28%|██▊       | 14/50 [00:00<00:00, 131.00it/s]ddim-sample:  56%|█████▌    | 28/50 [00:00<00:00, 130.17it/s]ddim-sample:  84%|████████▍ | 42/50 [00:00<00:00, 128.97it/s]                                                             ddim-sample:   0%|          | 0/50 [00:00<?, ?it/s]ddim-sample:  26%|██▌       | 13/50 [00:00<00:00, 129.48it/s]ddim-sample:  54%|█████▍    | 27/50 [00:00<00:00, 129.87it/s]ddim-sample:  80%|████████  | 40/50 [00:00<00:00, 129.05it/s]                                                             ddim-sample:   0%|          | 0/50 [00:00<?, ?it/s]ddim-sample:  26%|██▌       | 13/50 [00:00<00:00, 128.26it/s]ddim-sample:  52%|█████▏    | 26/50 [00:00<00:00, 128.67it/s]ddim-sample:  78%|███████▊  | 39/50 [00:00<00:00, 128.66it/s]                                                             ddim-sample:   0%|          | 0/50 [00:00<?, ?it/s]ddim-sample:  28%|██▊       | 14/50 [00:00<00:00, 134.20it/s]ddim-sample:  56%|█████▌    | 28/50 [00:00<00:00, 134.14it/s]ddim-sample:  84%|████████▍ | 42/50 [00:00<00:00, 134.31it/s]                                                             ddim-sample:   0%|          | 0/50 [00:00<?, ?it/s]ddim-sample:  28%|██▊       | 14/50 [00:00<00:00, 131.15it/s]ddim-sample:  56%|█████▌    | 28/50 [00:00<00:00, 130.08it/s]ddim-sample:  84%|████████▍ | 42/50 [00:00<00:00, 129.16it/s]                                                             ddim-sample:   0%|          | 0/50 [00:00<?, ?it/s]ddim-sample:  26%|██▌       | 13/50 [00:00<00:00, 129.43it/s]ddim-sample:  52%|█████▏    | 26/50 [00:00<00:00, 128.96it/s]ddim-sample:  78%|███████▊  | 39/50 [00:00<00:00, 129.03it/s]                                                             ddim-sample:   0%|          | 0/50 [00:00<?, ?it/s]ddim-sample:  26%|██▌       | 13/50 [00:00<00:00, 129.02it/s]ddim-sample:  52%|█████▏    | 26/50 [00:00<00:00, 129.41it/s]ddim-sample:  78%|███████▊  | 39/50 [00:00<00:00, 128.84it/s]                                                             ddim-sample:   0%|          | 0/50 [00:00<?, ?it/s]ddim-sample:  28%|██▊       | 14/50 [00:00<00:00, 133.75it/s]ddim-sample:  56%|█████▌    | 28/50 [00:00<00:00, 133.55it/s]ddim-sample:  84%|████████▍ | 42/50 [00:00<00:00, 133.74it/s]                                                             ddim-sample:   0%|          | 0/50 [00:00<?, ?it/s]ddim-sample:  28%|██▊       | 14/50 [00:00<00:00, 132.41it/s]ddim-sample:  56%|█████▌    | 28/50 [00:00<00:00, 131.24it/s]ddim-sample:  84%|████████▍ | 42/50 [00:00<00:00, 130.79it/s]                                                             ddim-sample:   0%|          | 0/50 [00:00<?, ?it/s]ddim-sample:  26%|██▌       | 13/50 [00:00<00:00, 129.87it/s]ddim-sample:  52%|█████▏    | 26/50 [00:00<00:00, 129.63it/s]ddim-sample:  78%|███████▊  | 39/50 [00:00<00:00, 129.53it/s]                                                             ddim-sample:   0%|          | 0/50 [00:00<?, ?it/s]ddim-sample:  26%|██▌       | 13/50 [00:00<00:00, 127.74it/s]ddim-sample:  52%|█████▏    | 26/50 [00:00<00:00, 127.70it/s]ddim-sample:  78%|███████▊  | 39/50 [00:00<00:00, 127.60it/s]                                                             ddim-sample:   0%|          | 0/50 [00:00<?, ?it/s]ddim-sample:  26%|██▌       | 13/50 [00:00<00:00, 129.60it/s]ddim-sample:  54%|█████▍    | 27/50 [00:00<00:00, 130.73it/s]ddim-sample:  82%|████████▏ | 41/50 [00:00<00:00, 131.49it/s]                                                             ddim-sample:   0%|          | 0/50 [00:00<?, ?it/s]ddim-sample:  28%|██▊       | 14/50 [00:00<00:00, 131.37it/s]ddim-sample:  56%|█████▌    | 28/50 [00:00<00:00, 129.24it/s]ddim-sample:  82%|████████▏ | 41/50 [00:00<00:00, 128.54it/s]                                                             ddim-sample:   0%|          | 0/50 [00:00<?, ?it/s]ddim-sample:  26%|██▌       | 13/50 [00:00<00:00, 127.95it/s]ddim-sample:  52%|█████▏    | 26/50 [00:00<00:00, 128.13it/s]ddim-sample:  78%|███████▊  | 39/50 [00:00<00:00, 128.12it/s]                                                             ddim-sample:   0%|          | 0/50 [00:00<?, ?it/s]ddim-sample:  26%|██▌       | 13/50 [00:00<00:00, 128.02it/s]ddim-sample:  52%|█████▏    | 26/50 [00:00<00:00, 128.04it/s]ddim-sample:  78%|███████▊  | 39/50 [00:00<00:00, 127.95it/s]                                                             ddim-sample:   0%|          | 0/50 [00:00<?, ?it/s]ddim-sample:  28%|██▊       | 14/50 [00:00<00:00, 133.17it/s]ddim-sample:  56%|█████▌    | 28/50 [00:00<00:00, 133.46it/s]ddim-sample:  84%|████████▍ | 42/50 [00:00<00:00, 133.49it/s]                                                             ddim-sample:   0%|          | 0/50 [00:00<?, ?it/s]ddim-sample:  26%|██▌       | 13/50 [00:00<00:00, 129.95it/s]ddim-sample:  52%|█████▏    | 26/50 [00:00<00:00, 127.37it/s]ddim-sample:  78%|███████▊  | 39/50 [00:00<00:00, 127.12it/s]                                                             ddim-sample:   0%|          | 0/50 [00:00<?, ?it/s]ddim-sample:  26%|██▌       | 13/50 [00:00<00:00, 128.07it/s]ddim-sample:  52%|█████▏    | 26/50 [00:00<00:00, 129.07it/s]ddim-sample:  78%|███████▊  | 39/50 [00:00<00:00, 128.78it/s]                                                             ddim-sample:   0%|          | 0/50 [00:00<?, ?it/s]ddim-sample:  26%|██▌       | 13/50 [00:00<00:00, 127.41it/s]ddim-sample:  52%|█████▏    | 26/50 [00:00<00:00, 127.45it/s]ddim-sample:  78%|███████▊  | 39/50 [00:00<00:00, 127.28it/s]                                                             ddim-sample:   0%|          | 0/50 [00:00<?, ?it/s]ddim-sample:  28%|██▊       | 14/50 [00:00<00:00, 133.44it/s]ddim-sample:  56%|█████▌    | 28/50 [00:00<00:00, 133.76it/s]ddim-sample:  84%|████████▍ | 42/50 [00:00<00:00, 133.68it/s]                                                             ddim-sample:   0%|          | 0/50 [00:00<?, ?it/s]ddim-sample:  28%|██▊       | 14/50 [00:00<00:00, 131.70it/s]ddim-sample:  56%|█████▌    | 28/50 [00:00<00:00, 130.28it/s]ddim-sample:  84%|████████▍ | 42/50 [00:00<00:00, 129.19it/s]                                                             ddim-sample:   0%|          | 0/50 [00:00<?, ?it/s]ddim-sample:  26%|██▌       | 13/50 [00:00<00:00, 127.74it/s]ddim-sample:  52%|█████▏    | 26/50 [00:00<00:00, 128.03it/s]ddim-sample:  78%|███████▊  | 39/50 [00:00<00:00, 127.95it/s]                                                             ddim-sample:   0%|          | 0/50 [00:00<?, ?it/s]ddim-sample:  26%|██▌       | 13/50 [00:00<00:00, 127.91it/s]ddim-sample:  52%|█████▏    | 26/50 [00:00<00:00, 127.97it/s]ddim-sample:  78%|███████▊  | 39/50 [00:00<00:00, 127.57it/s]                                                             [eval-ddpm] PSNR in/base/final: 25.31 / 30.96 / 30.41  MAE in/base/final: 0.0466 / 0.0223 / 0.0238
[eval-ddpm] mask_area_fraction=0.8914  inside_mask_mae=0.0268  inside_mask_psnr=28.81  outside_mask_max_diff=0.00000000  outside_mask_mae_to_base=0.00000000
[eval-ddpm] uncertainty inside/outside: 0.00101521 / 0.00000000
[eval-ddpm] by degradation_type (PSNR in -> base -> final):
  blur_downsample_upsample     n=160  in=33.05  base=35.50  final=34.09
  lowfreq_atmospheric_bias     n=144  in=21.16  base=28.67  final=28.37
  mask_dropout                 n= 63  in=24.44  base=34.82  final=34.86
  mixed_structured             n=145  in=21.28  base=26.54  final=26.43
[eval-ddpm] wrote 256 grids and outputs/ddpm_masked_completion_hard_10k_eval_ddim/metrics.json
===== DONE =====
