===== TRAIN HARD U-NET =====
[train] degradation_profile=hard  types=['speckle_multiplicative', 'blur', 'downsample_upsample', 'blur_downsample_upsample', 'lowfreq_atmospheric_bias', 'mixed_structured', 'gaussian_additive', 'mask_dropout']
[train] fixed val samples cached: 8 kinds=['speckle_multiplicative', 'speckle_multiplicative', 'mixed_structured', 'lowfreq_atmospheric_bias', 'speckle_multiplicative', 'mask_dropout', 'blur_downsample_upsample', 'lowfreq_atmospheric_bias']
[train] device=cuda  params=6,611,011  train=45000  val=5000
[train] ep0 step0 loss=0.1902 l1=0.1210
[train] ep0 step20 loss=0.2048 l1=0.1142
[train] ep0 step40 loss=0.3022 l1=0.1477
[train] ep0 step60 loss=0.1419 l1=0.0704
[train] ep0 step80 loss=0.1742 l1=0.1021
[train] ep0 step100 loss=0.1365 l1=0.0707
[train] ep0 step120 loss=0.2332 l1=0.1249
[train] ep0 step140 loss=0.1262 l1=0.0912
[train] ep0 step160 loss=0.1174 l1=0.0749
[train] ep0 step180 loss=0.1270 l1=0.0728
[train] ep0 step200 loss=0.1120 l1=0.0685
[train] ep0 step220 loss=0.1498 l1=0.0850
[train] ep0 step240 loss=0.1734 l1=0.0982
[train] ep0 step260 loss=0.1284 l1=0.0719
[train] ep0 step280 loss=0.0947 l1=0.0643
[train] ep0 step300 loss=0.1286 l1=0.0743
[train] ep0 step320 loss=0.1645 l1=0.0958
[train] ep0 step340 loss=0.1310 l1=0.0730
[train] ep0 step360 loss=0.1220 l1=0.0644
[train] ep0 step380 loss=0.1661 l1=0.0931
[train] ep0 step400 loss=0.1528 l1=0.0803
[train] ep0 step420 loss=0.0917 l1=0.0647
[train] ep0 step440 loss=0.1076 l1=0.0575
[train] ep0 step460 loss=0.2075 l1=0.1098
[train] ep0 step480 loss=0.1007 l1=0.0599
[train] ep0 step500 loss=0.1567 l1=0.0925
[train] ep0 step520 loss=0.1001 l1=0.0645
[train] ep0 step540 loss=0.1641 l1=0.0848
[train] ep0 step560 loss=0.1347 l1=0.0817
[train] ep0 step580 loss=0.0693 l1=0.0447
[train] ep0 step600 loss=0.1268 l1=0.0799
[train] ep0 step620 loss=0.0973 l1=0.0628
[train] ep0 step640 loss=0.1312 l1=0.0688
[train] ep0 step660 loss=0.1517 l1=0.0992
[train] ep0 step680 loss=0.1048 l1=0.0714
[train] ep0 step700 loss=0.1251 l1=0.0578
[train] ep0 step720 loss=0.1519 l1=0.0970
[train] ep0 step740 loss=0.1150 l1=0.0722
[train] ep0 step760 loss=0.1031 l1=0.0702
[train] ep0 step780 loss=0.1527 l1=0.0818
[train] ep0 step800 loss=0.1155 l1=0.0618
[train] ep0 step820 loss=0.1151 l1=0.0750
[train] ep0 step840 loss=0.1145 l1=0.0714
[train] ep0 step860 loss=0.0928 l1=0.0583
[train] ep0 step880 loss=0.1134 l1=0.0659
[train] ep0 step900 loss=0.1410 l1=0.0861
[train] ep0 step920 loss=0.1699 l1=0.0940
[train] ep0 step940 loss=0.0956 l1=0.0594
[train] ep0 step960 loss=0.0774 l1=0.0427
[train] ep0 step980 loss=0.1166 l1=0.0617
[train] ep0 step1000 loss=0.0917 l1=0.0502
[train] ep0 step1020 loss=0.1031 l1=0.0559
[train] ep0 step1040 loss=0.1329 l1=0.0732
[train] ep0 step1060 loss=0.0993 l1=0.0758
[train] ep0 step1080 loss=0.1235 l1=0.0613
[train] ep0 step1100 loss=0.1047 l1=0.0761
[train] ep0 step1120 loss=0.0827 l1=0.0463
[train] ep0 step1140 loss=0.1051 l1=0.0479
[train] ep0 step1160 loss=0.1180 l1=0.0682
[train] ep0 step1180 loss=0.1228 l1=0.0863
[train] ep0 step1200 loss=0.1100 l1=0.0853
[train] ep0 step1220 loss=0.1919 l1=0.0959
[train] ep0 step1240 loss=0.1391 l1=0.0655
[train] ep0 step1260 loss=0.1298 l1=0.0715
[train] ep0 step1280 loss=0.1226 l1=0.0657
[train] ep0 step1300 loss=0.1133 l1=0.0667
[train] ep0 step1320 loss=0.1172 l1=0.0717
[train] ep0 step1340 loss=0.2205 l1=0.1159
[train] ep0 step1360 loss=0.1133 l1=0.0647
[train] ep0 step1380 loss=0.0648 l1=0.0352
[train] ep0 step1400 loss=0.1189 l1=0.0640
[train] ep0 step1420 loss=0.1043 l1=0.0659
[train] ep0 step1440 loss=0.1457 l1=0.0852
[train] ep0 step1460 loss=0.1111 l1=0.0654
[train] ep0 step1480 loss=0.1578 l1=0.0818
[train] ep0 step1500 loss=0.1243 l1=0.0816
[train] ep0 step1520 loss=0.1308 l1=0.0780
[train] ep0 step1540 loss=0.1222 l1=0.0822
[train] ep0 step1560 loss=0.1012 l1=0.0696
[train] ep0 step1580 loss=0.1794 l1=0.1034
[train] ep0 step1600 loss=0.0754 l1=0.0447
[train] ep0 step1620 loss=0.0793 l1=0.0509
[train] ep0 step1640 loss=0.1592 l1=0.0972
[train] ep0 step1660 loss=0.0725 l1=0.0565
[train] ep0 step1680 loss=0.1170 l1=0.0599
[train] ep0 step1700 loss=0.1428 l1=0.0812
[train] ep0 step1720 loss=0.1462 l1=0.0945
[train] ep0 step1740 loss=0.1202 l1=0.0721
[train] ep0 step1760 loss=0.1280 l1=0.0817
[train] ep0 step1780 loss=0.1183 l1=0.0598
[train] ep0 step1800 loss=0.0959 l1=0.0548
[train] ep0 step1820 loss=0.1600 l1=0.0891
[train] ep0 step1840 loss=0.0901 l1=0.0489
[train] ep0 step1860 loss=0.1313 l1=0.0884
[train] ep0 step1880 loss=0.1208 l1=0.0675
[train] ep0 step1900 loss=0.0731 l1=0.0393
[train] ep0 step1920 loss=0.1027 l1=0.0643
[train] ep0 step1940 loss=0.1108 l1=0.0688
[train] ep0 step1960 loss=0.1535 l1=0.0859
[train] ep0 step1980 loss=0.1189 l1=0.0642
[train] ep0 step2000 loss=0.0956 l1=0.0510
[train] ep0 step2020 loss=0.1297 l1=0.0724
[train] ep0 step2040 loss=0.0802 l1=0.0556
[train] ep0 step2060 loss=0.0866 l1=0.0458
[train] ep0 step2080 loss=0.1268 l1=0.0738
[train] ep0 step2100 loss=0.0765 l1=0.0529
[train] ep0 step2120 loss=0.0730 l1=0.0583
[train] ep0 step2140 loss=0.1463 l1=0.0742
[train] ep0 step2160 loss=0.0921 l1=0.0570
[train] ep0 step2180 loss=0.1382 l1=0.0896
[train] ep0 step2200 loss=0.1439 l1=0.0810
[train] ep0 step2220 loss=0.0959 l1=0.0570
[train] ep0 step2240 loss=0.0945 l1=0.0522
[train] ep0 step2260 loss=0.1765 l1=0.1039
[train] ep0 step2280 loss=0.1509 l1=0.0774
[train] ep0 step2300 loss=0.0925 l1=0.0488
[train] ep0 step2320 loss=0.0995 l1=0.0530
[train] ep0 step2340 loss=0.1198 l1=0.0754
[train] ep0 step2360 loss=0.1075 l1=0.0559
[train] ep0 step2380 loss=0.0845 l1=0.0440
[train] ep0 step2400 loss=0.1629 l1=0.0820
[train] ep0 step2420 loss=0.0929 l1=0.0631
[train] ep0 step2440 loss=0.0827 l1=0.0488
[train] ep0 step2460 loss=0.1180 l1=0.0822
[train] ep0 step2480 loss=0.1285 l1=0.0699
[train] ep0 step2500 loss=0.0813 l1=0.0519
[train] ep0 step2520 loss=0.1254 l1=0.0704
[train] ep0 step2540 loss=0.0902 l1=0.0431
[train] ep0 step2560 loss=0.0722 l1=0.0381
[train] ep0 step2580 loss=0.0993 l1=0.0633
[train] ep0 step2600 loss=0.0980 l1=0.0523
[train] ep0 step2620 loss=0.0679 l1=0.0410
[train] ep0 step2640 loss=0.0982 l1=0.0536
[train] ep0 step2660 loss=0.1005 l1=0.0564
[train] ep0 step2680 loss=0.0823 l1=0.0552
[train] ep0 step2700 loss=0.0829 l1=0.0458
[train] ep0 step2720 loss=0.1041 l1=0.0662
[train] ep0 step2740 loss=0.0992 l1=0.0683
[train] ep0 step2760 loss=0.1020 l1=0.0615
[train] ep0 step2780 loss=0.1056 l1=0.0620
[train] ep0 step2800 loss=0.1034 l1=0.0665
[train] ep0 step2820 loss=0.1701 l1=0.1026
[train] ep0 step2840 loss=0.0999 l1=0.0587
[train] ep0 step2860 loss=0.1001 l1=0.0555
[train] ep0 step2880 loss=0.1296 l1=0.0735
[train] ep0 step2900 loss=0.1191 l1=0.0599
[train] ep0 step2920 loss=0.0575 l1=0.0471
[train] ep0 step2940 loss=0.0896 l1=0.0651
[train] ep0 step2960 loss=0.1096 l1=0.0618
[train] ep0 step2980 loss=0.1011 l1=0.0608
[train] ep0 step3000 loss=0.0961 l1=0.0636
[train] ep0 step3020 loss=0.1197 l1=0.0680
[train] ep0 step3040 loss=0.1154 l1=0.0622
[train] ep0 step3060 loss=0.0991 l1=0.0520
[train] ep0 step3080 loss=0.0546 l1=0.0274
[train] ep0 step3100 loss=0.1029 l1=0.0636
[train] ep0 step3120 loss=0.0713 l1=0.0403
[train] ep0 step3140 loss=0.1323 l1=0.0902
[train] ep0 step3160 loss=0.0747 l1=0.0469
[train] ep0 step3180 loss=0.0928 l1=0.0530
[train] ep0 step3200 loss=0.0897 l1=0.0520
[train] ep0 step3220 loss=0.0761 l1=0.0419
[train] ep0 step3240 loss=0.0720 l1=0.0455
[train] ep0 step3260 loss=0.0851 l1=0.0546
[train] ep0 step3280 loss=0.1398 l1=0.0864
[train] ep0 step3300 loss=0.0859 l1=0.0542
[train] ep0 step3320 loss=0.1318 l1=0.0892
[train] ep0 step3340 loss=0.0894 l1=0.0414
[train] ep0 step3360 loss=0.1018 l1=0.0543
[train] ep0 step3380 loss=0.1423 l1=0.0711
[train] ep0 step3400 loss=0.0921 l1=0.0562
[train] ep0 step3420 loss=0.1068 l1=0.0586
[train] ep0 step3440 loss=0.1126 l1=0.0761
[train] ep0 step3460 loss=0.1342 l1=0.0732
[train] ep0 step3480 loss=0.0687 l1=0.0418
[train] ep0 step3500 loss=0.0958 l1=0.0684
[train] ep0 step3520 loss=0.1005 l1=0.0573
[train] ep0 step3540 loss=0.1528 l1=0.0919
[train] ep0 step3560 loss=0.0546 l1=0.0401
[train] ep0 step3580 loss=0.0999 l1=0.0733
[train] ep0 step3600 loss=0.1105 l1=0.0629
[train] ep0 step3620 loss=0.0750 l1=0.0465
[train] ep0 step3640 loss=0.1173 l1=0.0792
[train] ep0 step3660 loss=0.1374 l1=0.0748
[train] ep0 step3680 loss=0.1037 l1=0.0560
[train] ep0 step3700 loss=0.0594 l1=0.0361
[train] ep0 step3720 loss=0.0948 l1=0.0513
[train] ep0 step3740 loss=0.1821 l1=0.0902
[train] ep0 step3760 loss=0.1654 l1=0.1029
[train] ep0 step3780 loss=0.1065 l1=0.0610
[train] ep0 step3800 loss=0.1059 l1=0.0694
[train] ep0 step3820 loss=0.0692 l1=0.0461
[train] ep0 step3840 loss=0.1066 l1=0.0683
[train] ep0 step3860 loss=0.0826 l1=0.0455
[train] ep0 step3880 loss=0.0859 l1=0.0515
[train] ep0 step3900 loss=0.0981 l1=0.0532
[train] ep0 step3920 loss=0.1610 l1=0.0839
[train] ep0 step3940 loss=0.0887 l1=0.0597
[train] ep0 step3960 loss=0.1270 l1=0.0675
[train] ep0 step3980 loss=0.1334 l1=0.0825
[train] ep0 step4000 loss=0.0968 l1=0.0504
[train] ep0 step4020 loss=0.1249 l1=0.0662
[train] ep0 step4040 loss=0.1332 l1=0.0787
[train] ep0 step4060 loss=0.1076 l1=0.0653
[train] ep0 step4080 loss=0.0779 l1=0.0396
[train] ep0 step4100 loss=0.1126 l1=0.0569
[train] ep0 step4120 loss=0.0762 l1=0.0507
[train] ep0 step4140 loss=0.1463 l1=0.0843
[train] ep0 step4160 loss=0.1137 l1=0.0647
[train] ep0 step4180 loss=0.0951 l1=0.0558
[train] ep0 step4200 loss=0.0973 l1=0.0541
[train] ep0 step4220 loss=0.1300 l1=0.0693
[train] ep0 step4240 loss=0.0708 l1=0.0491
[train] ep0 step4260 loss=0.1037 l1=0.0600
[train] ep0 step4280 loss=0.0871 l1=0.0554
[train] ep0 step4300 loss=0.0786 l1=0.0565
[train] ep0 step4320 loss=0.1185 l1=0.0640
[train] ep0 step4340 loss=0.0644 l1=0.0476
[train] ep0 step4360 loss=0.0923 l1=0.0639
[train] ep0 step4380 loss=0.1290 l1=0.0782
[train] ep0 step4400 loss=0.0858 l1=0.0495
[train] ep0 step4420 loss=0.1208 l1=0.0763
[train] ep0 step4440 loss=0.1148 l1=0.0677
[train] ep0 step4460 loss=0.0852 l1=0.0570
[train] ep0 step4480 loss=0.0620 l1=0.0450
[train] ep0 step4500 loss=0.1167 l1=0.0773
[train] ep0 step4520 loss=0.0701 l1=0.0420
[train] ep0 step4540 loss=0.0887 l1=0.0523
[train] ep0 step4560 loss=0.1264 l1=0.0671
[train] ep0 step4580 loss=0.1393 l1=0.0698
[train] ep0 step4600 loss=0.0953 l1=0.0579
[train] ep0 step4620 loss=0.1413 l1=0.0876
[train] ep0 step4640 loss=0.1050 l1=0.0567
[train] ep0 step4660 loss=0.0662 l1=0.0319
[train] ep0 step4680 loss=0.0703 l1=0.0392
[train] ep0 step4700 loss=0.0953 l1=0.0627
[train] ep0 step4720 loss=0.1297 l1=0.0745
[train] ep0 step4740 loss=0.0876 l1=0.0604
[train] ep0 step4760 loss=0.0738 l1=0.0514
[train] ep0 step4780 loss=0.0875 l1=0.0510
[train] ep0 step4800 loss=0.1244 l1=0.0526
[train] ep0 step4820 loss=0.0835 l1=0.0401
[train] ep0 step4840 loss=0.1067 l1=0.0569
[train] ep0 step4860 loss=0.0959 l1=0.0517
[train] ep0 step4880 loss=0.1374 l1=0.0677
[train] ep0 step4900 loss=0.0926 l1=0.0522
[train] ep0 step4920 loss=0.0468 l1=0.0260
[train] ep0 step4940 loss=0.0949 l1=0.0585
[train] ep0 step4960 loss=0.0936 l1=0.0427
[train] ep0 step4980 loss=0.0908 l1=0.0648
[train] ep0 step5000 loss=0.1072 l1=0.0644
[train] ep0 step5020 loss=0.0706 l1=0.0476
[train] ep0 step5040 loss=0.0969 l1=0.0638
[train] ep0 step5060 loss=0.1132 l1=0.0604
[train] ep0 step5080 loss=0.0839 l1=0.0466
[train] ep0 step5100 loss=0.1725 l1=0.0887
[train] ep0 step5120 loss=0.0866 l1=0.0622
[train] ep0 step5140 loss=0.1761 l1=0.1085
[train] ep0 step5160 loss=0.1128 l1=0.0685
[train] ep0 step5180 loss=0.0675 l1=0.0362
[train] ep0 step5200 loss=0.0615 l1=0.0392
[train] ep0 step5220 loss=0.0972 l1=0.0646
[train] ep0 step5240 loss=0.0749 l1=0.0483
[train] ep0 step5260 loss=0.1358 l1=0.0698
[train] ep0 step5280 loss=0.1413 l1=0.0872
[train] ep0 step5300 loss=0.0918 l1=0.0535
[train] ep0 step5320 loss=0.0830 l1=0.0576
[train] ep0 step5340 loss=0.0952 l1=0.0539
[train] ep0 step5360 loss=0.1149 l1=0.0726
[train] ep0 step5380 loss=0.1092 l1=0.0773
[train] ep0 step5400 loss=0.0799 l1=0.0489
[train] ep0 step5420 loss=0.0821 l1=0.0455
[train] ep0 step5440 loss=0.0470 l1=0.0254
[train] ep0 step5460 loss=0.1016 l1=0.0589
[train] ep0 step5480 loss=0.1209 l1=0.0663
[train] ep0 step5500 loss=0.0982 l1=0.0531
[train] ep0 step5520 loss=0.0721 l1=0.0405
[train] ep0 step5540 loss=0.0989 l1=0.0639
[train] ep0 step5560 loss=0.1067 l1=0.0624
[train] ep0 step5580 loss=0.1333 l1=0.0733
[train] ep0 step5600 loss=0.0880 l1=0.0447
[train] ep0 step5620 loss=0.1572 l1=0.0777
[train] ep0 step5640 loss=0.0866 l1=0.0560
[train] ep0 step5660 loss=0.0920 l1=0.0588
[train] ep0 step5680 loss=0.1206 l1=0.0761
[train] ep0 step5700 loss=0.1140 l1=0.0790
[train] ep0 step5720 loss=0.0657 l1=0.0347
[train] ep0 step5740 loss=0.1102 l1=0.0574
[train] ep0 step5760 loss=0.0935 l1=0.0623
[train] ep0 step5780 loss=0.0956 l1=0.0614
[train] ep0 step5800 loss=0.0758 l1=0.0503
[train] ep0 step5820 loss=0.0848 l1=0.0557
[train] ep0 step5840 loss=0.0622 l1=0.0313
[train] ep0 step5860 loss=0.0812 l1=0.0533
[train] ep0 step5880 loss=0.0841 l1=0.0473
[train] ep0 step5900 loss=0.0756 l1=0.0413
[train] ep0 step5920 loss=0.1033 l1=0.0774
[train] ep0 step5940 loss=0.0925 l1=0.0490
[train] ep0 step5960 loss=0.1071 l1=0.0573
[train] ep0 step5980 loss=0.0639 l1=0.0372
[train] ep0 step6000 loss=0.1140 l1=0.0630
[train] ep0 step6020 loss=0.1438 l1=0.0804
[train] ep0 step6040 loss=0.0970 l1=0.0626
[train] ep0 step6060 loss=0.0900 l1=0.0498
[train] ep0 step6080 loss=0.1266 l1=0.0762
[train] ep0 step6100 loss=0.1139 l1=0.0653
[train] ep0 step6120 loss=0.1318 l1=0.0733
[train] ep0 step6140 loss=0.1674 l1=0.0981
[train] ep0 step6160 loss=0.1338 l1=0.0735
[train] ep0 step6180 loss=0.0882 l1=0.0557
[train] ep0 step6200 loss=0.0586 l1=0.0388
[train] ep0 step6220 loss=0.1210 l1=0.0671
[train] ep0 step6240 loss=0.0840 l1=0.0485
[train] ep0 step6260 loss=0.1159 l1=0.0652
[train] ep0 step6280 loss=0.0550 l1=0.0400
[train] ep0 step6300 loss=0.1543 l1=0.0788
[train] ep0 step6320 loss=0.0798 l1=0.0487
[train] ep0 step6340 loss=0.1138 l1=0.0637
[train] ep0 step6360 loss=0.1303 l1=0.0706
[train] ep0 step6380 loss=0.0835 l1=0.0464
[train] ep0 step6400 loss=0.0790 l1=0.0565
[train] ep0 step6420 loss=0.0796 l1=0.0490
[train] ep0 step6440 loss=0.0947 l1=0.0545
[train] ep0 step6460 loss=0.1051 l1=0.0561
[train] ep0 step6480 loss=0.1025 l1=0.0567
[train] ep0 step6500 loss=0.1190 l1=0.0760
[train] ep0 step6520 loss=0.0941 l1=0.0484
[train] ep0 step6540 loss=0.0888 l1=0.0514
[train] ep0 step6560 loss=0.0627 l1=0.0377
[train] ep0 step6580 loss=0.0990 l1=0.0597
[train] ep0 step6600 loss=0.0753 l1=0.0547
[train] ep0 step6620 loss=0.1272 l1=0.0722
[train] ep0 step6640 loss=0.0734 l1=0.0512
[train] ep0 step6660 loss=0.1503 l1=0.0840
[train] ep0 step6680 loss=0.1707 l1=0.1010
[train] ep0 step6700 loss=0.0817 l1=0.0495
[train] ep0 step6720 loss=0.0520 l1=0.0296
[train] ep0 step6740 loss=0.0957 l1=0.0586
[train] ep0 step6760 loss=0.0647 l1=0.0403
[train] ep0 step6780 loss=0.1775 l1=0.1027
[train] ep0 step6800 loss=0.0542 l1=0.0317
[train] ep0 step6820 loss=0.1135 l1=0.0615
[train] ep0 step6840 loss=0.1011 l1=0.0574
[train] ep0 step6860 loss=0.1240 l1=0.0847
[train] ep0 step6880 loss=0.0873 l1=0.0513
[train] ep0 step6900 loss=0.0692 l1=0.0505
[train] ep0 step6920 loss=0.1052 l1=0.0681
[train] ep0 step6940 loss=0.0914 l1=0.0493
[train] ep0 step6960 loss=0.1318 l1=0.0709
[train] ep0 step6980 loss=0.0536 l1=0.0359
[train] ep0 step7000 loss=0.1059 l1=0.0658
[train] ep0 step7020 loss=0.1039 l1=0.0577
[train] ep0 step7040 loss=0.1301 l1=0.0743
[train] ep0 step7060 loss=0.0794 l1=0.0554
[train] ep0 step7080 loss=0.0950 l1=0.0619
[train] ep0 step7100 loss=0.1342 l1=0.0718
[train] ep0 step7120 loss=0.0506 l1=0.0249
[train] ep0 step7140 loss=0.0925 l1=0.0679
[train] ep0 step7160 loss=0.0901 l1=0.0522
[train] ep0 step7180 loss=0.0720 l1=0.0406
[train] ep0 step7200 loss=0.1022 l1=0.0527
[train] ep0 step7220 loss=0.1642 l1=0.0886
[train] ep0 step7240 loss=0.0692 l1=0.0331
[train] ep0 step7260 loss=0.0932 l1=0.0491
[train] ep0 step7280 loss=0.1790 l1=0.0800
[train] ep0 step7300 loss=0.0546 l1=0.0330
[train] ep0 step7320 loss=0.0771 l1=0.0476
[train] ep0 step7340 loss=0.0933 l1=0.0464
[train] ep0 step7360 loss=0.0808 l1=0.0444
[train] ep0 step7380 loss=0.1190 l1=0.0589
[train] ep0 step7400 loss=0.1371 l1=0.0777
[train] ep0 step7420 loss=0.0791 l1=0.0552
[train] ep0 step7440 loss=0.0985 l1=0.0522
[train] ep0 step7460 loss=0.1356 l1=0.0743
[train] ep0 step7480 loss=0.0661 l1=0.0317
[val] ep0 loss=0.0983  PSNR in/out=21.65/27.24  MAE in/out=0.0559/0.0284
[val] new best loss=0.0983
[train] ep1 step7500 loss=0.1043 l1=0.0651
[train] ep1 step7520 loss=0.1208 l1=0.0650
[train] ep1 step7540 loss=0.0741 l1=0.0376
[train] ep1 step7560 loss=0.1104 l1=0.0631
[train] ep1 step7580 loss=0.1218 l1=0.0725
[train] ep1 step7600 loss=0.0706 l1=0.0433
[train] ep1 step7620 loss=0.0711 l1=0.0452
[train] ep1 step7640 loss=0.0730 l1=0.0462
[train] ep1 step7660 loss=0.0713 l1=0.0414
[train] ep1 step7680 loss=0.1164 l1=0.0650
[train] ep1 step7700 loss=0.1062 l1=0.0737
[train] ep1 step7720 loss=0.0766 l1=0.0473
[train] ep1 step7740 loss=0.0575 l1=0.0305
[train] ep1 step7760 loss=0.0591 l1=0.0334
[train] ep1 step7780 loss=0.1092 l1=0.0630
[train] ep1 step7800 loss=0.1084 l1=0.0599
[train] ep1 step7820 loss=0.0993 l1=0.0576
[train] ep1 step7840 loss=0.0726 l1=0.0494
[train] ep1 step7860 loss=0.1652 l1=0.0910
[train] ep1 step7880 loss=0.0973 l1=0.0469
[train] ep1 step7900 loss=0.1314 l1=0.0870
[train] ep1 step7920 loss=0.1145 l1=0.0650
[train] ep1 step7940 loss=0.0950 l1=0.0644
[train] ep1 step7960 loss=0.0810 l1=0.0504
[train] ep1 step7980 loss=0.1187 l1=0.0545
[train] ep1 step8000 loss=0.0584 l1=0.0282
[train] ep1 step8020 loss=0.1207 l1=0.0686
[train] ep1 step8040 loss=0.0822 l1=0.0521
[train] ep1 step8060 loss=0.1289 l1=0.0725
[train] ep1 step8080 loss=0.0833 l1=0.0483
[train] ep1 step8100 loss=0.0810 l1=0.0539
[train] ep1 step8120 loss=0.0670 l1=0.0388
[train] ep1 step8140 loss=0.0680 l1=0.0392
[train] ep1 step8160 loss=0.0591 l1=0.0342
[train] ep1 step8180 loss=0.0884 l1=0.0517
[train] ep1 step8200 loss=0.0874 l1=0.0498
[train] ep1 step8220 loss=0.1724 l1=0.0878
[train] ep1 step8240 loss=0.0975 l1=0.0644
[train] ep1 step8260 loss=0.0722 l1=0.0357
[train] ep1 step8280 loss=0.0748 l1=0.0411
[train] ep1 step8300 loss=0.1248 l1=0.0756
[train] ep1 step8320 loss=0.0949 l1=0.0661
[train] ep1 step8340 loss=0.1422 l1=0.0900
[train] ep1 step8360 loss=0.0957 l1=0.0534
[train] ep1 step8380 loss=0.0801 l1=0.0433
[train] ep1 step8400 loss=0.1249 l1=0.0657
[train] ep1 step8420 loss=0.0663 l1=0.0416
[train] ep1 step8440 loss=0.0554 l1=0.0321
[train] ep1 step8460 loss=0.0665 l1=0.0452
[train] ep1 step8480 loss=0.1181 l1=0.0676
[train] ep1 step8500 loss=0.1313 l1=0.0852
[train] ep1 step8520 loss=0.1129 l1=0.0615
[train] ep1 step8540 loss=0.0910 l1=0.0551
[train] ep1 step8560 loss=0.1199 l1=0.0640
[train] ep1 step8580 loss=0.0962 l1=0.0525
[train] ep1 step8600 loss=0.1531 l1=0.0892
[train] ep1 step8620 loss=0.0760 l1=0.0434
[train] ep1 step8640 loss=0.1021 l1=0.0628
[train] ep1 step8660 loss=0.0810 l1=0.0453
[train] ep1 step8680 loss=0.0519 l1=0.0287
[train] ep1 step8700 loss=0.1099 l1=0.0586
[train] ep1 step8720 loss=0.0682 l1=0.0375
[train] ep1 step8740 loss=0.0869 l1=0.0530
[train] ep1 step8760 loss=0.0872 l1=0.0570
[train] ep1 step8780 loss=0.0943 l1=0.0552
[train] ep1 step8800 loss=0.0681 l1=0.0388
[train] ep1 step8820 loss=0.0826 l1=0.0504
[train] ep1 step8840 loss=0.0826 l1=0.0446
[train] ep1 step8860 loss=0.0835 l1=0.0513
[train] ep1 step8880 loss=0.0515 l1=0.0315
[train] ep1 step8900 loss=0.1110 l1=0.0591
[train] ep1 step8920 loss=0.0658 l1=0.0319
[train] ep1 step8940 loss=0.0874 l1=0.0517
[train] ep1 step8960 loss=0.0807 l1=0.0460
[train] ep1 step8980 loss=0.1141 l1=0.0660
[train] ep1 step9000 loss=0.0889 l1=0.0446
[train] ep1 step9020 loss=0.1277 l1=0.0697
[train] ep1 step9040 loss=0.0809 l1=0.0456
[train] ep1 step9060 loss=0.1324 l1=0.0658
[train] ep1 step9080 loss=0.0831 l1=0.0585
[train] ep1 step9100 loss=0.0785 l1=0.0466
[train] ep1 step9120 loss=0.0887 l1=0.0594
[train] ep1 step9140 loss=0.0777 l1=0.0537
[train] ep1 step9160 loss=0.0614 l1=0.0386
[train] ep1 step9180 loss=0.0648 l1=0.0383
[train] ep1 step9200 loss=0.1550 l1=0.0768
[train] ep1 step9220 loss=0.0884 l1=0.0543
[train] ep1 step9240 loss=0.0851 l1=0.0572
[train] ep1 step9260 loss=0.0784 l1=0.0406
[train] ep1 step9280 loss=0.0881 l1=0.0458
[train] ep1 step9300 loss=0.1171 l1=0.0681
[train] ep1 step9320 loss=0.1328 l1=0.0726
[train] ep1 step9340 loss=0.1456 l1=0.0721
[train] ep1 step9360 loss=0.0742 l1=0.0457
[train] ep1 step9380 loss=0.1285 l1=0.0622
[train] ep1 step9400 loss=0.1086 l1=0.0645
[train] ep1 step9420 loss=0.0759 l1=0.0412
[train] ep1 step9440 loss=0.0756 l1=0.0501
[train] ep1 step9460 loss=0.1105 l1=0.0634
[train] ep1 step9480 loss=0.0713 l1=0.0390
[train] ep1 step9500 loss=0.1298 l1=0.0777
[train] ep1 step9520 loss=0.0634 l1=0.0401
[train] ep1 step9540 loss=0.1066 l1=0.0588
[train] ep1 step9560 loss=0.0778 l1=0.0452
[train] ep1 step9580 loss=0.0712 l1=0.0351
[train] ep1 step9600 loss=0.0720 l1=0.0344
[train] ep1 step9620 loss=0.0844 l1=0.0409
[train] ep1 step9640 loss=0.0844 l1=0.0423
[train] ep1 step9660 loss=0.1374 l1=0.0712
[train] ep1 step9680 loss=0.0624 l1=0.0432
[train] ep1 step9700 loss=0.1364 l1=0.0717
[train] ep1 step9720 loss=0.0803 l1=0.0446
[train] ep1 step9740 loss=0.0820 l1=0.0559
[train] ep1 step9760 loss=0.1028 l1=0.0473
[train] ep1 step9780 loss=0.1047 l1=0.0775
[train] ep1 step9800 loss=0.0737 l1=0.0451
[train] ep1 step9820 loss=0.0689 l1=0.0343
[train] ep1 step9840 loss=0.1243 l1=0.0682
[train] ep1 step9860 loss=0.1023 l1=0.0552
[train] ep1 step9880 loss=0.0555 l1=0.0318
[train] ep1 step9900 loss=0.1489 l1=0.0701
[train] ep1 step9920 loss=0.0742 l1=0.0367
[train] ep1 step9940 loss=0.0531 l1=0.0316
[train] ep1 step9960 loss=0.0725 l1=0.0495
[train] ep1 step9980 loss=0.0875 l1=0.0587
[train] ep1 step10000 loss=0.0619 l1=0.0354
[train] ep1 step10020 loss=0.1001 l1=0.0626
[train] ep1 step10040 loss=0.1611 l1=0.0857
[train] ep1 step10060 loss=0.0821 l1=0.0672
[train] ep1 step10080 loss=0.1097 l1=0.0644
[train] ep1 step10100 loss=0.0649 l1=0.0447
[train] ep1 step10120 loss=0.1441 l1=0.0855
[train] ep1 step10140 loss=0.1471 l1=0.0734
[train] ep1 step10160 loss=0.0844 l1=0.0444
[train] ep1 step10180 loss=0.0798 l1=0.0468
[train] ep1 step10200 loss=0.1117 l1=0.0644
[train] ep1 step10220 loss=0.1511 l1=0.0743
[train] ep1 step10240 loss=0.0827 l1=0.0486
[train] ep1 step10260 loss=0.0535 l1=0.0334
[train] ep1 step10280 loss=0.0789 l1=0.0434
[train] ep1 step10300 loss=0.0879 l1=0.0565
[train] ep1 step10320 loss=0.0839 l1=0.0512
[train] ep1 step10340 loss=0.1325 l1=0.0764
[train] ep1 step10360 loss=0.1650 l1=0.0889
[train] ep1 step10380 loss=0.1304 l1=0.0758
[train] ep1 step10400 loss=0.1174 l1=0.0665
[train] ep1 step10420 loss=0.0817 l1=0.0471
[train] ep1 step10440 loss=0.1084 l1=0.0542
[train] ep1 step10460 loss=0.0806 l1=0.0464
[train] ep1 step10480 loss=0.0718 l1=0.0416
[train] ep1 step10500 loss=0.1218 l1=0.0675
[train] ep1 step10520 loss=0.1304 l1=0.0747
[train] ep1 step10540 loss=0.0952 l1=0.0558
[train] ep1 step10560 loss=0.1164 l1=0.0685
[train] ep1 step10580 loss=0.1179 l1=0.0614
[train] ep1 step10600 loss=0.1084 l1=0.0662
[train] ep1 step10620 loss=0.0818 l1=0.0487
[train] ep1 step10640 loss=0.0725 l1=0.0395
[train] ep1 step10660 loss=0.1138 l1=0.0708
[train] ep1 step10680 loss=0.0723 l1=0.0436
[train] ep1 step10700 loss=0.0568 l1=0.0390
[train] ep1 step10720 loss=0.1168 l1=0.0642
[train] ep1 step10740 loss=0.0985 l1=0.0604
[train] ep1 step10760 loss=0.0998 l1=0.0525
[train] ep1 step10780 loss=0.0691 l1=0.0420
[train] ep1 step10800 loss=0.0833 l1=0.0467
[train] ep1 step10820 loss=0.0860 l1=0.0452
[train] ep1 step10840 loss=0.0541 l1=0.0283
[train] ep1 step10860 loss=0.0887 l1=0.0477
[train] ep1 step10880 loss=0.0723 l1=0.0548
[train] ep1 step10900 loss=0.1010 l1=0.0579
[train] ep1 step10920 loss=0.0966 l1=0.0591
[train] ep1 step10940 loss=0.1353 l1=0.0878
[train] ep1 step10960 loss=0.0982 l1=0.0567
[train] ep1 step10980 loss=0.0967 l1=0.0498
[train] ep1 step11000 loss=0.0893 l1=0.0467
[train] ep1 step11020 loss=0.0853 l1=0.0442
[train] ep1 step11040 loss=0.0931 l1=0.0514
[train] ep1 step11060 loss=0.0924 l1=0.0617
[train] ep1 step11080 loss=0.0769 l1=0.0503
[train] ep1 step11100 loss=0.0783 l1=0.0553
[train] ep1 step11120 loss=0.1066 l1=0.0592
[train] ep1 step11140 loss=0.0906 l1=0.0520
[train] ep1 step11160 loss=0.1001 l1=0.0615
[train] ep1 step11180 loss=0.0704 l1=0.0525
[train] ep1 step11200 loss=0.0829 l1=0.0525
[train] ep1 step11220 loss=0.1146 l1=0.0643
[train] ep1 step11240 loss=0.0995 l1=0.0628
[train] ep1 step11260 loss=0.1011 l1=0.0609
[train] ep1 step11280 loss=0.0458 l1=0.0290
[train] ep1 step11300 loss=0.0963 l1=0.0618
[train] ep1 step11320 loss=0.0889 l1=0.0600
[train] ep1 step11340 loss=0.1005 l1=0.0554
[train] ep1 step11360 loss=0.0939 l1=0.0476
[train] ep1 step11380 loss=0.1318 l1=0.0858
[train] ep1 step11400 loss=0.1062 l1=0.0495
[train] ep1 step11420 loss=0.0632 l1=0.0398
[train] ep1 step11440 loss=0.0697 l1=0.0443
[train] ep1 step11460 loss=0.0864 l1=0.0419
[train] ep1 step11480 loss=0.0653 l1=0.0453
[train] ep1 step11500 loss=0.1406 l1=0.0735
[train] ep1 step11520 loss=0.1484 l1=0.0862
[train] ep1 step11540 loss=0.1016 l1=0.0590
[train] ep1 step11560 loss=0.1074 l1=0.0599
[train] ep1 step11580 loss=0.1160 l1=0.0649
[train] ep1 step11600 loss=0.1213 l1=0.0654
[train] ep1 step11620 loss=0.0787 l1=0.0580
[train] ep1 step11640 loss=0.0881 l1=0.0516
[train] ep1 step11660 loss=0.1293 l1=0.0759
[train] ep1 step11680 loss=0.0623 l1=0.0397
[train] ep1 step11700 loss=0.1407 l1=0.0892
[train] ep1 step11720 loss=0.1138 l1=0.0744
[train] ep1 step11740 loss=0.1452 l1=0.0729
[train] ep1 step11760 loss=0.0839 l1=0.0481
[train] ep1 step11780 loss=0.0582 l1=0.0308
[train] ep1 step11800 loss=0.0640 l1=0.0352
[train] ep1 step11820 loss=0.1241 l1=0.0719
[train] ep1 step11840 loss=0.1132 l1=0.0643
[train] ep1 step11860 loss=0.0975 l1=0.0608
[train] ep1 step11880 loss=0.0685 l1=0.0445
[train] ep1 step11900 loss=0.0731 l1=0.0498
[train] ep1 step11920 loss=0.1035 l1=0.0573
[train] ep1 step11940 loss=0.0796 l1=0.0573
[train] ep1 step11960 loss=0.0675 l1=0.0395
[train] ep1 step11980 loss=0.1048 l1=0.0561
[train] ep1 step12000 loss=0.0598 l1=0.0329
[train] ep1 step12020 loss=0.0762 l1=0.0381
[train] ep1 step12040 loss=0.0651 l1=0.0419
[train] ep1 step12060 loss=0.0625 l1=0.0353
[train] ep1 step12080 loss=0.0697 l1=0.0465
[train] ep1 step12100 loss=0.0799 l1=0.0475
[train] ep1 step12120 loss=0.0968 l1=0.0613
[train] ep1 step12140 loss=0.0617 l1=0.0380
[train] ep1 step12160 loss=0.0650 l1=0.0391
[train] ep1 step12180 loss=0.0704 l1=0.0388
[train] ep1 step12200 loss=0.0450 l1=0.0316
[train] ep1 step12220 loss=0.0666 l1=0.0408
[train] ep1 step12240 loss=0.1257 l1=0.0692
[train] ep1 step12260 loss=0.0592 l1=0.0408
[train] ep1 step12280 loss=0.1374 l1=0.0858
[train] ep1 step12300 loss=0.1097 l1=0.0702
[train] ep1 step12320 loss=0.0392 l1=0.0245
[train] ep1 step12340 loss=0.0900 l1=0.0528
[train] ep1 step12360 loss=0.0706 l1=0.0378
[train] ep1 step12380 loss=0.1473 l1=0.0700
[train] ep1 step12400 loss=0.1187 l1=0.0645
[train] ep1 step12420 loss=0.1332 l1=0.0689
[train] ep1 step12440 loss=0.1127 l1=0.0632
[train] ep1 step12460 loss=0.1089 l1=0.0592
[train] ep1 step12480 loss=0.0846 l1=0.0481
[train] ep1 step12500 loss=0.0763 l1=0.0491
[train] ep1 step12520 loss=0.0726 l1=0.0541
[train] ep1 step12540 loss=0.0717 l1=0.0471
[train] ep1 step12560 loss=0.0983 l1=0.0579
[train] ep1 step12580 loss=0.1091 l1=0.0627
[train] ep1 step12600 loss=0.0978 l1=0.0615
[train] ep1 step12620 loss=0.0694 l1=0.0522
[train] ep1 step12640 loss=0.0952 l1=0.0518
[train] ep1 step12660 loss=0.0401 l1=0.0266
[train] ep1 step12680 loss=0.0854 l1=0.0451
[train] ep1 step12700 loss=0.0842 l1=0.0502
[train] ep1 step12720 loss=0.0748 l1=0.0405
[train] ep1 step12740 loss=0.0762 l1=0.0391
[train] ep1 step12760 loss=0.0860 l1=0.0515
[train] ep1 step12780 loss=0.1444 l1=0.0715
[train] ep1 step12800 loss=0.0943 l1=0.0665
[train] ep1 step12820 loss=0.0762 l1=0.0560
[train] ep1 step12840 loss=0.1194 l1=0.0615
[train] ep1 step12860 loss=0.0794 l1=0.0466
[train] ep1 step12880 loss=0.0985 l1=0.0613
[train] ep1 step12900 loss=0.0623 l1=0.0377
[train] ep1 step12920 loss=0.1073 l1=0.0642
[train] ep1 step12940 loss=0.1027 l1=0.0566
[train] ep1 step12960 loss=0.0709 l1=0.0465
[train] ep1 step12980 loss=0.0644 l1=0.0400
[train] ep1 step13000 loss=0.0925 l1=0.0496
[train] ep1 step13020 loss=0.0541 l1=0.0346
[train] ep1 step13040 loss=0.1179 l1=0.0615
[train] ep1 step13060 loss=0.0903 l1=0.0509
[train] ep1 step13080 loss=0.0824 l1=0.0472
[train] ep1 step13100 loss=0.0600 l1=0.0394
[train] ep1 step13120 loss=0.0705 l1=0.0406
[train] ep1 step13140 loss=0.0695 l1=0.0375
[train] ep1 step13160 loss=0.1071 l1=0.0605
[train] ep1 step13180 loss=0.1099 l1=0.0694
[train] ep1 step13200 loss=0.0649 l1=0.0334
[train] ep1 step13220 loss=0.0507 l1=0.0321
[train] ep1 step13240 loss=0.0725 l1=0.0417
[train] ep1 step13260 loss=0.1111 l1=0.0627
[train] ep1 step13280 loss=0.0773 l1=0.0367
[train] ep1 step13300 loss=0.0618 l1=0.0316
[train] ep1 step13320 loss=0.0621 l1=0.0312
[train] ep1 step13340 loss=0.1161 l1=0.0579
[train] ep1 step13360 loss=0.1018 l1=0.0635
[train] ep1 step13380 loss=0.0763 l1=0.0624
[train] ep1 step13400 loss=0.1254 l1=0.0650
[train] ep1 step13420 loss=0.1213 l1=0.0621
[train] ep1 step13440 loss=0.1411 l1=0.0803
[train] ep1 step13460 loss=0.0605 l1=0.0380
[train] ep1 step13480 loss=0.0764 l1=0.0552
[train] ep1 step13500 loss=0.0540 l1=0.0304
[train] ep1 step13520 loss=0.0657 l1=0.0357
[train] ep1 step13540 loss=0.1060 l1=0.0588
[train] ep1 step13560 loss=0.0729 l1=0.0500
[train] ep1 step13580 loss=0.0496 l1=0.0339
[train] ep1 step13600 loss=0.1075 l1=0.0588
[train] ep1 step13620 loss=0.0707 l1=0.0364
[train] ep1 step13640 loss=0.0678 l1=0.0347
[train] ep1 step13660 loss=0.0596 l1=0.0461
[train] ep1 step13680 loss=0.1044 l1=0.0586
[train] ep1 step13700 loss=0.1018 l1=0.0602
[train] ep1 step13720 loss=0.1272 l1=0.0657
[train] ep1 step13740 loss=0.1075 l1=0.0621
[train] ep1 step13760 loss=0.0983 l1=0.0549
[train] ep1 step13780 loss=0.0830 l1=0.0505
[train] ep1 step13800 loss=0.0462 l1=0.0327
[train] ep1 step13820 loss=0.0836 l1=0.0460
[train] ep1 step13840 loss=0.0649 l1=0.0361
[train] ep1 step13860 loss=0.0966 l1=0.0589
[train] ep1 step13880 loss=0.0655 l1=0.0363
[train] ep1 step13900 loss=0.1262 l1=0.0620
[train] ep1 step13920 loss=0.1243 l1=0.0716
[train] ep1 step13940 loss=0.0708 l1=0.0435
[train] ep1 step13960 loss=0.0853 l1=0.0493
[train] ep1 step13980 loss=0.0725 l1=0.0517
[train] ep1 step14000 loss=0.0540 l1=0.0389
[train] ep1 step14020 loss=0.0705 l1=0.0472
[train] ep1 step14040 loss=0.0628 l1=0.0303
[train] ep1 step14060 loss=0.1030 l1=0.0547
[train] ep1 step14080 loss=0.1386 l1=0.0795
[train] ep1 step14100 loss=0.1055 l1=0.0601
[train] ep1 step14120 loss=0.1181 l1=0.0713
[train] ep1 step14140 loss=0.0750 l1=0.0509
[train] ep1 step14160 loss=0.0744 l1=0.0404
[train] ep1 step14180 loss=0.0614 l1=0.0387
[train] ep1 step14200 loss=0.0939 l1=0.0572
[train] ep1 step14220 loss=0.1278 l1=0.0744
[train] ep1 step14240 loss=0.1005 l1=0.0659
[train] ep1 step14260 loss=0.0576 l1=0.0291
[train] ep1 step14280 loss=0.1137 l1=0.0705
[train] ep1 step14300 loss=0.1290 l1=0.0587
[train] ep1 step14320 loss=0.0807 l1=0.0554
[train] ep1 step14340 loss=0.0961 l1=0.0532
[train] ep1 step14360 loss=0.1510 l1=0.0728
[train] ep1 step14380 loss=0.0883 l1=0.0507
[train] ep1 step14400 loss=0.0751 l1=0.0427
[train] ep1 step14420 loss=0.0643 l1=0.0398
[train] ep1 step14440 loss=0.0792 l1=0.0440
[train] ep1 step14460 loss=0.0516 l1=0.0293
[train] ep1 step14480 loss=0.0978 l1=0.0544
[train] ep1 step14500 loss=0.1356 l1=0.0826
[train] ep1 step14520 loss=0.0990 l1=0.0554
[train] ep1 step14540 loss=0.1376 l1=0.0751
[train] ep1 step14560 loss=0.0745 l1=0.0451
[train] ep1 step14580 loss=0.0934 l1=0.0488
[train] ep1 step14600 loss=0.1139 l1=0.0653
[train] ep1 step14620 loss=0.0763 l1=0.0407
[train] ep1 step14640 loss=0.0570 l1=0.0359
[train] ep1 step14660 loss=0.1158 l1=0.0672
[train] ep1 step14680 loss=0.0906 l1=0.0474
[train] ep1 step14700 loss=0.1016 l1=0.0513
[train] ep1 step14720 loss=0.0853 l1=0.0544
[train] ep1 step14740 loss=0.1168 l1=0.0787
[train] ep1 step14760 loss=0.0926 l1=0.0531
[train] ep1 step14780 loss=0.1796 l1=0.0857
[train] ep1 step14800 loss=0.0875 l1=0.0598
[train] ep1 step14820 loss=0.0963 l1=0.0625
[train] ep1 step14840 loss=0.0797 l1=0.0449
[train] ep1 step14860 loss=0.0938 l1=0.0600
[train] ep1 step14880 loss=0.0854 l1=0.0429
[train] ep1 step14900 loss=0.0618 l1=0.0350
[train] ep1 step14920 loss=0.0823 l1=0.0471
[train] ep1 step14940 loss=0.0871 l1=0.0501
[train] ep1 step14960 loss=0.1005 l1=0.0520
[train] ep1 step14980 loss=0.0862 l1=0.0453
[val] ep1 loss=0.0929  PSNR in/out=21.70/27.79  MAE in/out=0.0558/0.0268
[val] new best loss=0.0929
[train] ep2 step15000 loss=0.0956 l1=0.0467
[train] ep2 step15020 loss=0.0670 l1=0.0407
[train] ep2 step15040 loss=0.0760 l1=0.0387
[train] ep2 step15060 loss=0.0683 l1=0.0482
[train] ep2 step15080 loss=0.0960 l1=0.0494
[train] ep2 step15100 loss=0.1612 l1=0.0860
[train] ep2 step15120 loss=0.1347 l1=0.0667
[train] ep2 step15140 loss=0.1107 l1=0.0692
[train] ep2 step15160 loss=0.0670 l1=0.0433
[train] ep2 step15180 loss=0.0964 l1=0.0559
[train] ep2 step15200 loss=0.0750 l1=0.0440
[train] ep2 step15220 loss=0.0646 l1=0.0473
[train] ep2 step15240 loss=0.0631 l1=0.0419
[train] ep2 step15260 loss=0.1256 l1=0.0581
[train] ep2 step15280 loss=0.0518 l1=0.0321
[train] ep2 step15300 loss=0.0837 l1=0.0465
[train] ep2 step15320 loss=0.1607 l1=0.0799
[train] ep2 step15340 loss=0.1121 l1=0.0671
[train] ep2 step15360 loss=0.0593 l1=0.0328
[train] ep2 step15380 loss=0.0735 l1=0.0535
[train] ep2 step15400 loss=0.1034 l1=0.0677
[train] ep2 step15420 loss=0.0990 l1=0.0508
[train] ep2 step15440 loss=0.0883 l1=0.0468
[train] ep2 step15460 loss=0.1367 l1=0.0690
[train] ep2 step15480 loss=0.1023 l1=0.0544
[train] ep2 step15500 loss=0.0671 l1=0.0381
[train] ep2 step15520 loss=0.0703 l1=0.0419
[train] ep2 step15540 loss=0.0497 l1=0.0286
[train] ep2 step15560 loss=0.0812 l1=0.0450
[train] ep2 step15580 loss=0.0875 l1=0.0463
[train] ep2 step15600 loss=0.0654 l1=0.0414
[train] ep2 step15620 loss=0.0757 l1=0.0548
[train] ep2 step15640 loss=0.1077 l1=0.0573
[train] ep2 step15660 loss=0.0809 l1=0.0543
[train] ep2 step15680 loss=0.0991 l1=0.0560
[train] ep2 step15700 loss=0.0650 l1=0.0465
[train] ep2 step15720 loss=0.1134 l1=0.0749
[train] ep2 step15740 loss=0.1149 l1=0.0705
[train] ep2 step15760 loss=0.1003 l1=0.0549
[train] ep2 step15780 loss=0.0837 l1=0.0456
[train] ep2 step15800 loss=0.0913 l1=0.0482
[train] ep2 step15820 loss=0.1007 l1=0.0515
[train] ep2 step15840 loss=0.0812 l1=0.0531
[train] ep2 step15860 loss=0.0791 l1=0.0376
[train] ep2 step15880 loss=0.1331 l1=0.0832
[train] ep2 step15900 loss=0.0877 l1=0.0523
[train] ep2 step15920 loss=0.0872 l1=0.0525
[train] ep2 step15940 loss=0.1007 l1=0.0618
[train] ep2 step15960 loss=0.0727 l1=0.0553
[train] ep2 step15980 loss=0.0700 l1=0.0393
[train] ep2 step16000 loss=0.1203 l1=0.0723
[train] ep2 step16020 loss=0.0945 l1=0.0655
[train] ep2 step16040 loss=0.0797 l1=0.0522
[train] ep2 step16060 loss=0.0903 l1=0.0575
[train] ep2 step16080 loss=0.1183 l1=0.0767
[train] ep2 step16100 loss=0.0812 l1=0.0452
[train] ep2 step16120 loss=0.0604 l1=0.0290
[train] ep2 step16140 loss=0.0619 l1=0.0357
[train] ep2 step16160 loss=0.1367 l1=0.0810
[train] ep2 step16180 loss=0.0988 l1=0.0533
[train] ep2 step16200 loss=0.1153 l1=0.0625
[train] ep2 step16220 loss=0.0771 l1=0.0409
[train] ep2 step16240 loss=0.1084 l1=0.0602
[train] ep2 step16260 loss=0.1103 l1=0.0634
[train] ep2 step16280 loss=0.0826 l1=0.0559
[train] ep2 step16300 loss=0.1036 l1=0.0578
[train] ep2 step16320 loss=0.0947 l1=0.0601
[train] ep2 step16340 loss=0.1057 l1=0.0593
[train] ep2 step16360 loss=0.0726 l1=0.0380
[train] ep2 step16380 loss=0.0733 l1=0.0419
[train] ep2 step16400 loss=0.0600 l1=0.0360
[train] ep2 step16420 loss=0.1152 l1=0.0665
[train] ep2 step16440 loss=0.1169 l1=0.0590
[train] ep2 step16460 loss=0.0563 l1=0.0383
[train] ep2 step16480 loss=0.1370 l1=0.0674
[train] ep2 step16500 loss=0.0400 l1=0.0245
[train] ep2 step16520 loss=0.0726 l1=0.0537
[train] ep2 step16540 loss=0.0808 l1=0.0479
[train] ep2 step16560 loss=0.1163 l1=0.0754
[train] ep2 step16580 loss=0.1023 l1=0.0692
[train] ep2 step16600 loss=0.0625 l1=0.0342
[train] ep2 step16620 loss=0.0665 l1=0.0390
[train] ep2 step16640 loss=0.1032 l1=0.0561
[train] ep2 step16660 loss=0.0900 l1=0.0645
[train] ep2 step16680 loss=0.0736 l1=0.0523
[train] ep2 step16700 loss=0.1148 l1=0.0541
[train] ep2 step16720 loss=0.1161 l1=0.0652
[train] ep2 step16740 loss=0.1422 l1=0.0762
[train] ep2 step16760 loss=0.1012 l1=0.0601
[train] ep2 step16780 loss=0.0888 l1=0.0503
[train] ep2 step16800 loss=0.1074 l1=0.0673
[train] ep2 step16820 loss=0.1027 l1=0.0541
[train] ep2 step16840 loss=0.1112 l1=0.0557
[train] ep2 step16860 loss=0.0810 l1=0.0483
[train] ep2 step16880 loss=0.0691 l1=0.0377
[train] ep2 step16900 loss=0.1459 l1=0.0813
[train] ep2 step16920 loss=0.0715 l1=0.0416
[train] ep2 step16940 loss=0.1280 l1=0.0812
[train] ep2 step16960 loss=0.1093 l1=0.0570
[train] ep2 step16980 loss=0.1241 l1=0.0651
[train] ep2 step17000 loss=0.0917 l1=0.0563
[train] ep2 step17020 loss=0.0627 l1=0.0322
[train] ep2 step17040 loss=0.1404 l1=0.0718
[train] ep2 step17060 loss=0.0732 l1=0.0459
[train] ep2 step17080 loss=0.0514 l1=0.0388
[train] ep2 step17100 loss=0.0728 l1=0.0360
[train] ep2 step17120 loss=0.0865 l1=0.0655
[train] ep2 step17140 loss=0.1447 l1=0.0797
[train] ep2 step17160 loss=0.0839 l1=0.0469
[train] ep2 step17180 loss=0.0667 l1=0.0332
[train] ep2 step17200 loss=0.0573 l1=0.0359
[train] ep2 step17220 loss=0.1052 l1=0.0581
[train] ep2 step17240 loss=0.0685 l1=0.0366
[train] ep2 step17260 loss=0.0823 l1=0.0437
[train] ep2 step17280 loss=0.1445 l1=0.0759
[train] ep2 step17300 loss=0.0810 l1=0.0564
[train] ep2 step17320 loss=0.0466 l1=0.0271
[train] ep2 step17340 loss=0.0471 l1=0.0247
[train] ep2 step17360 loss=0.0850 l1=0.0443
[train] ep2 step17380 loss=0.0859 l1=0.0552
[train] ep2 step17400 loss=0.1031 l1=0.0547
[train] ep2 step17420 loss=0.1431 l1=0.0856
[train] ep2 step17440 loss=0.0547 l1=0.0276
[train] ep2 step17460 loss=0.0698 l1=0.0371
[train] ep2 step17480 loss=0.1156 l1=0.0557
[train] ep2 step17500 loss=0.0654 l1=0.0393
[train] ep2 step17520 loss=0.0869 l1=0.0482
[train] ep2 step17540 loss=0.0893 l1=0.0518
[train] ep2 step17560 loss=0.0729 l1=0.0463
[train] ep2 step17580 loss=0.0935 l1=0.0485
[train] ep2 step17600 loss=0.0691 l1=0.0470
[train] ep2 step17620 loss=0.0770 l1=0.0460
[train] ep2 step17640 loss=0.0669 l1=0.0452
[train] ep2 step17660 loss=0.1076 l1=0.0703
[train] ep2 step17680 loss=0.0522 l1=0.0267
[train] ep2 step17700 loss=0.0691 l1=0.0459
[train] ep2 step17720 loss=0.0876 l1=0.0460
[train] ep2 step17740 loss=0.1033 l1=0.0600
[train] ep2 step17760 loss=0.0860 l1=0.0489
[train] ep2 step17780 loss=0.0792 l1=0.0398
[train] ep2 step17800 loss=0.1356 l1=0.0832
[train] ep2 step17820 loss=0.1668 l1=0.0900
[train] ep2 step17840 loss=0.0993 l1=0.0603
[train] ep2 step17860 loss=0.0780 l1=0.0435
[train] ep2 step17880 loss=0.0614 l1=0.0311
[train] ep2 step17900 loss=0.0722 l1=0.0393
[train] ep2 step17920 loss=0.0649 l1=0.0436
[train] ep2 step17940 loss=0.0842 l1=0.0551
[train] ep2 step17960 loss=0.0640 l1=0.0338
[train] ep2 step17980 loss=0.0979 l1=0.0594
[train] ep2 step18000 loss=0.0732 l1=0.0470
[train] ep2 step18020 loss=0.0765 l1=0.0536
[train] ep2 step18040 loss=0.0844 l1=0.0512
[train] ep2 step18060 loss=0.0764 l1=0.0432
[train] ep2 step18080 loss=0.0725 l1=0.0454
[train] ep2 step18100 loss=0.0672 l1=0.0422
[train] ep2 step18120 loss=0.1293 l1=0.0678
[train] ep2 step18140 loss=0.1167 l1=0.0579
[train] ep2 step18160 loss=0.1314 l1=0.0706
[train] ep2 step18180 loss=0.0678 l1=0.0448
[train] ep2 step18200 loss=0.0525 l1=0.0338
[train] ep2 step18220 loss=0.0687 l1=0.0452
[train] ep2 step18240 loss=0.2147 l1=0.1200
[train] ep2 step18260 loss=0.1621 l1=0.0763
[train] ep2 step18280 loss=0.0749 l1=0.0467
[train] ep2 step18300 loss=0.1220 l1=0.0664
[train] ep2 step18320 loss=0.0615 l1=0.0377
[train] ep2 step18340 loss=0.0389 l1=0.0199
[train] ep2 step18360 loss=0.0964 l1=0.0540
[train] ep2 step18380 loss=0.1007 l1=0.0520
[train] ep2 step18400 loss=0.0710 l1=0.0394
[train] ep2 step18420 loss=0.0939 l1=0.0513
[train] ep2 step18440 loss=0.0974 l1=0.0517
[train] ep2 step18460 loss=0.0967 l1=0.0566
[train] ep2 step18480 loss=0.0768 l1=0.0414
[train] ep2 step18500 loss=0.0955 l1=0.0503
[train] ep2 step18520 loss=0.0838 l1=0.0430
[train] ep2 step18540 loss=0.0914 l1=0.0586
[train] ep2 step18560 loss=0.0685 l1=0.0382
[train] ep2 step18580 loss=0.0883 l1=0.0447
[train] ep2 step18600 loss=0.0661 l1=0.0427
[train] ep2 step18620 loss=0.1040 l1=0.0619
[train] ep2 step18640 loss=0.1301 l1=0.0663
[train] ep2 step18660 loss=0.1264 l1=0.0919
[train] ep2 step18680 loss=0.0893 l1=0.0460
[train] ep2 step18700 loss=0.1249 l1=0.0637
[train] ep2 step18720 loss=0.0847 l1=0.0569
[train] ep2 step18740 loss=0.0906 l1=0.0549
[train] ep2 step18760 loss=0.1019 l1=0.0488
[train] ep2 step18780 loss=0.0668 l1=0.0402
[train] ep2 step18800 loss=0.0786 l1=0.0514
[train] ep2 step18820 loss=0.0670 l1=0.0433
[train] ep2 step18840 loss=0.0689 l1=0.0556
[train] ep2 step18860 loss=0.0435 l1=0.0323
[train] ep2 step18880 loss=0.0623 l1=0.0367
[train] ep2 step18900 loss=0.0512 l1=0.0334
[train] ep2 step18920 loss=0.0620 l1=0.0343
[train] ep2 step18940 loss=0.1529 l1=0.0718
[train] ep2 step18960 loss=0.1162 l1=0.0662
[train] ep2 step18980 loss=0.0621 l1=0.0392
[train] ep2 step19000 loss=0.0672 l1=0.0455
[train] ep2 step19020 loss=0.0904 l1=0.0515
[train] ep2 step19040 loss=0.0477 l1=0.0310
[train] ep2 step19060 loss=0.0486 l1=0.0344
[train] ep2 step19080 loss=0.0771 l1=0.0450
[train] ep2 step19100 loss=0.0691 l1=0.0478
[train] ep2 step19120 loss=0.0910 l1=0.0577
[train] ep2 step19140 loss=0.1207 l1=0.0748
[train] ep2 step19160 loss=0.0654 l1=0.0341
[train] ep2 step19180 loss=0.0626 l1=0.0322
[train] ep2 step19200 loss=0.0632 l1=0.0378
[train] ep2 step19220 loss=0.0900 l1=0.0517
[train] ep2 step19240 loss=0.0884 l1=0.0514
[train] ep2 step19260 loss=0.0532 l1=0.0367
[train] ep2 step19280 loss=0.0828 l1=0.0435
[train] ep2 step19300 loss=0.1086 l1=0.0539
[train] ep2 step19320 loss=0.1440 l1=0.0707
[train] ep2 step19340 loss=0.0921 l1=0.0537
[train] ep2 step19360 loss=0.1174 l1=0.0635
[train] ep2 step19380 loss=0.0906 l1=0.0614
[train] ep2 step19400 loss=0.0769 l1=0.0402
[train] ep2 step19420 loss=0.0680 l1=0.0382
[train] ep2 step19440 loss=0.0630 l1=0.0374
[train] ep2 step19460 loss=0.0605 l1=0.0403
[train] ep2 step19480 loss=0.0766 l1=0.0477
[train] ep2 step19500 loss=0.0643 l1=0.0409
[train] ep2 step19520 loss=0.0984 l1=0.0554
[train] ep2 step19540 loss=0.0790 l1=0.0542
[train] ep2 step19560 loss=0.1031 l1=0.0557
[train] ep2 step19580 loss=0.0911 l1=0.0560
[train] ep2 step19600 loss=0.1170 l1=0.0595
[train] ep2 step19620 loss=0.1092 l1=0.0575
[train] ep2 step19640 loss=0.1633 l1=0.0967
[train] ep2 step19660 loss=0.0569 l1=0.0415
[train] ep2 step19680 loss=0.0676 l1=0.0352
[train] ep2 step19700 loss=0.0588 l1=0.0357
[train] ep2 step19720 loss=0.0941 l1=0.0573
[train] ep2 step19740 loss=0.0643 l1=0.0507
[train] ep2 step19760 loss=0.0703 l1=0.0473
[train] ep2 step19780 loss=0.0675 l1=0.0322
[train] ep2 step19800 loss=0.1061 l1=0.0662
[train] ep2 step19820 loss=0.0981 l1=0.0550
[train] ep2 step19840 loss=0.0646 l1=0.0343
[train] ep2 step19860 loss=0.0610 l1=0.0353
[train] ep2 step19880 loss=0.0604 l1=0.0353
[train] ep2 step19900 loss=0.0680 l1=0.0386
[train] ep2 step19920 loss=0.0554 l1=0.0444
[train] ep2 step19940 loss=0.0827 l1=0.0621
[train] ep2 step19960 loss=0.0438 l1=0.0277
[train] ep2 step19980 loss=0.0413 l1=0.0259
[train] ep2 step20000 loss=0.1374 l1=0.0754
[train] ep2 step20020 loss=0.0513 l1=0.0258
[train] ep2 step20040 loss=0.0890 l1=0.0591
[train] ep2 step20060 loss=0.1022 l1=0.0534
[train] ep2 step20080 loss=0.0629 l1=0.0370
[train] ep2 step20100 loss=0.0876 l1=0.0495
[train] ep2 step20120 loss=0.0733 l1=0.0437
[train] ep2 step20140 loss=0.0590 l1=0.0344
[train] ep2 step20160 loss=0.0870 l1=0.0501
[train] ep2 step20180 loss=0.0774 l1=0.0493
[train] ep2 step20200 loss=0.0710 l1=0.0376
[train] ep2 step20220 loss=0.0774 l1=0.0454
[train] ep2 step20240 loss=0.0728 l1=0.0385
[train] ep2 step20260 loss=0.0975 l1=0.0637
[train] ep2 step20280 loss=0.0952 l1=0.0502
[train] ep2 step20300 loss=0.0726 l1=0.0426
[train] ep2 step20320 loss=0.1530 l1=0.0821
[train] ep2 step20340 loss=0.0727 l1=0.0510
[train] ep2 step20360 loss=0.1057 l1=0.0560
[train] ep2 step20380 loss=0.1106 l1=0.0634
[train] ep2 step20400 loss=0.0598 l1=0.0413
[train] ep2 step20420 loss=0.0831 l1=0.0464
[train] ep2 step20440 loss=0.1085 l1=0.0608
[train] ep2 step20460 loss=0.0547 l1=0.0382
[train] ep2 step20480 loss=0.1062 l1=0.0639
[train] ep2 step20500 loss=0.0933 l1=0.0444
[train] ep2 step20520 loss=0.1082 l1=0.0584
[train] ep2 step20540 loss=0.1052 l1=0.0561
[train] ep2 step20560 loss=0.0689 l1=0.0485
[train] ep2 step20580 loss=0.0675 l1=0.0377
[train] ep2 step20600 loss=0.0908 l1=0.0570
[train] ep2 step20620 loss=0.0847 l1=0.0429
[train] ep2 step20640 loss=0.0672 l1=0.0461
[train] ep2 step20660 loss=0.1390 l1=0.0711
[train] ep2 step20680 loss=0.0867 l1=0.0475
[train] ep2 step20700 loss=0.1134 l1=0.0681
[train] ep2 step20720 loss=0.0941 l1=0.0586
[train] ep2 step20740 loss=0.1351 l1=0.0805
[train] ep2 step20760 loss=0.0777 l1=0.0389
[train] ep2 step20780 loss=0.0946 l1=0.0510
[train] ep2 step20800 loss=0.0814 l1=0.0450
[train] ep2 step20820 loss=0.1320 l1=0.0792
[train] ep2 step20840 loss=0.1417 l1=0.0777
[train] ep2 step20860 loss=0.0829 l1=0.0521
[train] ep2 step20880 loss=0.0860 l1=0.0468
[train] ep2 step20900 loss=0.0822 l1=0.0433
[train] ep2 step20920 loss=0.0615 l1=0.0344
[train] ep2 step20940 loss=0.0813 l1=0.0570
[train] ep2 step20960 loss=0.1024 l1=0.0561
[train] ep2 step20980 loss=0.1122 l1=0.0648
[train] ep2 step21000 loss=0.0737 l1=0.0405
[train] ep2 step21020 loss=0.0813 l1=0.0566
[train] ep2 step21040 loss=0.0850 l1=0.0444
[train] ep2 step21060 loss=0.0768 l1=0.0372
[train] ep2 step21080 loss=0.1025 l1=0.0604
[train] ep2 step21100 loss=0.0606 l1=0.0357
[train] ep2 step21120 loss=0.0388 l1=0.0197
[train] ep2 step21140 loss=0.1096 l1=0.0638
[train] ep2 step21160 loss=0.0618 l1=0.0415
[train] ep2 step21180 loss=0.1325 l1=0.0730
[train] ep2 step21200 loss=0.0648 l1=0.0390
[train] ep2 step21220 loss=0.0573 l1=0.0381
[train] ep2 step21240 loss=0.1024 l1=0.0534
[train] ep2 step21260 loss=0.1061 l1=0.0607
[train] ep2 step21280 loss=0.1466 l1=0.0750
[train] ep2 step21300 loss=0.1029 l1=0.0567
[train] ep2 step21320 loss=0.0852 l1=0.0487
[train] ep2 step21340 loss=0.0807 l1=0.0524
[train] ep2 step21360 loss=0.0935 l1=0.0504
[train] ep2 step21380 loss=0.1077 l1=0.0649
[train] ep2 step21400 loss=0.0899 l1=0.0540
[train] ep2 step21420 loss=0.1135 l1=0.0658
[train] ep2 step21440 loss=0.1236 l1=0.0810
[train] ep2 step21460 loss=0.0941 l1=0.0578
[train] ep2 step21480 loss=0.0930 l1=0.0590
[train] ep2 step21500 loss=0.1012 l1=0.0566
[train] ep2 step21520 loss=0.0539 l1=0.0340
[train] ep2 step21540 loss=0.0743 l1=0.0445
[train] ep2 step21560 loss=0.0561 l1=0.0349
[train] ep2 step21580 loss=0.0872 l1=0.0519
[train] ep2 step21600 loss=0.0500 l1=0.0291
[train] ep2 step21620 loss=0.0959 l1=0.0474
[train] ep2 step21640 loss=0.0982 l1=0.0565
[train] ep2 step21660 loss=0.0875 l1=0.0578
[train] ep2 step21680 loss=0.0730 l1=0.0372
[train] ep2 step21700 loss=0.0653 l1=0.0457
[train] ep2 step21720 loss=0.1130 l1=0.0600
[train] ep2 step21740 loss=0.0644 l1=0.0313
[train] ep2 step21760 loss=0.0646 l1=0.0383
[train] ep2 step21780 loss=0.0972 l1=0.0508
[train] ep2 step21800 loss=0.0749 l1=0.0502
[train] ep2 step21820 loss=0.1055 l1=0.0579
[train] ep2 step21840 loss=0.0560 l1=0.0320
[train] ep2 step21860 loss=0.0517 l1=0.0307
[train] ep2 step21880 loss=0.0786 l1=0.0521
[train] ep2 step21900 loss=0.0912 l1=0.0464
[train] ep2 step21920 loss=0.0562 l1=0.0348
[train] ep2 step21940 loss=0.0798 l1=0.0465
[train] ep2 step21960 loss=0.1380 l1=0.0792
[train] ep2 step21980 loss=0.0791 l1=0.0509
[train] ep2 step22000 loss=0.0769 l1=0.0424
[train] ep2 step22020 loss=0.0541 l1=0.0319
[train] ep2 step22040 loss=0.0696 l1=0.0419
[train] ep2 step22060 loss=0.0813 l1=0.0475
[train] ep2 step22080 loss=0.0872 l1=0.0523
[train] ep2 step22100 loss=0.0874 l1=0.0482
[train] ep2 step22120 loss=0.0938 l1=0.0504
[train] ep2 step22140 loss=0.1140 l1=0.0710
[train] ep2 step22160 loss=0.0610 l1=0.0420
[train] ep2 step22180 loss=0.0638 l1=0.0406
[train] ep2 step22200 loss=0.0759 l1=0.0394
[train] ep2 step22220 loss=0.0958 l1=0.0601
[train] ep2 step22240 loss=0.1076 l1=0.0719
[train] ep2 step22260 loss=0.0485 l1=0.0344
[train] ep2 step22280 loss=0.0643 l1=0.0404
[train] ep2 step22300 loss=0.0624 l1=0.0411
[train] ep2 step22320 loss=0.1474 l1=0.0743
[train] ep2 step22340 loss=0.0533 l1=0.0409
[train] ep2 step22360 loss=0.0957 l1=0.0496
[train] ep2 step22380 loss=0.0773 l1=0.0440
[train] ep2 step22400 loss=0.0475 l1=0.0287
[train] ep2 step22420 loss=0.1063 l1=0.0557
[train] ep2 step22440 loss=0.0911 l1=0.0546
[train] ep2 step22460 loss=0.1142 l1=0.0565
[train] ep2 step22480 loss=0.1089 l1=0.0543
[val] ep2 loss=0.0883  PSNR in/out=21.67/28.22  MAE in/out=0.0562/0.0255
[val] new best loss=0.0883
[train] ep3 step22500 loss=0.1650 l1=0.0840
[train] ep3 step22520 loss=0.1116 l1=0.0717
[train] ep3 step22540 loss=0.0559 l1=0.0332
[train] ep3 step22560 loss=0.0964 l1=0.0510
[train] ep3 step22580 loss=0.0587 l1=0.0343
[train] ep3 step22600 loss=0.1125 l1=0.0600
[train] ep3 step22620 loss=0.0533 l1=0.0271
[train] ep3 step22640 loss=0.0798 l1=0.0484
[train] ep3 step22660 loss=0.1037 l1=0.0664
[train] ep3 step22680 loss=0.0680 l1=0.0444
[train] ep3 step22700 loss=0.0894 l1=0.0598
[train] ep3 step22720 loss=0.0982 l1=0.0746
[train] ep3 step22740 loss=0.0733 l1=0.0435
[train] ep3 step22760 loss=0.0587 l1=0.0289
[train] ep3 step22780 loss=0.1676 l1=0.0963
[train] ep3 step22800 loss=0.1075 l1=0.0605
[train] ep3 step22820 loss=0.0603 l1=0.0394
[train] ep3 step22840 loss=0.0389 l1=0.0233
[train] ep3 step22860 loss=0.0886 l1=0.0469
[train] ep3 step22880 loss=0.0802 l1=0.0421
[train] ep3 step22900 loss=0.0849 l1=0.0584
[train] ep3 step22920 loss=0.0928 l1=0.0558
[train] ep3 step22940 loss=0.0619 l1=0.0373
[train] ep3 step22960 loss=0.0607 l1=0.0402
[train] ep3 step22980 loss=0.1059 l1=0.0645
[train] ep3 step23000 loss=0.0947 l1=0.0486
[train] ep3 step23020 loss=0.1440 l1=0.0677
[train] ep3 step23040 loss=0.0860 l1=0.0496
[train] ep3 step23060 loss=0.0785 l1=0.0440
[train] ep3 step23080 loss=0.1316 l1=0.0684
[train] ep3 step23100 loss=0.0756 l1=0.0371
[train] ep3 step23120 loss=0.0897 l1=0.0537
[train] ep3 step23140 loss=0.0932 l1=0.0535
[train] ep3 step23160 loss=0.0552 l1=0.0286
[train] ep3 step23180 loss=0.0928 l1=0.0465
[train] ep3 step23200 loss=0.0907 l1=0.0651
[train] ep3 step23220 loss=0.1025 l1=0.0577
[train] ep3 step23240 loss=0.0721 l1=0.0435
[train] ep3 step23260 loss=0.1184 l1=0.0674
[train] ep3 step23280 loss=0.0957 l1=0.0468
[train] ep3 step23300 loss=0.1180 l1=0.0707
[train] ep3 step23320 loss=0.0618 l1=0.0352
[train] ep3 step23340 loss=0.0935 l1=0.0490
[train] ep3 step23360 loss=0.0628 l1=0.0351
[train] ep3 step23380 loss=0.0619 l1=0.0315
[train] ep3 step23400 loss=0.1009 l1=0.0620
[train] ep3 step23420 loss=0.0748 l1=0.0463
[train] ep3 step23440 loss=0.0639 l1=0.0506
[train] ep3 step23460 loss=0.1005 l1=0.0690
[train] ep3 step23480 loss=0.0878 l1=0.0477
[train] ep3 step23500 loss=0.0738 l1=0.0395
[train] ep3 step23520 loss=0.1016 l1=0.0523
[train] ep3 step23540 loss=0.0799 l1=0.0608
[train] ep3 step23560 loss=0.0817 l1=0.0418
[train] ep3 step23580 loss=0.0774 l1=0.0445
[train] ep3 step23600 loss=0.0862 l1=0.0618
[train] ep3 step23620 loss=0.0689 l1=0.0466
[train] ep3 step23640 loss=0.0723 l1=0.0418
[train] ep3 step23660 loss=0.0765 l1=0.0486
[train] ep3 step23680 loss=0.0995 l1=0.0625
[train] ep3 step23700 loss=0.0856 l1=0.0489
[train] ep3 step23720 loss=0.0689 l1=0.0406
[train] ep3 step23740 loss=0.0828 l1=0.0486
[train] ep3 step23760 loss=0.0968 l1=0.0609
[train] ep3 step23780 loss=0.0642 l1=0.0375
[train] ep3 step23800 loss=0.1317 l1=0.0708
[train] ep3 step23820 loss=0.0997 l1=0.0562
[train] ep3 step23840 loss=0.0955 l1=0.0586
[train] ep3 step23860 loss=0.0461 l1=0.0284
[train] ep3 step23880 loss=0.0873 l1=0.0506
[train] ep3 step23900 loss=0.0863 l1=0.0531
[train] ep3 step23920 loss=0.0792 l1=0.0425
[train] ep3 step23940 loss=0.0750 l1=0.0431
[train] ep3 step23960 loss=0.1018 l1=0.0616
[train] ep3 step23980 loss=0.1306 l1=0.0693
[train] ep3 step24000 loss=0.0816 l1=0.0419
[train] ep3 step24020 loss=0.0984 l1=0.0595
[train] ep3 step24040 loss=0.0801 l1=0.0547
[train] ep3 step24060 loss=0.1023 l1=0.0578
[train] ep3 step24080 loss=0.0669 l1=0.0344
[train] ep3 step24100 loss=0.0798 l1=0.0552
[train] ep3 step24120 loss=0.0822 l1=0.0509
[train] ep3 step24140 loss=0.1025 l1=0.0525
[train] ep3 step24160 loss=0.0779 l1=0.0493
[train] ep3 step24180 loss=0.0475 l1=0.0245
[train] ep3 step24200 loss=0.0621 l1=0.0372
[train] ep3 step24220 loss=0.1011 l1=0.0683
[train] ep3 step24240 loss=0.1131 l1=0.0678
[train] ep3 step24260 loss=0.0955 l1=0.0505
[train] ep3 step24280 loss=0.0527 l1=0.0303
[train] ep3 step24300 loss=0.0824 l1=0.0550
[train] ep3 step24320 loss=0.0852 l1=0.0474
[train] ep3 step24340 loss=0.0598 l1=0.0361
[train] ep3 step24360 loss=0.1466 l1=0.0796
[train] ep3 step24380 loss=0.0463 l1=0.0271
[train] ep3 step24400 loss=0.0788 l1=0.0429
[train] ep3 step24420 loss=0.1110 l1=0.0577
[train] ep3 step24440 loss=0.0986 l1=0.0565
[train] ep3 step24460 loss=0.0583 l1=0.0346
[train] ep3 step24480 loss=0.0821 l1=0.0511
[train] ep3 step24500 loss=0.1012 l1=0.0665
[train] ep3 step24520 loss=0.0856 l1=0.0494
[train] ep3 step24540 loss=0.1004 l1=0.0609
[train] ep3 step24560 loss=0.0766 l1=0.0413
[train] ep3 step24580 loss=0.1407 l1=0.0738
[train] ep3 step24600 loss=0.0685 l1=0.0478
[train] ep3 step24620 loss=0.0600 l1=0.0328
[train] ep3 step24640 loss=0.0477 l1=0.0350
[train] ep3 step24660 loss=0.1046 l1=0.0691
[train] ep3 step24680 loss=0.0723 l1=0.0401
[train] ep3 step24700 loss=0.1232 l1=0.0677
[train] ep3 step24720 loss=0.0643 l1=0.0372
[train] ep3 step24740 loss=0.0957 l1=0.0505
[train] ep3 step24760 loss=0.0782 l1=0.0482
[train] ep3 step24780 loss=0.1050 l1=0.0533
[train] ep3 step24800 loss=0.0555 l1=0.0350
[train] ep3 step24820 loss=0.0656 l1=0.0450
[train] ep3 step24840 loss=0.0786 l1=0.0503
[train] ep3 step24860 loss=0.0628 l1=0.0361
[train] ep3 step24880 loss=0.0941 l1=0.0651
[train] ep3 step24900 loss=0.1295 l1=0.0664
[train] ep3 step24920 loss=0.0900 l1=0.0465
[train] ep3 step24940 loss=0.0732 l1=0.0426
[train] ep3 step24960 loss=0.1113 l1=0.0584
[train] ep3 step24980 loss=0.0644 l1=0.0380
[train] ep3 step25000 loss=0.1345 l1=0.0692
[train] ep3 step25020 loss=0.0635 l1=0.0391
[train] ep3 step25040 loss=0.0724 l1=0.0413
[train] ep3 step25060 loss=0.0929 l1=0.0512
[train] ep3 step25080 loss=0.0697 l1=0.0405
[train] ep3 step25100 loss=0.0740 l1=0.0458
[train] ep3 step25120 loss=0.0848 l1=0.0466
[train] ep3 step25140 loss=0.1080 l1=0.0591
[train] ep3 step25160 loss=0.0605 l1=0.0413
[train] ep3 step25180 loss=0.0430 l1=0.0272
[train] ep3 step25200 loss=0.0664 l1=0.0432
[train] ep3 step25220 loss=0.0828 l1=0.0490
[train] ep3 step25240 loss=0.0838 l1=0.0444
[train] ep3 step25260 loss=0.0926 l1=0.0445
[train] ep3 step25280 loss=0.0434 l1=0.0318
[train] ep3 step25300 loss=0.0678 l1=0.0458
[train] ep3 step25320 loss=0.1345 l1=0.0780
[train] ep3 step25340 loss=0.0389 l1=0.0244
[train] ep3 step25360 loss=0.1289 l1=0.0805
[train] ep3 step25380 loss=0.0671 l1=0.0341
[train] ep3 step25400 loss=0.0758 l1=0.0488
[train] ep3 step25420 loss=0.1353 l1=0.0770
[train] ep3 step25440 loss=0.0919 l1=0.0535
[train] ep3 step25460 loss=0.0961 l1=0.0500
[train] ep3 step25480 loss=0.1077 l1=0.0645
[train] ep3 step25500 loss=0.0724 l1=0.0490
[train] ep3 step25520 loss=0.1142 l1=0.0662
[train] ep3 step25540 loss=0.0931 l1=0.0508
[train] ep3 step25560 loss=0.1244 l1=0.0756
[train] ep3 step25580 loss=0.0870 l1=0.0511
[train] ep3 step25600 loss=0.0793 l1=0.0505
[train] ep3 step25620 loss=0.1224 l1=0.0629
[train] ep3 step25640 loss=0.0524 l1=0.0312
[train] ep3 step25660 loss=0.0691 l1=0.0429
[train] ep3 step25680 loss=0.0549 l1=0.0340
[train] ep3 step25700 loss=0.0513 l1=0.0273
[train] ep3 step25720 loss=0.0609 l1=0.0402
[train] ep3 step25740 loss=0.0542 l1=0.0334
[train] ep3 step25760 loss=0.0690 l1=0.0430
[train] ep3 step25780 loss=0.0640 l1=0.0378
[train] ep3 step25800 loss=0.0988 l1=0.0512
[train] ep3 step25820 loss=0.0626 l1=0.0320
[train] ep3 step25840 loss=0.1387 l1=0.0773
[train] ep3 step25860 loss=0.0832 l1=0.0496
[train] ep3 step25880 loss=0.0617 l1=0.0346
[train] ep3 step25900 loss=0.0975 l1=0.0607
[train] ep3 step25920 loss=0.1021 l1=0.0516
[train] ep3 step25940 loss=0.0799 l1=0.0451
[train] ep3 step25960 loss=0.1164 l1=0.0768
[train] ep3 step25980 loss=0.0382 l1=0.0202
[train] ep3 step26000 loss=0.0962 l1=0.0597
[train] ep3 step26020 loss=0.0830 l1=0.0547
[train] ep3 step26040 loss=0.0826 l1=0.0418
[train] ep3 step26060 loss=0.1219 l1=0.0713
[train] ep3 step26080 loss=0.1134 l1=0.0602
[train] ep3 step26100 loss=0.0728 l1=0.0446
[train] ep3 step26120 loss=0.0980 l1=0.0671
[train] ep3 step26140 loss=0.0831 l1=0.0448
[train] ep3 step26160 loss=0.1099 l1=0.0649
[train] ep3 step26180 loss=0.0913 l1=0.0587
[train] ep3 step26200 loss=0.0818 l1=0.0489
[train] ep3 step26220 loss=0.1133 l1=0.0586
[train] ep3 step26240 loss=0.1154 l1=0.0570
[train] ep3 step26260 loss=0.1003 l1=0.0586
[train] ep3 step26280 loss=0.0547 l1=0.0289
[train] ep3 step26300 loss=0.0938 l1=0.0502
[train] ep3 step26320 loss=0.0947 l1=0.0562
[train] ep3 step26340 loss=0.0658 l1=0.0378
[train] ep3 step26360 loss=0.0661 l1=0.0401
[train] ep3 step26380 loss=0.0647 l1=0.0367
[train] ep3 step26400 loss=0.0695 l1=0.0374
[train] ep3 step26420 loss=0.0782 l1=0.0600
[train] ep3 step26440 loss=0.0702 l1=0.0411
[train] ep3 step26460 loss=0.0539 l1=0.0391
[train] ep3 step26480 loss=0.1012 l1=0.0606
[train] ep3 step26500 loss=0.1155 l1=0.0618
[train] ep3 step26520 loss=0.1409 l1=0.0741
[train] ep3 step26540 loss=0.1165 l1=0.0620
[train] ep3 step26560 loss=0.0818 l1=0.0488
[train] ep3 step26580 loss=0.0432 l1=0.0246
[train] ep3 step26600 loss=0.0752 l1=0.0380
[train] ep3 step26620 loss=0.1055 l1=0.0592
[train] ep3 step26640 loss=0.1211 l1=0.0648
[train] ep3 step26660 loss=0.0452 l1=0.0249
[train] ep3 step26680 loss=0.1095 l1=0.0606
[train] ep3 step26700 loss=0.1119 l1=0.0621
[train] ep3 step26720 loss=0.0680 l1=0.0442
[train] ep3 step26740 loss=0.0850 l1=0.0497
[train] ep3 step26760 loss=0.0845 l1=0.0498
[train] ep3 step26780 loss=0.0627 l1=0.0375
[train] ep3 step26800 loss=0.0892 l1=0.0505
[train] ep3 step26820 loss=0.1009 l1=0.0509
[train] ep3 step26840 loss=0.0540 l1=0.0270
[train] ep3 step26860 loss=0.0908 l1=0.0525
[train] ep3 step26880 loss=0.0795 l1=0.0464
[train] ep3 step26900 loss=0.0747 l1=0.0502
[train] ep3 step26920 loss=0.0535 l1=0.0366
[train] ep3 step26940 loss=0.0588 l1=0.0360
[train] ep3 step26960 loss=0.0556 l1=0.0270
[train] ep3 step26980 loss=0.0937 l1=0.0640
[train] ep3 step27000 loss=0.0655 l1=0.0458
[train] ep3 step27020 loss=0.0848 l1=0.0528
[train] ep3 step27040 loss=0.1006 l1=0.0573
[train] ep3 step27060 loss=0.0545 l1=0.0336
[train] ep3 step27080 loss=0.0675 l1=0.0413
[train] ep3 step27100 loss=0.1364 l1=0.0693
[train] ep3 step27120 loss=0.1031 l1=0.0552
[train] ep3 step27140 loss=0.0667 l1=0.0328
[train] ep3 step27160 loss=0.1074 l1=0.0627
[train] ep3 step27180 loss=0.1109 l1=0.0720
[train] ep3 step27200 loss=0.0394 l1=0.0249
[train] ep3 step27220 loss=0.1236 l1=0.0670
[train] ep3 step27240 loss=0.0676 l1=0.0365
[train] ep3 step27260 loss=0.0737 l1=0.0469
[train] ep3 step27280 loss=0.0759 l1=0.0409
[train] ep3 step27300 loss=0.0712 l1=0.0419
[train] ep3 step27320 loss=0.0675 l1=0.0381
[train] ep3 step27340 loss=0.0427 l1=0.0247
[train] ep3 step27360 loss=0.1120 l1=0.0646
[train] ep3 step27380 loss=0.0930 l1=0.0577
[train] ep3 step27400 loss=0.0935 l1=0.0515
[train] ep3 step27420 loss=0.1207 l1=0.0692
[train] ep3 step27440 loss=0.1134 l1=0.0645
[train] ep3 step27460 loss=0.1065 l1=0.0531
[train] ep3 step27480 loss=0.0717 l1=0.0428
[train] ep3 step27500 loss=0.1372 l1=0.0617
[train] ep3 step27520 loss=0.0394 l1=0.0211
[train] ep3 step27540 loss=0.0634 l1=0.0338
[train] ep3 step27560 loss=0.0658 l1=0.0425
[train] ep3 step27580 loss=0.0861 l1=0.0491
[train] ep3 step27600 loss=0.0808 l1=0.0418
[train] ep3 step27620 loss=0.1142 l1=0.0683
[train] ep3 step27640 loss=0.0717 l1=0.0504
[train] ep3 step27660 loss=0.1166 l1=0.0668
[train] ep3 step27680 loss=0.0618 l1=0.0484
[train] ep3 step27700 loss=0.0896 l1=0.0473
[train] ep3 step27720 loss=0.1242 l1=0.0678
[train] ep3 step27740 loss=0.0782 l1=0.0510
[train] ep3 step27760 loss=0.1057 l1=0.0617
[train] ep3 step27780 loss=0.0769 l1=0.0431
[train] ep3 step27800 loss=0.0743 l1=0.0481
[train] ep3 step27820 loss=0.0927 l1=0.0554
[train] ep3 step27840 loss=0.0726 l1=0.0369
[train] ep3 step27860 loss=0.0504 l1=0.0275
[train] ep3 step27880 loss=0.0510 l1=0.0255
[train] ep3 step27900 loss=0.0813 l1=0.0408
[train] ep3 step27920 loss=0.1249 l1=0.0719
[train] ep3 step27940 loss=0.0879 l1=0.0536
[train] ep3 step27960 loss=0.0667 l1=0.0375
[train] ep3 step27980 loss=0.0941 l1=0.0518
[train] ep3 step28000 loss=0.0923 l1=0.0559
[train] ep3 step28020 loss=0.0591 l1=0.0336
[train] ep3 step28040 loss=0.0900 l1=0.0459
[train] ep3 step28060 loss=0.0545 l1=0.0426
[train] ep3 step28080 loss=0.0492 l1=0.0266
[train] ep3 step28100 loss=0.1310 l1=0.0652
[train] ep3 step28120 loss=0.0939 l1=0.0482
[train] ep3 step28140 loss=0.0863 l1=0.0494
[train] ep3 step28160 loss=0.1346 l1=0.0728
[train] ep3 step28180 loss=0.0592 l1=0.0396
[train] ep3 step28200 loss=0.1035 l1=0.0632
[train] ep3 step28220 loss=0.0492 l1=0.0239
[train] ep3 step28240 loss=0.0817 l1=0.0560
[train] ep3 step28260 loss=0.0823 l1=0.0441
[train] ep3 step28280 loss=0.0511 l1=0.0399
[train] ep3 step28300 loss=0.1244 l1=0.0711
[train] ep3 step28320 loss=0.1083 l1=0.0632
[train] ep3 step28340 loss=0.1040 l1=0.0573
[train] ep3 step28360 loss=0.0742 l1=0.0476
[train] ep3 step28380 loss=0.0653 l1=0.0351
[train] ep3 step28400 loss=0.0833 l1=0.0429
[train] ep3 step28420 loss=0.0715 l1=0.0429
[train] ep3 step28440 loss=0.0372 l1=0.0208
[train] ep3 step28460 loss=0.0936 l1=0.0482
[train] ep3 step28480 loss=0.1075 l1=0.0625
[train] ep3 step28500 loss=0.0742 l1=0.0513
[train] ep3 step28520 loss=0.0818 l1=0.0567
[train] ep3 step28540 loss=0.0988 l1=0.0543
[train] ep3 step28560 loss=0.0891 l1=0.0488
[train] ep3 step28580 loss=0.0859 l1=0.0517
[train] ep3 step28600 loss=0.0837 l1=0.0445
[train] ep3 step28620 loss=0.1216 l1=0.0629
[train] ep3 step28640 loss=0.0750 l1=0.0446
[train] ep3 step28660 loss=0.0701 l1=0.0490
[train] ep3 step28680 loss=0.0775 l1=0.0373
[train] ep3 step28700 loss=0.0488 l1=0.0316
[train] ep3 step28720 loss=0.1292 l1=0.0735
[train] ep3 step28740 loss=0.1001 l1=0.0515
[train] ep3 step28760 loss=0.0442 l1=0.0320
[train] ep3 step28780 loss=0.0851 l1=0.0514
[train] ep3 step28800 loss=0.0731 l1=0.0445
[train] ep3 step28820 loss=0.0937 l1=0.0518
[train] ep3 step28840 loss=0.1070 l1=0.0588
[train] ep3 step28860 loss=0.0863 l1=0.0485
[train] ep3 step28880 loss=0.0848 l1=0.0502
[train] ep3 step28900 loss=0.0626 l1=0.0439
[train] ep3 step28920 loss=0.0572 l1=0.0367
[train] ep3 step28940 loss=0.0343 l1=0.0203
[train] ep3 step28960 loss=0.0654 l1=0.0345
[train] ep3 step28980 loss=0.0961 l1=0.0566
[train] ep3 step29000 loss=0.1167 l1=0.0741
[train] ep3 step29020 loss=0.0615 l1=0.0301
[train] ep3 step29040 loss=0.0886 l1=0.0552
[train] ep3 step29060 loss=0.0606 l1=0.0421
[train] ep3 step29080 loss=0.0770 l1=0.0516
[train] ep3 step29100 loss=0.0807 l1=0.0479
[train] ep3 step29120 loss=0.0845 l1=0.0550
[train] ep3 step29140 loss=0.0389 l1=0.0264
[train] ep3 step29160 loss=0.0840 l1=0.0459
[train] ep3 step29180 loss=0.0971 l1=0.0531
[train] ep3 step29200 loss=0.1086 l1=0.0608
[train] ep3 step29220 loss=0.0620 l1=0.0350
[train] ep3 step29240 loss=0.0669 l1=0.0414
[train] ep3 step29260 loss=0.0617 l1=0.0522
[train] ep3 step29280 loss=0.0725 l1=0.0450
[train] ep3 step29300 loss=0.0977 l1=0.0484
[train] ep3 step29320 loss=0.0732 l1=0.0396
[train] ep3 step29340 loss=0.1114 l1=0.0651
[train] ep3 step29360 loss=0.0914 l1=0.0577
[train] ep3 step29380 loss=0.0814 l1=0.0499
[train] ep3 step29400 loss=0.1567 l1=0.0835
[train] ep3 step29420 loss=0.0878 l1=0.0630
[train] ep3 step29440 loss=0.0977 l1=0.0532
[train] ep3 step29460 loss=0.1246 l1=0.0667
[train] ep3 step29480 loss=0.1070 l1=0.0628
[train] ep3 step29500 loss=0.1026 l1=0.0604
[train] ep3 step29520 loss=0.0979 l1=0.0588
[train] ep3 step29540 loss=0.0851 l1=0.0488
[train] ep3 step29560 loss=0.1102 l1=0.0613
[train] ep3 step29580 loss=0.0655 l1=0.0401
[train] ep3 step29600 loss=0.0689 l1=0.0428
[train] ep3 step29620 loss=0.0708 l1=0.0463
[train] ep3 step29640 loss=0.0802 l1=0.0407
[train] ep3 step29660 loss=0.0747 l1=0.0493
[train] ep3 step29680 loss=0.1283 l1=0.0587
[train] ep3 step29700 loss=0.0898 l1=0.0476
[train] ep3 step29720 loss=0.0821 l1=0.0440
[train] ep3 step29740 loss=0.0683 l1=0.0433
[train] ep3 step29760 loss=0.1042 l1=0.0585
[train] ep3 step29780 loss=0.0916 l1=0.0547
[train] ep3 step29800 loss=0.0521 l1=0.0356
[train] ep3 step29820 loss=0.0698 l1=0.0452
[train] ep3 step29840 loss=0.0931 l1=0.0473
[train] ep3 step29860 loss=0.1246 l1=0.0674
[train] ep3 step29880 loss=0.1000 l1=0.0556
[train] ep3 step29900 loss=0.0941 l1=0.0575
[train] ep3 step29920 loss=0.1072 l1=0.0557
[train] ep3 step29940 loss=0.1087 l1=0.0510
[train] ep3 step29960 loss=0.0750 l1=0.0433
[train] ep3 step29980 loss=0.1342 l1=0.0661
[val] ep3 loss=0.0880  PSNR in/out=21.75/28.27  MAE in/out=0.0554/0.0252
[val] new best loss=0.0880
[train] ep4 step30000 loss=0.0640 l1=0.0349
[train] ep4 step30020 loss=0.0704 l1=0.0461
[train] ep4 step30040 loss=0.0611 l1=0.0385
[train] ep4 step30060 loss=0.1195 l1=0.0703
[train] ep4 step30080 loss=0.0568 l1=0.0399
[train] ep4 step30100 loss=0.0743 l1=0.0471
[train] ep4 step30120 loss=0.0664 l1=0.0486
[train] ep4 step30140 loss=0.0890 l1=0.0542
[train] ep4 step30160 loss=0.0852 l1=0.0535
[train] ep4 step30180 loss=0.0591 l1=0.0324
[train] ep4 step30200 loss=0.1084 l1=0.0603
[train] ep4 step30220 loss=0.0665 l1=0.0409
[train] ep4 step30240 loss=0.0957 l1=0.0532
[train] ep4 step30260 loss=0.1204 l1=0.0724
[train] ep4 step30280 loss=0.0851 l1=0.0497
[train] ep4 step30300 loss=0.0457 l1=0.0240
[train] ep4 step30320 loss=0.0712 l1=0.0443
[train] ep4 step30340 loss=0.0703 l1=0.0411
[train] ep4 step30360 loss=0.0852 l1=0.0491
[train] ep4 step30380 loss=0.1226 l1=0.0657
[train] ep4 step30400 loss=0.0979 l1=0.0508
[train] ep4 step30420 loss=0.0723 l1=0.0413
[train] ep4 step30440 loss=0.0665 l1=0.0408
[train] ep4 step30460 loss=0.0597 l1=0.0463
[train] ep4 step30480 loss=0.1043 l1=0.0697
[train] ep4 step30500 loss=0.0820 l1=0.0531
[train] ep4 step30520 loss=0.1063 l1=0.0538
[train] ep4 step30540 loss=0.0651 l1=0.0365
[train] ep4 step30560 loss=0.0749 l1=0.0422
[train] ep4 step30580 loss=0.0950 l1=0.0462
[train] ep4 step30600 loss=0.0657 l1=0.0392
[train] ep4 step30620 loss=0.0973 l1=0.0602
[train] ep4 step30640 loss=0.0492 l1=0.0252
[train] ep4 step30660 loss=0.0803 l1=0.0420
[train] ep4 step30680 loss=0.0602 l1=0.0351
[train] ep4 step30700 loss=0.1255 l1=0.0654
[train] ep4 step30720 loss=0.0964 l1=0.0550
[train] ep4 step30740 loss=0.0749 l1=0.0570
[train] ep4 step30760 loss=0.0852 l1=0.0587
[train] ep4 step30780 loss=0.1229 l1=0.0569
[train] ep4 step30800 loss=0.0734 l1=0.0450
[train] ep4 step30820 loss=0.0433 l1=0.0229
[train] ep4 step30840 loss=0.0740 l1=0.0486
[train] ep4 step30860 loss=0.1013 l1=0.0719
[train] ep4 step30880 loss=0.0384 l1=0.0232
[train] ep4 step30900 loss=0.1189 l1=0.0665
[train] ep4 step30920 loss=0.0616 l1=0.0369
[train] ep4 step30940 loss=0.0965 l1=0.0549
[train] ep4 step30960 loss=0.0443 l1=0.0285
[train] ep4 step30980 loss=0.1016 l1=0.0604
[train] ep4 step31000 loss=0.0746 l1=0.0461
[train] ep4 step31020 loss=0.1232 l1=0.0637
[train] ep4 step31040 loss=0.0970 l1=0.0530
[train] ep4 step31060 loss=0.1010 l1=0.0563
[train] ep4 step31080 loss=0.0741 l1=0.0457
[train] ep4 step31100 loss=0.0467 l1=0.0272
[train] ep4 step31120 loss=0.1169 l1=0.0597
[train] ep4 step31140 loss=0.0589 l1=0.0316
[train] ep4 step31160 loss=0.0835 l1=0.0472
[train] ep4 step31180 loss=0.1208 l1=0.0755
[train] ep4 step31200 loss=0.1147 l1=0.0709
[train] ep4 step31220 loss=0.0828 l1=0.0458
[train] ep4 step31240 loss=0.1102 l1=0.0698
[train] ep4 step31260 loss=0.0976 l1=0.0614
[train] ep4 step31280 loss=0.1034 l1=0.0549
[train] ep4 step31300 loss=0.1108 l1=0.0624
[train] ep4 step31320 loss=0.0604 l1=0.0307
[train] ep4 step31340 loss=0.0706 l1=0.0392
[train] ep4 step31360 loss=0.0367 l1=0.0237
[train] ep4 step31380 loss=0.0966 l1=0.0491
[train] ep4 step31400 loss=0.0432 l1=0.0220
[train] ep4 step31420 loss=0.0832 l1=0.0472
[train] ep4 step31440 loss=0.0724 l1=0.0395
[train] ep4 step31460 loss=0.0655 l1=0.0395
[train] ep4 step31480 loss=0.0363 l1=0.0183
[train] ep4 step31500 loss=0.1127 l1=0.0637
[train] ep4 step31520 loss=0.0385 l1=0.0240
[train] ep4 step31540 loss=0.0987 l1=0.0617
[train] ep4 step31560 loss=0.0643 l1=0.0377
[train] ep4 step31580 loss=0.0802 l1=0.0425
[train] ep4 step31600 loss=0.0860 l1=0.0462
[train] ep4 step31620 loss=0.1204 l1=0.0556
[train] ep4 step31640 loss=0.0793 l1=0.0523
[train] ep4 step31660 loss=0.1236 l1=0.0783
[train] ep4 step31680 loss=0.0828 l1=0.0480
[train] ep4 step31700 loss=0.0390 l1=0.0201
[train] ep4 step31720 loss=0.1110 l1=0.0582
[train] ep4 step31740 loss=0.0921 l1=0.0549
[train] ep4 step31760 loss=0.0520 l1=0.0340
[train] ep4 step31780 loss=0.1119 l1=0.0633
[train] ep4 step31800 loss=0.0576 l1=0.0338
[train] ep4 step31820 loss=0.0689 l1=0.0404
[train] ep4 step31840 loss=0.0698 l1=0.0465
[train] ep4 step31860 loss=0.0937 l1=0.0616
[train] ep4 step31880 loss=0.1193 l1=0.0752
[train] ep4 step31900 loss=0.0730 l1=0.0396
[train] ep4 step31920 loss=0.0771 l1=0.0434
[train] ep4 step31940 loss=0.0668 l1=0.0391
[train] ep4 step31960 loss=0.1140 l1=0.0611
[train] ep4 step31980 loss=0.0812 l1=0.0525
[train] ep4 step32000 loss=0.0973 l1=0.0509
[train] ep4 step32020 loss=0.1169 l1=0.0611
[train] ep4 step32040 loss=0.0743 l1=0.0415
[train] ep4 step32060 loss=0.1043 l1=0.0639
[train] ep4 step32080 loss=0.0674 l1=0.0398
[train] ep4 step32100 loss=0.0632 l1=0.0369
[train] ep4 step32120 loss=0.0739 l1=0.0392
[train] ep4 step32140 loss=0.0764 l1=0.0385
[train] ep4 step32160 loss=0.1044 l1=0.0572
[train] ep4 step32180 loss=0.0540 l1=0.0317
[train] ep4 step32200 loss=0.1460 l1=0.0680
[train] ep4 step32220 loss=0.0640 l1=0.0324
[train] ep4 step32240 loss=0.0861 l1=0.0592
[train] ep4 step32260 loss=0.1083 l1=0.0522
[train] ep4 step32280 loss=0.0812 l1=0.0498
[train] ep4 step32300 loss=0.0545 l1=0.0300
[train] ep4 step32320 loss=0.0491 l1=0.0295
[train] ep4 step32340 loss=0.0669 l1=0.0381
[train] ep4 step32360 loss=0.1309 l1=0.0728
[train] ep4 step32380 loss=0.0540 l1=0.0321
[train] ep4 step32400 loss=0.0821 l1=0.0498
[train] ep4 step32420 loss=0.0655 l1=0.0530
[train] ep4 step32440 loss=0.0845 l1=0.0402
[train] ep4 step32460 loss=0.0892 l1=0.0496
[train] ep4 step32480 loss=0.0730 l1=0.0458
[train] ep4 step32500 loss=0.0715 l1=0.0441
[train] ep4 step32520 loss=0.0676 l1=0.0398
[train] ep4 step32540 loss=0.0672 l1=0.0452
[train] ep4 step32560 loss=0.0993 l1=0.0640
[train] ep4 step32580 loss=0.0635 l1=0.0394
[train] ep4 step32600 loss=0.0907 l1=0.0468
[train] ep4 step32620 loss=0.0616 l1=0.0385
[train] ep4 step32640 loss=0.0776 l1=0.0389
[train] ep4 step32660 loss=0.0822 l1=0.0579
[train] ep4 step32680 loss=0.1324 l1=0.0804
[train] ep4 step32700 loss=0.0913 l1=0.0485
[train] ep4 step32720 loss=0.0579 l1=0.0307
[train] ep4 step32740 loss=0.0864 l1=0.0510
[train] ep4 step32760 loss=0.1104 l1=0.0702
[train] ep4 step32780 loss=0.0625 l1=0.0399
[train] ep4 step32800 loss=0.0815 l1=0.0508
[train] ep4 step32820 loss=0.1089 l1=0.0620
[train] ep4 step32840 loss=0.1036 l1=0.0614
[train] ep4 step32860 loss=0.1036 l1=0.0608
[train] ep4 step32880 loss=0.1152 l1=0.0691
[train] ep4 step32900 loss=0.1325 l1=0.0707
[train] ep4 step32920 loss=0.0877 l1=0.0504
[train] ep4 step32940 loss=0.0728 l1=0.0514
[train] ep4 step32960 loss=0.0959 l1=0.0575
[train] ep4 step32980 loss=0.0911 l1=0.0540
[train] ep4 step33000 loss=0.0656 l1=0.0469
[train] ep4 step33020 loss=0.0910 l1=0.0619
[train] ep4 step33040 loss=0.1110 l1=0.0638
[train] ep4 step33060 loss=0.0908 l1=0.0521
[train] ep4 step33080 loss=0.0840 l1=0.0484
[train] ep4 step33100 loss=0.0843 l1=0.0473
[train] ep4 step33120 loss=0.1162 l1=0.0577
[train] ep4 step33140 loss=0.0639 l1=0.0394
[train] ep4 step33160 loss=0.0584 l1=0.0289
[train] ep4 step33180 loss=0.0545 l1=0.0278
[train] ep4 step33200 loss=0.1068 l1=0.0608
[train] ep4 step33220 loss=0.0836 l1=0.0463
[train] ep4 step33240 loss=0.0820 l1=0.0454
[train] ep4 step33260 loss=0.0830 l1=0.0550
[train] ep4 step33280 loss=0.0455 l1=0.0278
[train] ep4 step33300 loss=0.0913 l1=0.0470
[train] ep4 step33320 loss=0.0538 l1=0.0310
[train] ep4 step33340 loss=0.0723 l1=0.0436
[train] ep4 step33360 loss=0.0847 l1=0.0505
[train] ep4 step33380 loss=0.0636 l1=0.0435
[train] ep4 step33400 loss=0.1262 l1=0.0656
[train] ep4 step33420 loss=0.0601 l1=0.0477
[train] ep4 step33440 loss=0.0680 l1=0.0359
[train] ep4 step33460 loss=0.0749 l1=0.0433
[train] ep4 step33480 loss=0.1039 l1=0.0515
[train] ep4 step33500 loss=0.1455 l1=0.0791
[train] ep4 step33520 loss=0.1022 l1=0.0594
[train] ep4 step33540 loss=0.1104 l1=0.0619
[train] ep4 step33560 loss=0.1091 l1=0.0515
[train] ep4 step33580 loss=0.0901 l1=0.0474
[train] ep4 step33600 loss=0.1318 l1=0.0757
[train] ep4 step33620 loss=0.0740 l1=0.0416
[train] ep4 step33640 loss=0.0649 l1=0.0339
[train] ep4 step33660 loss=0.1122 l1=0.0561
[train] ep4 step33680 loss=0.0968 l1=0.0534
[train] ep4 step33700 loss=0.0476 l1=0.0379
[train] ep4 step33720 loss=0.0977 l1=0.0560
[train] ep4 step33740 loss=0.0566 l1=0.0291
[train] ep4 step33760 loss=0.0734 l1=0.0370
[train] ep4 step33780 loss=0.0416 l1=0.0292
[train] ep4 step33800 loss=0.0853 l1=0.0432
[train] ep4 step33820 loss=0.0556 l1=0.0312
[train] ep4 step33840 loss=0.1288 l1=0.0714
[train] ep4 step33860 loss=0.0433 l1=0.0227
[train] ep4 step33880 loss=0.0855 l1=0.0537
[train] ep4 step33900 loss=0.0436 l1=0.0227
[train] ep4 step33920 loss=0.0805 l1=0.0509
[train] ep4 step33940 loss=0.0975 l1=0.0603
[train] ep4 step33960 loss=0.0724 l1=0.0382
[train] ep4 step33980 loss=0.0627 l1=0.0365
[train] ep4 step34000 loss=0.0732 l1=0.0481
[train] ep4 step34020 loss=0.0954 l1=0.0526
[train] ep4 step34040 loss=0.0607 l1=0.0370
[train] ep4 step34060 loss=0.0685 l1=0.0334
[train] ep4 step34080 loss=0.0901 l1=0.0536
[train] ep4 step34100 loss=0.0714 l1=0.0428
[train] ep4 step34120 loss=0.0856 l1=0.0493
[train] ep4 step34140 loss=0.1050 l1=0.0657
[train] ep4 step34160 loss=0.1067 l1=0.0747
[train] ep4 step34180 loss=0.0845 l1=0.0566
[train] ep4 step34200 loss=0.0882 l1=0.0516
[train] ep4 step34220 loss=0.0574 l1=0.0357
[train] ep4 step34240 loss=0.0821 l1=0.0530
[train] ep4 step34260 loss=0.0713 l1=0.0409
[train] ep4 step34280 loss=0.0730 l1=0.0482
[train] ep4 step34300 loss=0.1151 l1=0.0598
[train] ep4 step34320 loss=0.0657 l1=0.0365
[train] ep4 step34340 loss=0.0935 l1=0.0543
[train] ep4 step34360 loss=0.0560 l1=0.0352
[train] ep4 step34380 loss=0.0954 l1=0.0526
[train] ep4 step34400 loss=0.0666 l1=0.0392
[train] ep4 step34420 loss=0.0678 l1=0.0499
[train] ep4 step34440 loss=0.0787 l1=0.0480
[train] ep4 step34460 loss=0.0684 l1=0.0375
[train] ep4 step34480 loss=0.1133 l1=0.0527
[train] ep4 step34500 loss=0.1247 l1=0.0679
[train] ep4 step34520 loss=0.0947 l1=0.0558
[train] ep4 step34540 loss=0.0673 l1=0.0357
[train] ep4 step34560 loss=0.0982 l1=0.0477
[train] ep4 step34580 loss=0.1020 l1=0.0500
[train] ep4 step34600 loss=0.0660 l1=0.0484
[train] ep4 step34620 loss=0.0768 l1=0.0449
[train] ep4 step34640 loss=0.1194 l1=0.0614
[train] ep4 step34660 loss=0.1254 l1=0.0676
[train] ep4 step34680 loss=0.0982 l1=0.0475
[train] ep4 step34700 loss=0.0497 l1=0.0339
[train] ep4 step34720 loss=0.0616 l1=0.0347
[train] ep4 step34740 loss=0.0636 l1=0.0309
[train] ep4 step34760 loss=0.0818 l1=0.0473
[train] ep4 step34780 loss=0.0852 l1=0.0469
[train] ep4 step34800 loss=0.0885 l1=0.0535
[train] ep4 step34820 loss=0.0604 l1=0.0417
[train] ep4 step34840 loss=0.0505 l1=0.0289
[train] ep4 step34860 loss=0.0980 l1=0.0506
[train] ep4 step34880 loss=0.1196 l1=0.0761
[train] ep4 step34900 loss=0.0882 l1=0.0526
[train] ep4 step34920 loss=0.1052 l1=0.0597
[train] ep4 step34940 loss=0.1073 l1=0.0529
[train] ep4 step34960 loss=0.0632 l1=0.0359
[train] ep4 step34980 loss=0.0918 l1=0.0563
[train] ep4 step35000 loss=0.0452 l1=0.0235
[train] ep4 step35020 loss=0.0869 l1=0.0454
[train] ep4 step35040 loss=0.0847 l1=0.0518
[train] ep4 step35060 loss=0.1265 l1=0.0587
[train] ep4 step35080 loss=0.0611 l1=0.0353
[train] ep4 step35100 loss=0.0810 l1=0.0418
[train] ep4 step35120 loss=0.1012 l1=0.0550
[train] ep4 step35140 loss=0.1242 l1=0.0680
[train] ep4 step35160 loss=0.1114 l1=0.0641
[train] ep4 step35180 loss=0.0694 l1=0.0374
[train] ep4 step35200 loss=0.0863 l1=0.0500
[train] ep4 step35220 loss=0.0795 l1=0.0475
[train] ep4 step35240 loss=0.0837 l1=0.0563
[train] ep4 step35260 loss=0.1989 l1=0.1086
[train] ep4 step35280 loss=0.0888 l1=0.0485
[train] ep4 step35300 loss=0.0906 l1=0.0532
[train] ep4 step35320 loss=0.0625 l1=0.0356
[train] ep4 step35340 loss=0.0525 l1=0.0320
[train] ep4 step35360 loss=0.0777 l1=0.0420
[train] ep4 step35380 loss=0.0841 l1=0.0463
[train] ep4 step35400 loss=0.1220 l1=0.0576
[train] ep4 step35420 loss=0.0851 l1=0.0504
[train] ep4 step35440 loss=0.1074 l1=0.0586
[train] ep4 step35460 loss=0.0834 l1=0.0480
[train] ep4 step35480 loss=0.0706 l1=0.0408
[train] ep4 step35500 loss=0.0660 l1=0.0382
[train] ep4 step35520 loss=0.0828 l1=0.0443
[train] ep4 step35540 loss=0.0809 l1=0.0454
[train] ep4 step35560 loss=0.1007 l1=0.0535
[train] ep4 step35580 loss=0.0627 l1=0.0347
[train] ep4 step35600 loss=0.0779 l1=0.0441
[train] ep4 step35620 loss=0.0567 l1=0.0325
[train] ep4 step35640 loss=0.0882 l1=0.0576
[train] ep4 step35660 loss=0.0647 l1=0.0385
[train] ep4 step35680 loss=0.0626 l1=0.0355
[train] ep4 step35700 loss=0.0830 l1=0.0498
[train] ep4 step35720 loss=0.0718 l1=0.0404
[train] ep4 step35740 loss=0.0838 l1=0.0511
[train] ep4 step35760 loss=0.0873 l1=0.0448
[train] ep4 step35780 loss=0.0661 l1=0.0329
[train] ep4 step35800 loss=0.0937 l1=0.0573
[train] ep4 step35820 loss=0.0860 l1=0.0445
[train] ep4 step35840 loss=0.0698 l1=0.0386
[train] ep4 step35860 loss=0.1100 l1=0.0620
[train] ep4 step35880 loss=0.0646 l1=0.0347
[train] ep4 step35900 loss=0.0688 l1=0.0419
[train] ep4 step35920 loss=0.0949 l1=0.0493
[train] ep4 step35940 loss=0.0798 l1=0.0469
[train] ep4 step35960 loss=0.1285 l1=0.0651
[train] ep4 step35980 loss=0.0667 l1=0.0371
[train] ep4 step36000 loss=0.0752 l1=0.0502
[train] ep4 step36020 loss=0.0754 l1=0.0510
[train] ep4 step36040 loss=0.1361 l1=0.0772
[train] ep4 step36060 loss=0.1107 l1=0.0670
[train] ep4 step36080 loss=0.0759 l1=0.0509
[train] ep4 step36100 loss=0.0791 l1=0.0476
[train] ep4 step36120 loss=0.1027 l1=0.0585
[train] ep4 step36140 loss=0.0936 l1=0.0508
[train] ep4 step36160 loss=0.0939 l1=0.0585
[train] ep4 step36180 loss=0.0901 l1=0.0548
[train] ep4 step36200 loss=0.0835 l1=0.0525
[train] ep4 step36220 loss=0.0404 l1=0.0229
[train] ep4 step36240 loss=0.0697 l1=0.0406
[train] ep4 step36260 loss=0.0627 l1=0.0360
[train] ep4 step36280 loss=0.1293 l1=0.0697
[train] ep4 step36300 loss=0.0683 l1=0.0324
[train] ep4 step36320 loss=0.0730 l1=0.0402
[train] ep4 step36340 loss=0.0821 l1=0.0570
[train] ep4 step36360 loss=0.0753 l1=0.0593
[train] ep4 step36380 loss=0.0806 l1=0.0449
[train] ep4 step36400 loss=0.1065 l1=0.0607
[train] ep4 step36420 loss=0.0661 l1=0.0398
[train] ep4 step36440 loss=0.1018 l1=0.0635
[train] ep4 step36460 loss=0.0373 l1=0.0205
[train] ep4 step36480 loss=0.0854 l1=0.0510
[train] ep4 step36500 loss=0.1132 l1=0.0611
[train] ep4 step36520 loss=0.0930 l1=0.0598
[train] ep4 step36540 loss=0.1089 l1=0.0580
[train] ep4 step36560 loss=0.0557 l1=0.0323
[train] ep4 step36580 loss=0.0996 l1=0.0609
[train] ep4 step36600 loss=0.0910 l1=0.0453
[train] ep4 step36620 loss=0.0859 l1=0.0528
[train] ep4 step36640 loss=0.0731 l1=0.0418
[train] ep4 step36660 loss=0.0578 l1=0.0360
[train] ep4 step36680 loss=0.0932 l1=0.0550
[train] ep4 step36700 loss=0.0693 l1=0.0364
[train] ep4 step36720 loss=0.0848 l1=0.0446
[train] ep4 step36740 loss=0.0853 l1=0.0457
[train] ep4 step36760 loss=0.1251 l1=0.0721
[train] ep4 step36780 loss=0.0748 l1=0.0379
[train] ep4 step36800 loss=0.1066 l1=0.0550
[train] ep4 step36820 loss=0.1220 l1=0.0590
[train] ep4 step36840 loss=0.0772 l1=0.0451
[train] ep4 step36860 loss=0.0679 l1=0.0378
[train] ep4 step36880 loss=0.1006 l1=0.0575
[train] ep4 step36900 loss=0.0764 l1=0.0390
[train] ep4 step36920 loss=0.1322 l1=0.0701
[train] ep4 step36940 loss=0.0560 l1=0.0381
[train] ep4 step36960 loss=0.0741 l1=0.0497
[train] ep4 step36980 loss=0.0834 l1=0.0423
[train] ep4 step37000 loss=0.0779 l1=0.0450
[train] ep4 step37020 loss=0.1068 l1=0.0626
[train] ep4 step37040 loss=0.0554 l1=0.0311
[train] ep4 step37060 loss=0.1127 l1=0.0641
[train] ep4 step37080 loss=0.0664 l1=0.0468
[train] ep4 step37100 loss=0.0865 l1=0.0447
[train] ep4 step37120 loss=0.0703 l1=0.0475
[train] ep4 step37140 loss=0.0587 l1=0.0377
[train] ep4 step37160 loss=0.1103 l1=0.0664
[train] ep4 step37180 loss=0.0410 l1=0.0264
[train] ep4 step37200 loss=0.0711 l1=0.0438
[train] ep4 step37220 loss=0.1195 l1=0.0608
[train] ep4 step37240 loss=0.0621 l1=0.0350
[train] ep4 step37260 loss=0.0901 l1=0.0555
[train] ep4 step37280 loss=0.0699 l1=0.0425
[train] ep4 step37300 loss=0.0711 l1=0.0393
[train] ep4 step37320 loss=0.1042 l1=0.0641
[train] ep4 step37340 loss=0.0649 l1=0.0392
[train] ep4 step37360 loss=0.0744 l1=0.0382
[train] ep4 step37380 loss=0.0974 l1=0.0565
[train] ep4 step37400 loss=0.0794 l1=0.0543
[train] ep4 step37420 loss=0.0972 l1=0.0580
[train] ep4 step37440 loss=0.0815 l1=0.0394
[train] ep4 step37460 loss=0.1300 l1=0.0668
[train] ep4 step37480 loss=0.1306 l1=0.0619
[val] ep4 loss=0.0866  PSNR in/out=21.66/28.39  MAE in/out=0.0560/0.0251
[val] new best loss=0.0866
[train] ep5 step37500 loss=0.0829 l1=0.0519
[train] ep5 step37520 loss=0.0744 l1=0.0474
[train] ep5 step37540 loss=0.0726 l1=0.0501
[train] ep5 step37560 loss=0.0650 l1=0.0351
[train] ep5 step37580 loss=0.1175 l1=0.0638
[train] ep5 step37600 loss=0.0812 l1=0.0452
[train] ep5 step37620 loss=0.0799 l1=0.0443
[train] ep5 step37640 loss=0.0626 l1=0.0455
[train] ep5 step37660 loss=0.1166 l1=0.0684
[train] ep5 step37680 loss=0.0547 l1=0.0301
[train] ep5 step37700 loss=0.0729 l1=0.0353
[train] ep5 step37720 loss=0.0988 l1=0.0493
[train] ep5 step37740 loss=0.1327 l1=0.0764
[train] ep5 step37760 loss=0.0984 l1=0.0614
[train] ep5 step37780 loss=0.0611 l1=0.0364
[train] ep5 step37800 loss=0.0766 l1=0.0436
[train] ep5 step37820 loss=0.0656 l1=0.0461
[train] ep5 step37840 loss=0.0522 l1=0.0308
[train] ep5 step37860 loss=0.1112 l1=0.0597
[train] ep5 step37880 loss=0.1017 l1=0.0566
[train] ep5 step37900 loss=0.1144 l1=0.0604
[train] ep5 step37920 loss=0.1203 l1=0.0717
[train] ep5 step37940 loss=0.0422 l1=0.0290
[train] ep5 step37960 loss=0.0780 l1=0.0474
[train] ep5 step37980 loss=0.0700 l1=0.0373
[train] ep5 step38000 loss=0.0830 l1=0.0433
[train] ep5 step38020 loss=0.1065 l1=0.0588
[train] ep5 step38040 loss=0.0616 l1=0.0342
[train] ep5 step38060 loss=0.0892 l1=0.0553
[train] ep5 step38080 loss=0.1057 l1=0.0589
[train] ep5 step38100 loss=0.0591 l1=0.0451
[train] ep5 step38120 loss=0.1011 l1=0.0470
[train] ep5 step38140 loss=0.0706 l1=0.0431
[train] ep5 step38160 loss=0.0901 l1=0.0523
[train] ep5 step38180 loss=0.0992 l1=0.0481
[train] ep5 step38200 loss=0.1181 l1=0.0602
[train] ep5 step38220 loss=0.0822 l1=0.0556
[train] ep5 step38240 loss=0.0573 l1=0.0339
[train] ep5 step38260 loss=0.1153 l1=0.0687
[train] ep5 step38280 loss=0.0630 l1=0.0354
[train] ep5 step38300 loss=0.0690 l1=0.0376
[train] ep5 step38320 loss=0.1116 l1=0.0582
[train] ep5 step38340 loss=0.0931 l1=0.0625
[train] ep5 step38360 loss=0.0577 l1=0.0364
[train] ep5 step38380 loss=0.0767 l1=0.0430
[train] ep5 step38400 loss=0.0997 l1=0.0546
[train] ep5 step38420 loss=0.0550 l1=0.0281
[train] ep5 step38440 loss=0.0407 l1=0.0258
[train] ep5 step38460 loss=0.0297 l1=0.0163
[train] ep5 step38480 loss=0.0608 l1=0.0442
[train] ep5 step38500 loss=0.0504 l1=0.0360
[train] ep5 step38520 loss=0.0684 l1=0.0584
[train] ep5 step38540 loss=0.0732 l1=0.0397
[train] ep5 step38560 loss=0.0904 l1=0.0538
[train] ep5 step38580 loss=0.1215 l1=0.0674
[train] ep5 step38600 loss=0.0504 l1=0.0380
[train] ep5 step38620 loss=0.0535 l1=0.0381
[train] ep5 step38640 loss=0.1142 l1=0.0706
[train] ep5 step38660 loss=0.0884 l1=0.0533
[train] ep5 step38680 loss=0.0864 l1=0.0557
[train] ep5 step38700 loss=0.0879 l1=0.0598
[train] ep5 step38720 loss=0.0539 l1=0.0412
[train] ep5 step38740 loss=0.0952 l1=0.0536
[train] ep5 step38760 loss=0.0822 l1=0.0567
[train] ep5 step38780 loss=0.1194 l1=0.0644
[train] ep5 step38800 loss=0.0642 l1=0.0401
[train] ep5 step38820 loss=0.0634 l1=0.0338
[train] ep5 step38840 loss=0.0844 l1=0.0463
[train] ep5 step38860 loss=0.0693 l1=0.0486
[train] ep5 step38880 loss=0.0547 l1=0.0290
[train] ep5 step38900 loss=0.1041 l1=0.0529
[train] ep5 step38920 loss=0.0830 l1=0.0482
[train] ep5 step38940 loss=0.1246 l1=0.0734
[train] ep5 step38960 loss=0.0767 l1=0.0470
[train] ep5 step38980 loss=0.1286 l1=0.0655
[train] ep5 step39000 loss=0.0610 l1=0.0407
[train] ep5 step39020 loss=0.0569 l1=0.0404
[train] ep5 step39040 loss=0.0555 l1=0.0341
[train] ep5 step39060 loss=0.0534 l1=0.0365
[train] ep5 step39080 loss=0.1183 l1=0.0731
[train] ep5 step39100 loss=0.0903 l1=0.0511
[train] ep5 step39120 loss=0.0835 l1=0.0417
[train] ep5 step39140 loss=0.0626 l1=0.0347
[train] ep5 step39160 loss=0.0641 l1=0.0361
[train] ep5 step39180 loss=0.0922 l1=0.0615
[train] ep5 step39200 loss=0.0658 l1=0.0414
[train] ep5 step39220 loss=0.1575 l1=0.0828
[train] ep5 step39240 loss=0.0834 l1=0.0514
[train] ep5 step39260 loss=0.1101 l1=0.0578
[train] ep5 step39280 loss=0.0829 l1=0.0573
[train] ep5 step39300 loss=0.0654 l1=0.0389
[train] ep5 step39320 loss=0.0445 l1=0.0262
[train] ep5 step39340 loss=0.0671 l1=0.0380
[train] ep5 step39360 loss=0.0696 l1=0.0341
[train] ep5 step39380 loss=0.0839 l1=0.0464
[train] ep5 step39400 loss=0.0585 l1=0.0481
[train] ep5 step39420 loss=0.0518 l1=0.0290
[train] ep5 step39440 loss=0.0475 l1=0.0242
[train] ep5 step39460 loss=0.0514 l1=0.0300
[train] ep5 step39480 loss=0.0831 l1=0.0475
[train] ep5 step39500 loss=0.0654 l1=0.0443
[train] ep5 step39520 loss=0.1304 l1=0.0731
[train] ep5 step39540 loss=0.0905 l1=0.0520
[train] ep5 step39560 loss=0.0514 l1=0.0320
[train] ep5 step39580 loss=0.0941 l1=0.0510
[train] ep5 step39600 loss=0.0744 l1=0.0508
[train] ep5 step39620 loss=0.0912 l1=0.0610
[train] ep5 step39640 loss=0.0618 l1=0.0383
[train] ep5 step39660 loss=0.0757 l1=0.0507
[train] ep5 step39680 loss=0.0541 l1=0.0345
[train] ep5 step39700 loss=0.0626 l1=0.0390
[train] ep5 step39720 loss=0.1123 l1=0.0663
[train] ep5 step39740 loss=0.0609 l1=0.0361
[train] ep5 step39760 loss=0.1204 l1=0.0607
[train] ep5 step39780 loss=0.0731 l1=0.0515
[train] ep5 step39800 loss=0.0775 l1=0.0474
[train] ep5 step39820 loss=0.0851 l1=0.0620
[train] ep5 step39840 loss=0.0567 l1=0.0330
[train] ep5 step39860 loss=0.0821 l1=0.0425
[train] ep5 step39880 loss=0.1129 l1=0.0610
[train] ep5 step39900 loss=0.0553 l1=0.0278
[train] ep5 step39920 loss=0.0756 l1=0.0450
[train] ep5 step39940 loss=0.0633 l1=0.0372
[train] ep5 step39960 loss=0.0732 l1=0.0479
[train] ep5 step39980 loss=0.1106 l1=0.0536
[train] ep5 step40000 loss=0.0634 l1=0.0429
[train] ep5 step40020 loss=0.0544 l1=0.0263
[train] ep5 step40040 loss=0.0735 l1=0.0408
[train] ep5 step40060 loss=0.0793 l1=0.0440
[train] ep5 step40080 loss=0.1299 l1=0.0666
[train] ep5 step40100 loss=0.0743 l1=0.0404
[train] ep5 step40120 loss=0.0548 l1=0.0316
[train] ep5 step40140 loss=0.1065 l1=0.0554
[train] ep5 step40160 loss=0.0651 l1=0.0468
[train] ep5 step40180 loss=0.0891 l1=0.0589
[train] ep5 step40200 loss=0.0503 l1=0.0300
[train] ep5 step40220 loss=0.0823 l1=0.0457
[train] ep5 step40240 loss=0.0760 l1=0.0368
[train] ep5 step40260 loss=0.0696 l1=0.0484
[train] ep5 step40280 loss=0.0910 l1=0.0519
[train] ep5 step40300 loss=0.0682 l1=0.0502
[train] ep5 step40320 loss=0.1005 l1=0.0683
[train] ep5 step40340 loss=0.0658 l1=0.0347
[train] ep5 step40360 loss=0.0846 l1=0.0481
[train] ep5 step40380 loss=0.0837 l1=0.0414
[train] ep5 step40400 loss=0.0689 l1=0.0409
[train] ep5 step40420 loss=0.0578 l1=0.0298
[train] ep5 step40440 loss=0.1372 l1=0.0693
[train] ep5 step40460 loss=0.1090 l1=0.0589
[train] ep5 step40480 loss=0.0722 l1=0.0409
[train] ep5 step40500 loss=0.0617 l1=0.0351
[train] ep5 step40520 loss=0.0671 l1=0.0497
[train] ep5 step40540 loss=0.0797 l1=0.0420
[train] ep5 step40560 loss=0.0614 l1=0.0355
[train] ep5 step40580 loss=0.0727 l1=0.0494
[train] ep5 step40600 loss=0.1107 l1=0.0570
[train] ep5 step40620 loss=0.0709 l1=0.0367
[train] ep5 step40640 loss=0.0898 l1=0.0556
[train] ep5 step40660 loss=0.0929 l1=0.0586
[train] ep5 step40680 loss=0.0900 l1=0.0538
[train] ep5 step40700 loss=0.0996 l1=0.0631
[train] ep5 step40720 loss=0.0785 l1=0.0414
[train] ep5 step40740 loss=0.0516 l1=0.0295
[train] ep5 step40760 loss=0.0717 l1=0.0485
[train] ep5 step40780 loss=0.0679 l1=0.0385
[train] ep5 step40800 loss=0.0994 l1=0.0644
[train] ep5 step40820 loss=0.0906 l1=0.0619
[train] ep5 step40840 loss=0.0972 l1=0.0570
[train] ep5 step40860 loss=0.0623 l1=0.0329
[train] ep5 step40880 loss=0.0502 l1=0.0343
[train] ep5 step40900 loss=0.0553 l1=0.0412
[train] ep5 step40920 loss=0.0605 l1=0.0391
[train] ep5 step40940 loss=0.1037 l1=0.0558
[train] ep5 step40960 loss=0.1321 l1=0.0679
[train] ep5 step40980 loss=0.1307 l1=0.0780
[train] ep5 step41000 loss=0.0592 l1=0.0402
[train] ep5 step41020 loss=0.0736 l1=0.0422
[train] ep5 step41040 loss=0.0824 l1=0.0463
[train] ep5 step41060 loss=0.0580 l1=0.0434
[train] ep5 step41080 loss=0.0972 l1=0.0547
[train] ep5 step41100 loss=0.0697 l1=0.0450
[train] ep5 step41120 loss=0.1322 l1=0.0813
[train] ep5 step41140 loss=0.0904 l1=0.0515
[train] ep5 step41160 loss=0.0775 l1=0.0519
[train] ep5 step41180 loss=0.0665 l1=0.0328
[train] ep5 step41200 loss=0.1008 l1=0.0561
[train] ep5 step41220 loss=0.0812 l1=0.0388
[train] ep5 step41240 loss=0.1225 l1=0.0689
[train] ep5 step41260 loss=0.0908 l1=0.0612
[train] ep5 step41280 loss=0.1255 l1=0.0623
[train] ep5 step41300 loss=0.0622 l1=0.0405
[train] ep5 step41320 loss=0.0749 l1=0.0424
[train] ep5 step41340 loss=0.0918 l1=0.0490
[train] ep5 step41360 loss=0.0883 l1=0.0523
[train] ep5 step41380 loss=0.0480 l1=0.0305
[train] ep5 step41400 loss=0.0560 l1=0.0368
[train] ep5 step41420 loss=0.1037 l1=0.0541
[train] ep5 step41440 loss=0.0852 l1=0.0527
[train] ep5 step41460 loss=0.1038 l1=0.0646
[train] ep5 step41480 loss=0.0770 l1=0.0556
[train] ep5 step41500 loss=0.1040 l1=0.0652
[train] ep5 step41520 loss=0.0828 l1=0.0542
[train] ep5 step41540 loss=0.0714 l1=0.0396
[train] ep5 step41560 loss=0.0969 l1=0.0465
[train] ep5 step41580 loss=0.0562 l1=0.0341
[train] ep5 step41600 loss=0.0675 l1=0.0485
[train] ep5 step41620 loss=0.1099 l1=0.0612
[train] ep5 step41640 loss=0.0603 l1=0.0323
[train] ep5 step41660 loss=0.1237 l1=0.0647
[train] ep5 step41680 loss=0.0875 l1=0.0466
[train] ep5 step41700 loss=0.0618 l1=0.0446
[train] ep5 step41720 loss=0.0828 l1=0.0489
[train] ep5 step41740 loss=0.0756 l1=0.0371
[train] ep5 step41760 loss=0.0914 l1=0.0447
[train] ep5 step41780 loss=0.0562 l1=0.0323
[train] ep5 step41800 loss=0.0452 l1=0.0260
[train] ep5 step41820 loss=0.0975 l1=0.0492
[train] ep5 step41840 loss=0.0583 l1=0.0344
[train] ep5 step41860 loss=0.1086 l1=0.0533
[train] ep5 step41880 loss=0.0815 l1=0.0488
[train] ep5 step41900 loss=0.0527 l1=0.0297
[train] ep5 step41920 loss=0.0561 l1=0.0378
[train] ep5 step41940 loss=0.0621 l1=0.0353
[train] ep5 step41960 loss=0.0956 l1=0.0464
[train] ep5 step41980 loss=0.1156 l1=0.0614
[train] ep5 step42000 loss=0.0739 l1=0.0354
[train] ep5 step42020 loss=0.0735 l1=0.0434
[train] ep5 step42040 loss=0.0518 l1=0.0307
[train] ep5 step42060 loss=0.0546 l1=0.0360
[train] ep5 step42080 loss=0.0663 l1=0.0342
[train] ep5 step42100 loss=0.0519 l1=0.0325
[train] ep5 step42120 loss=0.0545 l1=0.0430
[train] ep5 step42140 loss=0.0515 l1=0.0268
[train] ep5 step42160 loss=0.0644 l1=0.0450
[train] ep5 step42180 loss=0.1416 l1=0.0710
[train] ep5 step42200 loss=0.0978 l1=0.0499
[train] ep5 step42220 loss=0.0446 l1=0.0296
[train] ep5 step42240 loss=0.1266 l1=0.0649
[train] ep5 step42260 loss=0.0615 l1=0.0367
[train] ep5 step42280 loss=0.1050 l1=0.0580
[train] ep5 step42300 loss=0.1148 l1=0.0652
[train] ep5 step42320 loss=0.0751 l1=0.0417
[train] ep5 step42340 loss=0.0724 l1=0.0472
[train] ep5 step42360 loss=0.0887 l1=0.0546
[train] ep5 step42380 loss=0.1370 l1=0.0787
[train] ep5 step42400 loss=0.1064 l1=0.0610
[train] ep5 step42420 loss=0.0631 l1=0.0401
[train] ep5 step42440 loss=0.0838 l1=0.0504
[train] ep5 step42460 loss=0.0748 l1=0.0408
[train] ep5 step42480 loss=0.0703 l1=0.0376
[train] ep5 step42500 loss=0.0571 l1=0.0335
[train] ep5 step42520 loss=0.0951 l1=0.0482
[train] ep5 step42540 loss=0.0696 l1=0.0435
[train] ep5 step42560 loss=0.0746 l1=0.0390
[train] ep5 step42580 loss=0.0661 l1=0.0405
[train] ep5 step42600 loss=0.0650 l1=0.0348
[train] ep5 step42620 loss=0.0710 l1=0.0404
[train] ep5 step42640 loss=0.0959 l1=0.0624
[train] ep5 step42660 loss=0.1519 l1=0.0874
[train] ep5 step42680 loss=0.0761 l1=0.0408
[train] ep5 step42700 loss=0.0906 l1=0.0506
[train] ep5 step42720 loss=0.0738 l1=0.0415
[train] ep5 step42740 loss=0.0953 l1=0.0490
[train] ep5 step42760 loss=0.0913 l1=0.0446
[train] ep5 step42780 loss=0.0960 l1=0.0525
[train] ep5 step42800 loss=0.1007 l1=0.0552
[train] ep5 step42820 loss=0.1096 l1=0.0632
[train] ep5 step42840 loss=0.0673 l1=0.0477
[train] ep5 step42860 loss=0.0585 l1=0.0452
[train] ep5 step42880 loss=0.0483 l1=0.0309
[train] ep5 step42900 loss=0.0836 l1=0.0535
[train] ep5 step42920 loss=0.1140 l1=0.0652
[train] ep5 step42940 loss=0.0963 l1=0.0578
[train] ep5 step42960 loss=0.1265 l1=0.0809
[train] ep5 step42980 loss=0.0811 l1=0.0475
[train] ep5 step43000 loss=0.0765 l1=0.0467
[train] ep5 step43020 loss=0.0756 l1=0.0412
[train] ep5 step43040 loss=0.0818 l1=0.0444
[train] ep5 step43060 loss=0.0759 l1=0.0374
[train] ep5 step43080 loss=0.0745 l1=0.0480
[train] ep5 step43100 loss=0.1084 l1=0.0566
[train] ep5 step43120 loss=0.1194 l1=0.0695
[train] ep5 step43140 loss=0.1286 l1=0.0679
[train] ep5 step43160 loss=0.0558 l1=0.0354
[train] ep5 step43180 loss=0.1196 l1=0.0620
[train] ep5 step43200 loss=0.1149 l1=0.0600
[train] ep5 step43220 loss=0.1235 l1=0.0649
[train] ep5 step43240 loss=0.0867 l1=0.0444
[train] ep5 step43260 loss=0.0557 l1=0.0398
[train] ep5 step43280 loss=0.0981 l1=0.0574
[train] ep5 step43300 loss=0.0518 l1=0.0294
[train] ep5 step43320 loss=0.0832 l1=0.0461
[train] ep5 step43340 loss=0.1458 l1=0.0770
[train] ep5 step43360 loss=0.1296 l1=0.0627
[train] ep5 step43380 loss=0.1183 l1=0.0684
[train] ep5 step43400 loss=0.0627 l1=0.0401
[train] ep5 step43420 loss=0.0323 l1=0.0167
[train] ep5 step43440 loss=0.1077 l1=0.0526
[train] ep5 step43460 loss=0.1146 l1=0.0631
[train] ep5 step43480 loss=0.1131 l1=0.0636
[train] ep5 step43500 loss=0.1331 l1=0.0773
[train] ep5 step43520 loss=0.0829 l1=0.0445
[train] ep5 step43540 loss=0.0541 l1=0.0352
[train] ep5 step43560 loss=0.0529 l1=0.0338
[train] ep5 step43580 loss=0.1324 l1=0.0713
[train] ep5 step43600 loss=0.0854 l1=0.0415
[train] ep5 step43620 loss=0.0532 l1=0.0312
[train] ep5 step43640 loss=0.0573 l1=0.0309
[train] ep5 step43660 loss=0.0900 l1=0.0493
[train] ep5 step43680 loss=0.1354 l1=0.0717
[train] ep5 step43700 loss=0.0822 l1=0.0439
[train] ep5 step43720 loss=0.0526 l1=0.0367
[train] ep5 step43740 loss=0.0645 l1=0.0311
[train] ep5 step43760 loss=0.0816 l1=0.0480
[train] ep5 step43780 loss=0.0929 l1=0.0484
[train] ep5 step43800 loss=0.0800 l1=0.0451
[train] ep5 step43820 loss=0.0853 l1=0.0439
[train] ep5 step43840 loss=0.0818 l1=0.0420
[train] ep5 step43860 loss=0.1084 l1=0.0612
[train] ep5 step43880 loss=0.0963 l1=0.0502
[train] ep5 step43900 loss=0.0581 l1=0.0357
[train] ep5 step43920 loss=0.0561 l1=0.0348
[train] ep5 step43940 loss=0.1210 l1=0.0710
[train] ep5 step43960 loss=0.0755 l1=0.0438
[train] ep5 step43980 loss=0.0915 l1=0.0500
[train] ep5 step44000 loss=0.0606 l1=0.0458
[train] ep5 step44020 loss=0.0564 l1=0.0269
[train] ep5 step44040 loss=0.0441 l1=0.0242
[train] ep5 step44060 loss=0.0877 l1=0.0474
[train] ep5 step44080 loss=0.0647 l1=0.0390
[train] ep5 step44100 loss=0.0588 l1=0.0314
[train] ep5 step44120 loss=0.1442 l1=0.0661
[train] ep5 step44140 loss=0.1053 l1=0.0689
[train] ep5 step44160 loss=0.1333 l1=0.0622
[train] ep5 step44180 loss=0.0860 l1=0.0471
[train] ep5 step44200 loss=0.1149 l1=0.0637
[train] ep5 step44220 loss=0.1317 l1=0.0669
[train] ep5 step44240 loss=0.0846 l1=0.0470
[train] ep5 step44260 loss=0.0759 l1=0.0423
[train] ep5 step44280 loss=0.1083 l1=0.0610
[train] ep5 step44300 loss=0.0690 l1=0.0460
[train] ep5 step44320 loss=0.0690 l1=0.0401
[train] ep5 step44340 loss=0.0438 l1=0.0245
[train] ep5 step44360 loss=0.0820 l1=0.0580
[train] ep5 step44380 loss=0.1170 l1=0.0649
[train] ep5 step44400 loss=0.0704 l1=0.0502
[train] ep5 step44420 loss=0.0839 l1=0.0489
[train] ep5 step44440 loss=0.1300 l1=0.0798
[train] ep5 step44460 loss=0.0680 l1=0.0452
[train] ep5 step44480 loss=0.0753 l1=0.0441
[train] ep5 step44500 loss=0.0843 l1=0.0500
[train] ep5 step44520 loss=0.0865 l1=0.0459
[train] ep5 step44540 loss=0.0534 l1=0.0396
[train] ep5 step44560 loss=0.0747 l1=0.0493
[train] ep5 step44580 loss=0.0974 l1=0.0533
[train] ep5 step44600 loss=0.0755 l1=0.0505
[train] ep5 step44620 loss=0.0751 l1=0.0556
[train] ep5 step44640 loss=0.0512 l1=0.0275
[train] ep5 step44660 loss=0.0696 l1=0.0349
[train] ep5 step44680 loss=0.1084 l1=0.0666
[train] ep5 step44700 loss=0.1416 l1=0.0659
[train] ep5 step44720 loss=0.0840 l1=0.0459
[train] ep5 step44740 loss=0.0864 l1=0.0443
[train] ep5 step44760 loss=0.0929 l1=0.0523
[train] ep5 step44780 loss=0.0697 l1=0.0412
[train] ep5 step44800 loss=0.1039 l1=0.0629
[train] ep5 step44820 loss=0.0824 l1=0.0476
[train] ep5 step44840 loss=0.1005 l1=0.0576
[train] ep5 step44860 loss=0.0877 l1=0.0514
[train] ep5 step44880 loss=0.0886 l1=0.0489
[train] ep5 step44900 loss=0.0838 l1=0.0502
[train] ep5 step44920 loss=0.0767 l1=0.0505
[train] ep5 step44940 loss=0.1281 l1=0.0681
[train] ep5 step44960 loss=0.0758 l1=0.0424
[train] ep5 step44980 loss=0.0950 l1=0.0677
[val] ep5 loss=0.0841  PSNR in/out=21.70/28.67  MAE in/out=0.0561/0.0241
[val] new best loss=0.0841
[train] ep6 step45000 loss=0.0592 l1=0.0351
[train] ep6 step45020 loss=0.0636 l1=0.0353
[train] ep6 step45040 loss=0.0738 l1=0.0372
[train] ep6 step45060 loss=0.0496 l1=0.0380
[train] ep6 step45080 loss=0.0815 l1=0.0517
[train] ep6 step45100 loss=0.0851 l1=0.0451
[train] ep6 step45120 loss=0.1288 l1=0.0677
[train] ep6 step45140 loss=0.0644 l1=0.0416
[train] ep6 step45160 loss=0.0609 l1=0.0459
[train] ep6 step45180 loss=0.0624 l1=0.0451
[train] ep6 step45200 loss=0.0798 l1=0.0430
[train] ep6 step45220 loss=0.0868 l1=0.0475
[train] ep6 step45240 loss=0.0879 l1=0.0435
[train] ep6 step45260 loss=0.0887 l1=0.0532
[train] ep6 step45280 loss=0.0697 l1=0.0373
[train] ep6 step45300 loss=0.0405 l1=0.0218
[train] ep6 step45320 loss=0.0431 l1=0.0233
[train] ep6 step45340 loss=0.0769 l1=0.0491
[train] ep6 step45360 loss=0.0945 l1=0.0595
[train] ep6 step45380 loss=0.0904 l1=0.0519
[train] ep6 step45400 loss=0.0873 l1=0.0558
[train] ep6 step45420 loss=0.0757 l1=0.0479
[train] ep6 step45440 loss=0.0581 l1=0.0338
[train] ep6 step45460 loss=0.0648 l1=0.0375
[train] ep6 step45480 loss=0.0610 l1=0.0328
[train] ep6 step45500 loss=0.0702 l1=0.0418
[train] ep6 step45520 loss=0.0875 l1=0.0444
[train] ep6 step45540 loss=0.0512 l1=0.0362
[train] ep6 step45560 loss=0.0593 l1=0.0380
[train] ep6 step45580 loss=0.0866 l1=0.0589
[train] ep6 step45600 loss=0.0909 l1=0.0506
[train] ep6 step45620 loss=0.1334 l1=0.0717
[train] ep6 step45640 loss=0.0889 l1=0.0532
[train] ep6 step45660 loss=0.0828 l1=0.0430
[train] ep6 step45680 loss=0.0705 l1=0.0426
[train] ep6 step45700 loss=0.0553 l1=0.0308
[train] ep6 step45720 loss=0.1183 l1=0.0649
[train] ep6 step45740 loss=0.0952 l1=0.0524
[train] ep6 step45760 loss=0.1455 l1=0.0829
[train] ep6 step45780 loss=0.0910 l1=0.0485
[train] ep6 step45800 loss=0.0735 l1=0.0425
[train] ep6 step45820 loss=0.0773 l1=0.0439
[train] ep6 step45840 loss=0.0809 l1=0.0535
[train] ep6 step45860 loss=0.0409 l1=0.0286
[train] ep6 step45880 loss=0.0949 l1=0.0581
[train] ep6 step45900 loss=0.1044 l1=0.0537
[train] ep6 step45920 loss=0.0437 l1=0.0218
[train] ep6 step45940 loss=0.0949 l1=0.0452
[train] ep6 step45960 loss=0.1100 l1=0.0590
[train] ep6 step45980 loss=0.0687 l1=0.0353
[train] ep6 step46000 loss=0.0749 l1=0.0453
[train] ep6 step46020 loss=0.0670 l1=0.0398
[train] ep6 step46040 loss=0.0774 l1=0.0483
[train] ep6 step46060 loss=0.0558 l1=0.0392
[train] ep6 step46080 loss=0.1073 l1=0.0582
[train] ep6 step46100 loss=0.0551 l1=0.0274
[train] ep6 step46120 loss=0.0879 l1=0.0530
[train] ep6 step46140 loss=0.1198 l1=0.0718
[train] ep6 step46160 loss=0.1109 l1=0.0661
[train] ep6 step46180 loss=0.1196 l1=0.0653
[train] ep6 step46200 loss=0.0639 l1=0.0314
[train] ep6 step46220 loss=0.0912 l1=0.0475
[train] ep6 step46240 loss=0.0699 l1=0.0407
[train] ep6 step46260 loss=0.0508 l1=0.0328
[train] ep6 step46280 loss=0.0952 l1=0.0522
[train] ep6 step46300 loss=0.0882 l1=0.0465
[train] ep6 step46320 loss=0.1147 l1=0.0614
[train] ep6 step46340 loss=0.0774 l1=0.0508
[train] ep6 step46360 loss=0.0818 l1=0.0394
[train] ep6 step46380 loss=0.0658 l1=0.0389
[train] ep6 step46400 loss=0.0987 l1=0.0558
[train] ep6 step46420 loss=0.0721 l1=0.0414
[train] ep6 step46440 loss=0.1318 l1=0.0721
[train] ep6 step46460 loss=0.0553 l1=0.0306
[train] ep6 step46480 loss=0.0781 l1=0.0443
[train] ep6 step46500 loss=0.1159 l1=0.0744
[train] ep6 step46520 loss=0.0809 l1=0.0442
[train] ep6 step46540 loss=0.1072 l1=0.0607
[train] ep6 step46560 loss=0.0908 l1=0.0475
[train] ep6 step46580 loss=0.1092 l1=0.0567
[train] ep6 step46600 loss=0.0928 l1=0.0485
[train] ep6 step46620 loss=0.0725 l1=0.0406
[train] ep6 step46640 loss=0.0775 l1=0.0374
[train] ep6 step46660 loss=0.1131 l1=0.0540
[train] ep6 step46680 loss=0.0395 l1=0.0203
[train] ep6 step46700 loss=0.0839 l1=0.0458
[train] ep6 step46720 loss=0.0593 l1=0.0339
[train] ep6 step46740 loss=0.0786 l1=0.0443
[train] ep6 step46760 loss=0.1248 l1=0.0707
[train] ep6 step46780 loss=0.1115 l1=0.0561
[train] ep6 step46800 loss=0.1092 l1=0.0710
[train] ep6 step46820 loss=0.1119 l1=0.0627
[train] ep6 step46840 loss=0.0466 l1=0.0262
[train] ep6 step46860 loss=0.0870 l1=0.0498
[train] ep6 step46880 loss=0.0814 l1=0.0464
[train] ep6 step46900 loss=0.0844 l1=0.0502
[train] ep6 step46920 loss=0.0720 l1=0.0441
[train] ep6 step46940 loss=0.0985 l1=0.0612
[train] ep6 step46960 loss=0.0742 l1=0.0468
[train] ep6 step46980 loss=0.0835 l1=0.0434
[train] ep6 step47000 loss=0.0900 l1=0.0434
[train] ep6 step47020 loss=0.0749 l1=0.0382
[train] ep6 step47040 loss=0.0806 l1=0.0469
[train] ep6 step47060 loss=0.1059 l1=0.0521
[train] ep6 step47080 loss=0.0789 l1=0.0485
[train] ep6 step47100 loss=0.0787 l1=0.0497
[train] ep6 step47120 loss=0.0811 l1=0.0467
[train] ep6 step47140 loss=0.0743 l1=0.0503
[train] ep6 step47160 loss=0.0953 l1=0.0527
[train] ep6 step47180 loss=0.0883 l1=0.0477
[train] ep6 step47200 loss=0.0623 l1=0.0452
[train] ep6 step47220 loss=0.0763 l1=0.0392
[train] ep6 step47240 loss=0.0683 l1=0.0355
[train] ep6 step47260 loss=0.0658 l1=0.0438
[train] ep6 step47280 loss=0.1147 l1=0.0736
[train] ep6 step47300 loss=0.1063 l1=0.0560
[train] ep6 step47320 loss=0.0508 l1=0.0328
[train] ep6 step47340 loss=0.0948 l1=0.0549
[train] ep6 step47360 loss=0.0734 l1=0.0461
[train] ep6 step47380 loss=0.0501 l1=0.0282
[train] ep6 step47400 loss=0.0969 l1=0.0545
[train] ep6 step47420 loss=0.0633 l1=0.0338
[train] ep6 step47440 loss=0.0569 l1=0.0383
[train] ep6 step47460 loss=0.0740 l1=0.0474
[train] ep6 step47480 loss=0.0630 l1=0.0410
[train] ep6 step47500 loss=0.1267 l1=0.0677
[train] ep6 step47520 loss=0.1086 l1=0.0570
[train] ep6 step47540 loss=0.1156 l1=0.0605
[train] ep6 step47560 loss=0.0634 l1=0.0422
[train] ep6 step47580 loss=0.0861 l1=0.0510
[train] ep6 step47600 loss=0.0457 l1=0.0324
[train] ep6 step47620 loss=0.1057 l1=0.0594
[train] ep6 step47640 loss=0.1031 l1=0.0535
[train] ep6 step47660 loss=0.0798 l1=0.0437
[train] ep6 step47680 loss=0.0750 l1=0.0414
[train] ep6 step47700 loss=0.0831 l1=0.0462
[train] ep6 step47720 loss=0.1367 l1=0.0706
[train] ep6 step47740 loss=0.0845 l1=0.0505
[train] ep6 step47760 loss=0.0508 l1=0.0332
[train] ep6 step47780 loss=0.1050 l1=0.0699
[train] ep6 step47800 loss=0.0562 l1=0.0380
[train] ep6 step47820 loss=0.0785 l1=0.0592
[train] ep6 step47840 loss=0.1206 l1=0.0634
[train] ep6 step47860 loss=0.0969 l1=0.0588
[train] ep6 step47880 loss=0.0745 l1=0.0465
[train] ep6 step47900 loss=0.0863 l1=0.0559
[train] ep6 step47920 loss=0.1035 l1=0.0533
[train] ep6 step47940 loss=0.0453 l1=0.0342
[train] ep6 step47960 loss=0.0704 l1=0.0468
[train] ep6 step47980 loss=0.0967 l1=0.0520
[train] ep6 step48000 loss=0.1087 l1=0.0575
[train] ep6 step48020 loss=0.0716 l1=0.0386
[train] ep6 step48040 loss=0.0994 l1=0.0541
[train] ep6 step48060 loss=0.0838 l1=0.0509
[train] ep6 step48080 loss=0.0696 l1=0.0408
[train] ep6 step48100 loss=0.1080 l1=0.0591
[train] ep6 step48120 loss=0.0749 l1=0.0526
[train] ep6 step48140 loss=0.0920 l1=0.0623
[train] ep6 step48160 loss=0.0911 l1=0.0497
[train] ep6 step48180 loss=0.1120 l1=0.0601
[train] ep6 step48200 loss=0.0858 l1=0.0460
[train] ep6 step48220 loss=0.0831 l1=0.0418
[train] ep6 step48240 loss=0.0973 l1=0.0560
[train] ep6 step48260 loss=0.0645 l1=0.0327
[train] ep6 step48280 loss=0.0971 l1=0.0692
[train] ep6 step48300 loss=0.0915 l1=0.0569
[train] ep6 step48320 loss=0.0502 l1=0.0254
[train] ep6 step48340 loss=0.0822 l1=0.0434
[train] ep6 step48360 loss=0.0508 l1=0.0335
[train] ep6 step48380 loss=0.0763 l1=0.0423
[train] ep6 step48400 loss=0.0981 l1=0.0631
[train] ep6 step48420 loss=0.0586 l1=0.0367
[train] ep6 step48440 loss=0.0872 l1=0.0484
[train] ep6 step48460 loss=0.0952 l1=0.0558
[train] ep6 step48480 loss=0.0875 l1=0.0465
[train] ep6 step48500 loss=0.1060 l1=0.0728
[train] ep6 step48520 loss=0.0581 l1=0.0335
[train] ep6 step48540 loss=0.1201 l1=0.0613
[train] ep6 step48560 loss=0.0974 l1=0.0601
[train] ep6 step48580 loss=0.1839 l1=0.1004
[train] ep6 step48600 loss=0.1182 l1=0.0614
[train] ep6 step48620 loss=0.1096 l1=0.0569
[train] ep6 step48640 loss=0.1121 l1=0.0625
[train] ep6 step48660 loss=0.0709 l1=0.0552
[train] ep6 step48680 loss=0.0617 l1=0.0305
[train] ep6 step48700 loss=0.0684 l1=0.0437
[train] ep6 step48720 loss=0.0483 l1=0.0264
[train] ep6 step48740 loss=0.1157 l1=0.0728
[train] ep6 step48760 loss=0.0676 l1=0.0388
[train] ep6 step48780 loss=0.0511 l1=0.0307
[train] ep6 step48800 loss=0.0536 l1=0.0347
[train] ep6 step48820 loss=0.0755 l1=0.0398
[train] ep6 step48840 loss=0.0847 l1=0.0512
[train] ep6 step48860 loss=0.0644 l1=0.0369
[train] ep6 step48880 loss=0.0953 l1=0.0521
[train] ep6 step48900 loss=0.0634 l1=0.0297
[train] ep6 step48920 loss=0.0841 l1=0.0454
[train] ep6 step48940 loss=0.0642 l1=0.0441
[train] ep6 step48960 loss=0.0510 l1=0.0296
[train] ep6 step48980 loss=0.1545 l1=0.0946
[train] ep6 step49000 loss=0.0734 l1=0.0456
[train] ep6 step49020 loss=0.0989 l1=0.0555
[train] ep6 step49040 loss=0.0758 l1=0.0446
[train] ep6 step49060 loss=0.0726 l1=0.0429
[train] ep6 step49080 loss=0.0952 l1=0.0515
[train] ep6 step49100 loss=0.0554 l1=0.0286
[train] ep6 step49120 loss=0.0707 l1=0.0375
[train] ep6 step49140 loss=0.0897 l1=0.0503
[train] ep6 step49160 loss=0.0733 l1=0.0423
[train] ep6 step49180 loss=0.0908 l1=0.0458
[train] ep6 step49200 loss=0.0937 l1=0.0492
[train] ep6 step49220 loss=0.0745 l1=0.0432
[train] ep6 step49240 loss=0.1032 l1=0.0574
[train] ep6 step49260 loss=0.0658 l1=0.0367
[train] ep6 step49280 loss=0.0423 l1=0.0256
[train] ep6 step49300 loss=0.0937 l1=0.0534
[train] ep6 step49320 loss=0.1016 l1=0.0582
[train] ep6 step49340 loss=0.1054 l1=0.0622
[train] ep6 step49360 loss=0.0777 l1=0.0376
[train] ep6 step49380 loss=0.0588 l1=0.0330
[train] ep6 step49400 loss=0.0670 l1=0.0410
[train] ep6 step49420 loss=0.0999 l1=0.0556
[train] ep6 step49440 loss=0.0693 l1=0.0379
[train] ep6 step49460 loss=0.0573 l1=0.0363
[train] ep6 step49480 loss=0.1064 l1=0.0565
[train] ep6 step49500 loss=0.0864 l1=0.0530
[train] ep6 step49520 loss=0.0864 l1=0.0467
[train] ep6 step49540 loss=0.0870 l1=0.0468
[train] ep6 step49560 loss=0.0676 l1=0.0443
[train] ep6 step49580 loss=0.0493 l1=0.0352
[train] ep6 step49600 loss=0.0540 l1=0.0326
[train] ep6 step49620 loss=0.0892 l1=0.0493
[train] ep6 step49640 loss=0.0586 l1=0.0395
[train] ep6 step49660 loss=0.1193 l1=0.0685
[train] ep6 step49680 loss=0.1181 l1=0.0682
[train] ep6 step49700 loss=0.0816 l1=0.0561
[train] ep6 step49720 loss=0.0555 l1=0.0263
[train] ep6 step49740 loss=0.0413 l1=0.0255
[train] ep6 step49760 loss=0.1030 l1=0.0610
[train] ep6 step49780 loss=0.0773 l1=0.0420
[train] ep6 step49800 loss=0.0525 l1=0.0338
[train] ep6 step49820 loss=0.1137 l1=0.0685
[train] ep6 step49840 loss=0.0912 l1=0.0492
[train] ep6 step49860 loss=0.0913 l1=0.0524
[train] ep6 step49880 loss=0.1157 l1=0.0645
[train] ep6 step49900 loss=0.1210 l1=0.0715
[train] ep6 step49920 loss=0.0673 l1=0.0310
[train] ep6 step49940 loss=0.0463 l1=0.0294
[train] ep6 step49960 loss=0.0797 l1=0.0405
[train] ep6 step49980 loss=0.1033 l1=0.0556
[train] ep6 step50000 loss=0.0736 l1=0.0384
[train] ep6 step50020 loss=0.1022 l1=0.0578
[train] ep6 step50040 loss=0.0621 l1=0.0478
[train] ep6 step50060 loss=0.0790 l1=0.0473
[train] ep6 step50080 loss=0.0706 l1=0.0388
[train] ep6 step50100 loss=0.0884 l1=0.0530
[train] ep6 step50120 loss=0.0973 l1=0.0546
[train] ep6 step50140 loss=0.0701 l1=0.0449
[train] ep6 step50160 loss=0.0705 l1=0.0517
[train] ep6 step50180 loss=0.0674 l1=0.0315
[train] ep6 step50200 loss=0.0647 l1=0.0411
[train] ep6 step50220 loss=0.0859 l1=0.0452
[train] ep6 step50240 loss=0.0611 l1=0.0345
[train] ep6 step50260 loss=0.0677 l1=0.0389
[train] ep6 step50280 loss=0.0555 l1=0.0345
[train] ep6 step50300 loss=0.0715 l1=0.0496
[train] ep6 step50320 loss=0.0618 l1=0.0404
[train] ep6 step50340 loss=0.0607 l1=0.0370
[train] ep6 step50360 loss=0.0738 l1=0.0453
[train] ep6 step50380 loss=0.0958 l1=0.0514
[train] ep6 step50400 loss=0.0563 l1=0.0367
[train] ep6 step50420 loss=0.1152 l1=0.0743
[train] ep6 step50440 loss=0.0929 l1=0.0538
[train] ep6 step50460 loss=0.1168 l1=0.0752
[train] ep6 step50480 loss=0.0853 l1=0.0433
[train] ep6 step50500 loss=0.0822 l1=0.0464
[train] ep6 step50520 loss=0.1034 l1=0.0552
[train] ep6 step50540 loss=0.0529 l1=0.0315
[train] ep6 step50560 loss=0.0900 l1=0.0533
[train] ep6 step50580 loss=0.0859 l1=0.0415
[train] ep6 step50600 loss=0.0805 l1=0.0382
[train] ep6 step50620 loss=0.0879 l1=0.0591
[train] ep6 step50640 loss=0.0799 l1=0.0464
[train] ep6 step50660 loss=0.0711 l1=0.0369
[train] ep6 step50680 loss=0.0667 l1=0.0357
[train] ep6 step50700 loss=0.0676 l1=0.0425
[train] ep6 step50720 loss=0.0683 l1=0.0371
[train] ep6 step50740 loss=0.1054 l1=0.0596
[train] ep6 step50760 loss=0.0765 l1=0.0478
[train] ep6 step50780 loss=0.0954 l1=0.0523
[train] ep6 step50800 loss=0.0749 l1=0.0437
[train] ep6 step50820 loss=0.0718 l1=0.0450
[train] ep6 step50840 loss=0.0682 l1=0.0430
[train] ep6 step50860 loss=0.0767 l1=0.0490
[train] ep6 step50880 loss=0.1104 l1=0.0681
[train] ep6 step50900 loss=0.1004 l1=0.0603
[train] ep6 step50920 loss=0.1132 l1=0.0525
[train] ep6 step50940 loss=0.1002 l1=0.0620
[train] ep6 step50960 loss=0.0780 l1=0.0420
[train] ep6 step50980 loss=0.1134 l1=0.0660
[train] ep6 step51000 loss=0.0919 l1=0.0511
[train] ep6 step51020 loss=0.0671 l1=0.0437
[train] ep6 step51040 loss=0.1046 l1=0.0539
[train] ep6 step51060 loss=0.0943 l1=0.0569
[train] ep6 step51080 loss=0.1319 l1=0.0740
[train] ep6 step51100 loss=0.1484 l1=0.0754
[train] ep6 step51120 loss=0.0960 l1=0.0477
[train] ep6 step51140 loss=0.1005 l1=0.0656
[train] ep6 step51160 loss=0.0777 l1=0.0428
[train] ep6 step51180 loss=0.0950 l1=0.0578
[train] ep6 step51200 loss=0.0696 l1=0.0400
[train] ep6 step51220 loss=0.0988 l1=0.0530
[train] ep6 step51240 loss=0.1054 l1=0.0559
[train] ep6 step51260 loss=0.0930 l1=0.0532
[train] ep6 step51280 loss=0.0618 l1=0.0354
[train] ep6 step51300 loss=0.0780 l1=0.0463
[train] ep6 step51320 loss=0.0595 l1=0.0378
[train] ep6 step51340 loss=0.0746 l1=0.0450
[train] ep6 step51360 loss=0.0815 l1=0.0479
[train] ep6 step51380 loss=0.0777 l1=0.0467
[train] ep6 step51400 loss=0.0534 l1=0.0345
[train] ep6 step51420 loss=0.0873 l1=0.0548
[train] ep6 step51440 loss=0.0891 l1=0.0546
[train] ep6 step51460 loss=0.0699 l1=0.0514
[train] ep6 step51480 loss=0.0749 l1=0.0472
[train] ep6 step51500 loss=0.1383 l1=0.0767
[train] ep6 step51520 loss=0.0554 l1=0.0295
[train] ep6 step51540 loss=0.1188 l1=0.0622
[train] ep6 step51560 loss=0.1066 l1=0.0682
[train] ep6 step51580 loss=0.0849 l1=0.0533
[train] ep6 step51600 loss=0.1029 l1=0.0592
[train] ep6 step51620 loss=0.0834 l1=0.0536
[train] ep6 step51640 loss=0.1155 l1=0.0647
[train] ep6 step51660 loss=0.0443 l1=0.0274
[train] ep6 step51680 loss=0.0634 l1=0.0308
[train] ep6 step51700 loss=0.0604 l1=0.0464
[train] ep6 step51720 loss=0.0959 l1=0.0511
[train] ep6 step51740 loss=0.0388 l1=0.0230
[train] ep6 step51760 loss=0.0534 l1=0.0359
[train] ep6 step51780 loss=0.1098 l1=0.0590
[train] ep6 step51800 loss=0.0713 l1=0.0419
[train] ep6 step51820 loss=0.0976 l1=0.0477
[train] ep6 step51840 loss=0.0893 l1=0.0538
[train] ep6 step51860 loss=0.0842 l1=0.0441
[train] ep6 step51880 loss=0.1732 l1=0.0805
[train] ep6 step51900 loss=0.1116 l1=0.0602
[train] ep6 step51920 loss=0.0650 l1=0.0360
[train] ep6 step51940 loss=0.0319 l1=0.0210
[train] ep6 step51960 loss=0.1296 l1=0.0741
[train] ep6 step51980 loss=0.0797 l1=0.0467
[train] ep6 step52000 loss=0.0722 l1=0.0434
[train] ep6 step52020 loss=0.0623 l1=0.0446
[train] ep6 step52040 loss=0.0782 l1=0.0400
[train] ep6 step52060 loss=0.1119 l1=0.0545
[train] ep6 step52080 loss=0.0878 l1=0.0471
[train] ep6 step52100 loss=0.1283 l1=0.0726
[train] ep6 step52120 loss=0.0873 l1=0.0481
[train] ep6 step52140 loss=0.1040 l1=0.0606
[train] ep6 step52160 loss=0.0523 l1=0.0300
[train] ep6 step52180 loss=0.0996 l1=0.0571
[train] ep6 step52200 loss=0.0965 l1=0.0565
[train] ep6 step52220 loss=0.0951 l1=0.0529
[train] ep6 step52240 loss=0.0803 l1=0.0555
[train] ep6 step52260 loss=0.1266 l1=0.0744
[train] ep6 step52280 loss=0.0792 l1=0.0393
[train] ep6 step52300 loss=0.0375 l1=0.0199
[train] ep6 step52320 loss=0.0545 l1=0.0267
[train] ep6 step52340 loss=0.0950 l1=0.0603
[train] ep6 step52360 loss=0.0523 l1=0.0331
[train] ep6 step52380 loss=0.0986 l1=0.0631
[train] ep6 step52400 loss=0.0669 l1=0.0362
[train] ep6 step52420 loss=0.0739 l1=0.0379
[train] ep6 step52440 loss=0.0955 l1=0.0591
[train] ep6 step52460 loss=0.1014 l1=0.0621
[train] ep6 step52480 loss=0.1359 l1=0.0739
[val] ep6 loss=0.0826  PSNR in/out=21.75/28.71  MAE in/out=0.0555/0.0239
[val] new best loss=0.0826
[train] ep7 step52500 loss=0.0738 l1=0.0472
[train] ep7 step52520 loss=0.0531 l1=0.0302
[train] ep7 step52540 loss=0.0839 l1=0.0462
[train] ep7 step52560 loss=0.0886 l1=0.0426
[train] ep7 step52580 loss=0.0569 l1=0.0334
[train] ep7 step52600 loss=0.1426 l1=0.0733
[train] ep7 step52620 loss=0.1549 l1=0.0819
[train] ep7 step52640 loss=0.0524 l1=0.0311
[train] ep7 step52660 loss=0.0993 l1=0.0531
[train] ep7 step52680 loss=0.1155 l1=0.0672
[train] ep7 step52700 loss=0.0583 l1=0.0380
[train] ep7 step52720 loss=0.0768 l1=0.0426
[train] ep7 step52740 loss=0.1090 l1=0.0539
[train] ep7 step52760 loss=0.0748 l1=0.0495
[train] ep7 step52780 loss=0.0993 l1=0.0499
[train] ep7 step52800 loss=0.0971 l1=0.0570
[train] ep7 step52820 loss=0.1552 l1=0.0916
[train] ep7 step52840 loss=0.0533 l1=0.0342
[train] ep7 step52860 loss=0.0632 l1=0.0438
[train] ep7 step52880 loss=0.0840 l1=0.0534
[train] ep7 step52900 loss=0.1314 l1=0.0688
[train] ep7 step52920 loss=0.0884 l1=0.0587
[train] ep7 step52940 loss=0.0559 l1=0.0334
[train] ep7 step52960 loss=0.0931 l1=0.0466
[train] ep7 step52980 loss=0.0843 l1=0.0490
[train] ep7 step53000 loss=0.0536 l1=0.0352
[train] ep7 step53020 loss=0.1018 l1=0.0631
[train] ep7 step53040 loss=0.1198 l1=0.0705
[train] ep7 step53060 loss=0.0869 l1=0.0512
[train] ep7 step53080 loss=0.0706 l1=0.0355
[train] ep7 step53100 loss=0.0803 l1=0.0456
[train] ep7 step53120 loss=0.0912 l1=0.0674
[train] ep7 step53140 loss=0.0521 l1=0.0274
[train] ep7 step53160 loss=0.0929 l1=0.0505
[train] ep7 step53180 loss=0.0517 l1=0.0364
[train] ep7 step53200 loss=0.1417 l1=0.0715
[train] ep7 step53220 loss=0.0927 l1=0.0482
[train] ep7 step53240 loss=0.0638 l1=0.0373
[train] ep7 step53260 loss=0.1466 l1=0.0830
[train] ep7 step53280 loss=0.0407 l1=0.0266
[train] ep7 step53300 loss=0.0544 l1=0.0309
[train] ep7 step53320 loss=0.1062 l1=0.0549
[train] ep7 step53340 loss=0.0802 l1=0.0398
[train] ep7 step53360 loss=0.1240 l1=0.0635
[train] ep7 step53380 loss=0.1276 l1=0.0730
[train] ep7 step53400 loss=0.0586 l1=0.0269
[train] ep7 step53420 loss=0.0672 l1=0.0396
[train] ep7 step53440 loss=0.1074 l1=0.0611
[train] ep7 step53460 loss=0.0726 l1=0.0445
[train] ep7 step53480 loss=0.0917 l1=0.0416
[train] ep7 step53500 loss=0.0822 l1=0.0467
[train] ep7 step53520 loss=0.1081 l1=0.0579
[train] ep7 step53540 loss=0.0820 l1=0.0510
[train] ep7 step53560 loss=0.0942 l1=0.0537
[train] ep7 step53580 loss=0.0507 l1=0.0260
[train] ep7 step53600 loss=0.0841 l1=0.0412
[train] ep7 step53620 loss=0.1147 l1=0.0641
[train] ep7 step53640 loss=0.0405 l1=0.0256
[train] ep7 step53660 loss=0.0640 l1=0.0339
[train] ep7 step53680 loss=0.0828 l1=0.0577
[train] ep7 step53700 loss=0.0972 l1=0.0552
[train] ep7 step53720 loss=0.0659 l1=0.0405
[train] ep7 step53740 loss=0.0551 l1=0.0367
[train] ep7 step53760 loss=0.0624 l1=0.0436
[train] ep7 step53780 loss=0.1102 l1=0.0584
[train] ep7 step53800 loss=0.0513 l1=0.0302
[train] ep7 step53820 loss=0.0630 l1=0.0343
[train] ep7 step53840 loss=0.1006 l1=0.0551
[train] ep7 step53860 loss=0.1110 l1=0.0630
[train] ep7 step53880 loss=0.1298 l1=0.0690
[train] ep7 step53900 loss=0.0731 l1=0.0446
[train] ep7 step53920 loss=0.1137 l1=0.0620
[train] ep7 step53940 loss=0.0727 l1=0.0349
[train] ep7 step53960 loss=0.0966 l1=0.0518
[train] ep7 step53980 loss=0.0577 l1=0.0288
[train] ep7 step54000 loss=0.1215 l1=0.0606
[train] ep7 step54020 loss=0.1148 l1=0.0583
[train] ep7 step54040 loss=0.0635 l1=0.0446
[train] ep7 step54060 loss=0.0552 l1=0.0323
[train] ep7 step54080 loss=0.0855 l1=0.0538
[train] ep7 step54100 loss=0.0594 l1=0.0367
[train] ep7 step54120 loss=0.1274 l1=0.0674
[train] ep7 step54140 loss=0.0889 l1=0.0513
[train] ep7 step54160 loss=0.0800 l1=0.0430
[train] ep7 step54180 loss=0.0650 l1=0.0367
[train] ep7 step54200 loss=0.0988 l1=0.0637
[train] ep7 step54220 loss=0.0603 l1=0.0433
[train] ep7 step54240 loss=0.0687 l1=0.0406
[train] ep7 step54260 loss=0.0468 l1=0.0258
[train] ep7 step54280 loss=0.0806 l1=0.0474
[train] ep7 step54300 loss=0.0651 l1=0.0363
[train] ep7 step54320 loss=0.0932 l1=0.0603
[train] ep7 step54340 loss=0.1279 l1=0.0617
[train] ep7 step54360 loss=0.0557 l1=0.0344
[train] ep7 step54380 loss=0.0953 l1=0.0506
[train] ep7 step54400 loss=0.0938 l1=0.0453
[train] ep7 step54420 loss=0.0793 l1=0.0476
[train] ep7 step54440 loss=0.0489 l1=0.0339
[train] ep7 step54460 loss=0.0714 l1=0.0406
[train] ep7 step54480 loss=0.0332 l1=0.0188
[train] ep7 step54500 loss=0.0799 l1=0.0395
[train] ep7 step54520 loss=0.1190 l1=0.0657
[train] ep7 step54540 loss=0.0993 l1=0.0548
[train] ep7 step54560 loss=0.0812 l1=0.0452
[train] ep7 step54580 loss=0.0853 l1=0.0480
[train] ep7 step54600 loss=0.0819 l1=0.0411
[train] ep7 step54620 loss=0.0484 l1=0.0244
[train] ep7 step54640 loss=0.1310 l1=0.0677
[train] ep7 step54660 loss=0.0828 l1=0.0482
[train] ep7 step54680 loss=0.0825 l1=0.0465
[train] ep7 step54700 loss=0.0883 l1=0.0523
[train] ep7 step54720 loss=0.0738 l1=0.0382
[train] ep7 step54740 loss=0.0363 l1=0.0224
[train] ep7 step54760 loss=0.0844 l1=0.0466
[train] ep7 step54780 loss=0.0829 l1=0.0483
[train] ep7 step54800 loss=0.1444 l1=0.0710
[train] ep7 step54820 loss=0.0510 l1=0.0334
[train] ep7 step54840 loss=0.0440 l1=0.0291
[train] ep7 step54860 loss=0.1018 l1=0.0560
[train] ep7 step54880 loss=0.0915 l1=0.0616
[train] ep7 step54900 loss=0.0873 l1=0.0563
[train] ep7 step54920 loss=0.0981 l1=0.0588
[train] ep7 step54940 loss=0.1065 l1=0.0612
[train] ep7 step54960 loss=0.0470 l1=0.0240
[train] ep7 step54980 loss=0.1211 l1=0.0612
[train] ep7 step55000 loss=0.0724 l1=0.0444
[train] ep7 step55020 loss=0.0651 l1=0.0421
[train] ep7 step55040 loss=0.0685 l1=0.0499
[train] ep7 step55060 loss=0.0814 l1=0.0475
[train] ep7 step55080 loss=0.0738 l1=0.0366
[train] ep7 step55100 loss=0.1193 l1=0.0593
[train] ep7 step55120 loss=0.0908 l1=0.0539
[train] ep7 step55140 loss=0.0872 l1=0.0590
[train] ep7 step55160 loss=0.0581 l1=0.0343
[train] ep7 step55180 loss=0.0920 l1=0.0511
[train] ep7 step55200 loss=0.0349 l1=0.0197
[train] ep7 step55220 loss=0.0827 l1=0.0489
[train] ep7 step55240 loss=0.0782 l1=0.0418
[train] ep7 step55260 loss=0.0689 l1=0.0466
[train] ep7 step55280 loss=0.0903 l1=0.0489
[train] ep7 step55300 loss=0.1233 l1=0.0693
[train] ep7 step55320 loss=0.0647 l1=0.0472
[train] ep7 step55340 loss=0.0684 l1=0.0391
[train] ep7 step55360 loss=0.0705 l1=0.0448
[train] ep7 step55380 loss=0.0488 l1=0.0242
[train] ep7 step55400 loss=0.0835 l1=0.0437
[train] ep7 step55420 loss=0.0795 l1=0.0506
[train] ep7 step55440 loss=0.0556 l1=0.0362
[train] ep7 step55460 loss=0.1039 l1=0.0534
[train] ep7 step55480 loss=0.0939 l1=0.0604
[train] ep7 step55500 loss=0.0608 l1=0.0339
[train] ep7 step55520 loss=0.0504 l1=0.0286
[train] ep7 step55540 loss=0.1260 l1=0.0717
[train] ep7 step55560 loss=0.0531 l1=0.0338
[train] ep7 step55580 loss=0.0918 l1=0.0499
[train] ep7 step55600 loss=0.0677 l1=0.0413
[train] ep7 step55620 loss=0.0594 l1=0.0349
[train] ep7 step55640 loss=0.0667 l1=0.0365
[train] ep7 step55660 loss=0.0614 l1=0.0322
[train] ep7 step55680 loss=0.0818 l1=0.0516
[train] ep7 step55700 loss=0.1149 l1=0.0569
[train] ep7 step55720 loss=0.0849 l1=0.0499
[train] ep7 step55740 loss=0.0608 l1=0.0365
[train] ep7 step55760 loss=0.0731 l1=0.0506
[train] ep7 step55780 loss=0.0385 l1=0.0197
[train] ep7 step55800 loss=0.1097 l1=0.0570
[train] ep7 step55820 loss=0.0648 l1=0.0416
[train] ep7 step55840 loss=0.1458 l1=0.0815
[train] ep7 step55860 loss=0.0786 l1=0.0451
[train] ep7 step55880 loss=0.1137 l1=0.0674
[train] ep7 step55900 loss=0.0872 l1=0.0532
[train] ep7 step55920 loss=0.0423 l1=0.0251
[train] ep7 step55940 loss=0.1013 l1=0.0567
[train] ep7 step55960 loss=0.1275 l1=0.0692
[train] ep7 step55980 loss=0.0703 l1=0.0514
[train] ep7 step56000 loss=0.0887 l1=0.0588
[train] ep7 step56020 loss=0.0649 l1=0.0335
[train] ep7 step56040 loss=0.0565 l1=0.0374
[train] ep7 step56060 loss=0.0709 l1=0.0484
[train] ep7 step56080 loss=0.1056 l1=0.0564
[train] ep7 step56100 loss=0.0888 l1=0.0486
[train] ep7 step56120 loss=0.0882 l1=0.0507
[train] ep7 step56140 loss=0.0589 l1=0.0334
[train] ep7 step56160 loss=0.0825 l1=0.0458
[train] ep7 step56180 loss=0.1570 l1=0.0776
[train] ep7 step56200 loss=0.1018 l1=0.0639
[train] ep7 step56220 loss=0.0901 l1=0.0550
[train] ep7 step56240 loss=0.0792 l1=0.0496
[train] ep7 step56260 loss=0.0817 l1=0.0512
[train] ep7 step56280 loss=0.1035 l1=0.0490
[train] ep7 step56300 loss=0.0865 l1=0.0438
[train] ep7 step56320 loss=0.0813 l1=0.0441
[train] ep7 step56340 loss=0.0703 l1=0.0437
[train] ep7 step56360 loss=0.0795 l1=0.0474
[train] ep7 step56380 loss=0.0995 l1=0.0583
[train] ep7 step56400 loss=0.0663 l1=0.0464
[train] ep7 step56420 loss=0.0561 l1=0.0398
[train] ep7 step56440 loss=0.1273 l1=0.0687
[train] ep7 step56460 loss=0.1045 l1=0.0578
[train] ep7 step56480 loss=0.1222 l1=0.0677
[train] ep7 step56500 loss=0.0519 l1=0.0298
[train] ep7 step56520 loss=0.1139 l1=0.0601
[train] ep7 step56540 loss=0.1451 l1=0.0733
[train] ep7 step56560 loss=0.0845 l1=0.0538
[train] ep7 step56580 loss=0.0508 l1=0.0321
[train] ep7 step56600 loss=0.0678 l1=0.0455
[train] ep7 step56620 loss=0.0412 l1=0.0212
[train] ep7 step56640 loss=0.0489 l1=0.0287
[train] ep7 step56660 loss=0.0640 l1=0.0385
[train] ep7 step56680 loss=0.0698 l1=0.0432
[train] ep7 step56700 loss=0.0876 l1=0.0568
[train] ep7 step56720 loss=0.0720 l1=0.0428
[train] ep7 step56740 loss=0.0769 l1=0.0486
[train] ep7 step56760 loss=0.0681 l1=0.0321
[train] ep7 step56780 loss=0.0730 l1=0.0393
[train] ep7 step56800 loss=0.0872 l1=0.0509
[train] ep7 step56820 loss=0.0801 l1=0.0464
[train] ep7 step56840 loss=0.0776 l1=0.0448
[train] ep7 step56860 loss=0.0985 l1=0.0499
[train] ep7 step56880 loss=0.0609 l1=0.0422
[train] ep7 step56900 loss=0.0551 l1=0.0457
[train] ep7 step56920 loss=0.0964 l1=0.0595
[train] ep7 step56940 loss=0.1082 l1=0.0728
[train] ep7 step56960 loss=0.1261 l1=0.0676
[train] ep7 step56980 loss=0.0823 l1=0.0465
[train] ep7 step57000 loss=0.0564 l1=0.0367
[train] ep7 step57020 loss=0.0871 l1=0.0535
[train] ep7 step57040 loss=0.0826 l1=0.0472
[train] ep7 step57060 loss=0.0662 l1=0.0464
[train] ep7 step57080 loss=0.0914 l1=0.0514
[train] ep7 step57100 loss=0.0437 l1=0.0278
[train] ep7 step57120 loss=0.0615 l1=0.0300
[train] ep7 step57140 loss=0.1407 l1=0.0734
[train] ep7 step57160 loss=0.0796 l1=0.0547
[train] ep7 step57180 loss=0.0597 l1=0.0318
[train] ep7 step57200 loss=0.0754 l1=0.0428
[train] ep7 step57220 loss=0.0876 l1=0.0619
[train] ep7 step57240 loss=0.0796 l1=0.0521
[train] ep7 step57260 loss=0.0423 l1=0.0272
[train] ep7 step57280 loss=0.0604 l1=0.0409
[train] ep7 step57300 loss=0.0652 l1=0.0451
[train] ep7 step57320 loss=0.0805 l1=0.0477
[train] ep7 step57340 loss=0.1020 l1=0.0526
[train] ep7 step57360 loss=0.0514 l1=0.0376
[train] ep7 step57380 loss=0.0900 l1=0.0590
[train] ep7 step57400 loss=0.0766 l1=0.0398
[train] ep7 step57420 loss=0.1271 l1=0.0612
[train] ep7 step57440 loss=0.0905 l1=0.0568
[train] ep7 step57460 loss=0.0711 l1=0.0527
[train] ep7 step57480 loss=0.0811 l1=0.0434
[train] ep7 step57500 loss=0.0412 l1=0.0209
[train] ep7 step57520 loss=0.0436 l1=0.0281
[train] ep7 step57540 loss=0.0779 l1=0.0412
[train] ep7 step57560 loss=0.0961 l1=0.0562
[train] ep7 step57580 loss=0.0634 l1=0.0330
[train] ep7 step57600 loss=0.0534 l1=0.0263
[train] ep7 step57620 loss=0.0764 l1=0.0420
[train] ep7 step57640 loss=0.0730 l1=0.0369
[train] ep7 step57660 loss=0.0538 l1=0.0303
[train] ep7 step57680 loss=0.1118 l1=0.0551
[train] ep7 step57700 loss=0.1148 l1=0.0653
[train] ep7 step57720 loss=0.0793 l1=0.0532
[train] ep7 step57740 loss=0.0835 l1=0.0503
[train] ep7 step57760 loss=0.0897 l1=0.0508
[train] ep7 step57780 loss=0.0828 l1=0.0487
[train] ep7 step57800 loss=0.0974 l1=0.0579
[train] ep7 step57820 loss=0.0654 l1=0.0434
[train] ep7 step57840 loss=0.1071 l1=0.0626
[train] ep7 step57860 loss=0.0554 l1=0.0285
[train] ep7 step57880 loss=0.0991 l1=0.0603
[train] ep7 step57900 loss=0.0991 l1=0.0573
[train] ep7 step57920 loss=0.1071 l1=0.0519
[train] ep7 step57940 loss=0.0700 l1=0.0378
[train] ep7 step57960 loss=0.0579 l1=0.0392
[train] ep7 step57980 loss=0.0813 l1=0.0435
[train] ep7 step58000 loss=0.0557 l1=0.0302
[train] ep7 step58020 loss=0.0652 l1=0.0387
[train] ep7 step58040 loss=0.1061 l1=0.0621
[train] ep7 step58060 loss=0.0549 l1=0.0293
[train] ep7 step58080 loss=0.1183 l1=0.0690
[train] ep7 step58100 loss=0.1005 l1=0.0600
[train] ep7 step58120 loss=0.1174 l1=0.0720
[train] ep7 step58140 loss=0.0881 l1=0.0474
[train] ep7 step58160 loss=0.0879 l1=0.0558
[train] ep7 step58180 loss=0.0633 l1=0.0337
[train] ep7 step58200 loss=0.0564 l1=0.0383
[train] ep7 step58220 loss=0.0769 l1=0.0441
[train] ep7 step58240 loss=0.0557 l1=0.0351
[train] ep7 step58260 loss=0.1068 l1=0.0540
[train] ep7 step58280 loss=0.1124 l1=0.0562
[train] ep7 step58300 loss=0.1535 l1=0.0784
[train] ep7 step58320 loss=0.0915 l1=0.0467
[train] ep7 step58340 loss=0.0906 l1=0.0489
[train] ep7 step58360 loss=0.0928 l1=0.0496
[train] ep7 step58380 loss=0.0880 l1=0.0547
[train] ep7 step58400 loss=0.0788 l1=0.0413
[train] ep7 step58420 loss=0.0593 l1=0.0421
[train] ep7 step58440 loss=0.1140 l1=0.0665
[train] ep7 step58460 loss=0.0529 l1=0.0316
[train] ep7 step58480 loss=0.0972 l1=0.0558
[train] ep7 step58500 loss=0.0454 l1=0.0300
[train] ep7 step58520 loss=0.0655 l1=0.0394
[train] ep7 step58540 loss=0.1253 l1=0.0638
[train] ep7 step58560 loss=0.0585 l1=0.0334
[train] ep7 step58580 loss=0.0797 l1=0.0416
[train] ep7 step58600 loss=0.0685 l1=0.0429
[train] ep7 step58620 loss=0.0602 l1=0.0331
[train] ep7 step58640 loss=0.1051 l1=0.0631
[train] ep7 step58660 loss=0.0984 l1=0.0536
[train] ep7 step58680 loss=0.1444 l1=0.0821
[train] ep7 step58700 loss=0.0869 l1=0.0503
[train] ep7 step58720 loss=0.1148 l1=0.0734
[train] ep7 step58740 loss=0.1222 l1=0.0710
[train] ep7 step58760 loss=0.1023 l1=0.0562
[train] ep7 step58780 loss=0.0544 l1=0.0308
[train] ep7 step58800 loss=0.1498 l1=0.0838
[train] ep7 step58820 loss=0.0732 l1=0.0417
[train] ep7 step58840 loss=0.1038 l1=0.0540
[train] ep7 step58860 loss=0.0891 l1=0.0507
[train] ep7 step58880 loss=0.0800 l1=0.0488
[train] ep7 step58900 loss=0.0915 l1=0.0409
[train] ep7 step58920 loss=0.1208 l1=0.0664
[train] ep7 step58940 loss=0.0586 l1=0.0372
[train] ep7 step58960 loss=0.1037 l1=0.0519
[train] ep7 step58980 loss=0.1387 l1=0.0732
[train] ep7 step59000 loss=0.0605 l1=0.0330
[train] ep7 step59020 loss=0.0584 l1=0.0313
[train] ep7 step59040 loss=0.1087 l1=0.0624
[train] ep7 step59060 loss=0.0847 l1=0.0528
[train] ep7 step59080 loss=0.0604 l1=0.0292
[train] ep7 step59100 loss=0.0993 l1=0.0502
[train] ep7 step59120 loss=0.0407 l1=0.0263
[train] ep7 step59140 loss=0.0697 l1=0.0413
[train] ep7 step59160 loss=0.1040 l1=0.0604
[train] ep7 step59180 loss=0.0664 l1=0.0401
[train] ep7 step59200 loss=0.1136 l1=0.0637
[train] ep7 step59220 loss=0.0932 l1=0.0597
[train] ep7 step59240 loss=0.0666 l1=0.0404
[train] ep7 step59260 loss=0.0902 l1=0.0608
[train] ep7 step59280 loss=0.0577 l1=0.0427
[train] ep7 step59300 loss=0.0699 l1=0.0466
[train] ep7 step59320 loss=0.0827 l1=0.0528
[train] ep7 step59340 loss=0.0695 l1=0.0402
[train] ep7 step59360 loss=0.0857 l1=0.0398
[train] ep7 step59380 loss=0.0884 l1=0.0529
[train] ep7 step59400 loss=0.0856 l1=0.0543
[train] ep7 step59420 loss=0.0547 l1=0.0328
[train] ep7 step59440 loss=0.1111 l1=0.0592
[train] ep7 step59460 loss=0.0866 l1=0.0534
[train] ep7 step59480 loss=0.0736 l1=0.0373
[train] ep7 step59500 loss=0.0863 l1=0.0462
[train] ep7 step59520 loss=0.0952 l1=0.0574
[train] ep7 step59540 loss=0.1087 l1=0.0596
[train] ep7 step59560 loss=0.0947 l1=0.0552
[train] ep7 step59580 loss=0.0894 l1=0.0524
[train] ep7 step59600 loss=0.1180 l1=0.0648
[train] ep7 step59620 loss=0.0949 l1=0.0561
[train] ep7 step59640 loss=0.1138 l1=0.0629
[train] ep7 step59660 loss=0.0653 l1=0.0478
[train] ep7 step59680 loss=0.1249 l1=0.0685
[train] ep7 step59700 loss=0.0602 l1=0.0333
[train] ep7 step59720 loss=0.0893 l1=0.0559
[train] ep7 step59740 loss=0.0464 l1=0.0273
[train] ep7 step59760 loss=0.0775 l1=0.0375
[train] ep7 step59780 loss=0.0890 l1=0.0553
[train] ep7 step59800 loss=0.0698 l1=0.0368
[train] ep7 step59820 loss=0.1256 l1=0.0701
[train] ep7 step59840 loss=0.0937 l1=0.0509
[train] ep7 step59860 loss=0.0669 l1=0.0370
[train] ep7 step59880 loss=0.1050 l1=0.0524
[train] ep7 step59900 loss=0.0841 l1=0.0522
[train] ep7 step59920 loss=0.0648 l1=0.0371
[train] ep7 step59940 loss=0.0677 l1=0.0425
[train] ep7 step59960 loss=0.0962 l1=0.0576
[train] ep7 step59980 loss=0.1020 l1=0.0520
[val] ep7 loss=0.0840  PSNR in/out=21.65/28.53  MAE in/out=0.0560/0.0242
[train] ep8 step60000 loss=0.0763 l1=0.0465
[train] ep8 step60020 loss=0.1039 l1=0.0665
[train] ep8 step60040 loss=0.1006 l1=0.0578
[train] ep8 step60060 loss=0.0947 l1=0.0519
[train] ep8 step60080 loss=0.1075 l1=0.0589
[train] ep8 step60100 loss=0.0713 l1=0.0359
[train] ep8 step60120 loss=0.0912 l1=0.0541
[train] ep8 step60140 loss=0.0679 l1=0.0467
[train] ep8 step60160 loss=0.1279 l1=0.0637
[train] ep8 step60180 loss=0.0457 l1=0.0282
[train] ep8 step60200 loss=0.0529 l1=0.0303
[train] ep8 step60220 loss=0.0701 l1=0.0417
[train] ep8 step60240 loss=0.0808 l1=0.0456
[train] ep8 step60260 loss=0.1423 l1=0.0716
[train] ep8 step60280 loss=0.0625 l1=0.0412
[train] ep8 step60300 loss=0.0783 l1=0.0450
[train] ep8 step60320 loss=0.0951 l1=0.0583
[train] ep8 step60340 loss=0.0645 l1=0.0410
[train] ep8 step60360 loss=0.0600 l1=0.0344
[train] ep8 step60380 loss=0.1060 l1=0.0590
[train] ep8 step60400 loss=0.1125 l1=0.0670
[train] ep8 step60420 loss=0.0781 l1=0.0383
[train] ep8 step60440 loss=0.1066 l1=0.0665
[train] ep8 step60460 loss=0.0648 l1=0.0379
[train] ep8 step60480 loss=0.0825 l1=0.0423
[train] ep8 step60500 loss=0.1010 l1=0.0637
[train] ep8 step60520 loss=0.1101 l1=0.0705
[train] ep8 step60540 loss=0.0653 l1=0.0439
[train] ep8 step60560 loss=0.0534 l1=0.0366
[train] ep8 step60580 loss=0.0925 l1=0.0594
[train] ep8 step60600 loss=0.0816 l1=0.0420
[train] ep8 step60620 loss=0.0942 l1=0.0556
[train] ep8 step60640 loss=0.0895 l1=0.0520
[train] ep8 step60660 loss=0.0753 l1=0.0469
[train] ep8 step60680 loss=0.1118 l1=0.0565
[train] ep8 step60700 loss=0.0638 l1=0.0445
[train] ep8 step60720 loss=0.1085 l1=0.0610
[train] ep8 step60740 loss=0.1178 l1=0.0604
[train] ep8 step60760 loss=0.0520 l1=0.0307
[train] ep8 step60780 loss=0.0863 l1=0.0451
[train] ep8 step60800 loss=0.0727 l1=0.0422
[train] ep8 step60820 loss=0.0626 l1=0.0341
[train] ep8 step60840 loss=0.1057 l1=0.0585
[train] ep8 step60860 loss=0.1023 l1=0.0543
[train] ep8 step60880 loss=0.0639 l1=0.0431
[train] ep8 step60900 loss=0.1019 l1=0.0626
[train] ep8 step60920 loss=0.0997 l1=0.0662
[train] ep8 step60940 loss=0.0865 l1=0.0469
[train] ep8 step60960 loss=0.0737 l1=0.0366
[train] ep8 step60980 loss=0.0622 l1=0.0444
[train] ep8 step61000 loss=0.0656 l1=0.0360
[train] ep8 step61020 loss=0.0663 l1=0.0409
[train] ep8 step61040 loss=0.0965 l1=0.0531
[train] ep8 step61060 loss=0.0601 l1=0.0309
[train] ep8 step61080 loss=0.0739 l1=0.0394
[train] ep8 step61100 loss=0.1145 l1=0.0655
[train] ep8 step61120 loss=0.0691 l1=0.0433
[train] ep8 step61140 loss=0.1098 l1=0.0605
[train] ep8 step61160 loss=0.0807 l1=0.0419
[train] ep8 step61180 loss=0.0837 l1=0.0534
[train] ep8 step61200 loss=0.0691 l1=0.0406
[train] ep8 step61220 loss=0.0833 l1=0.0455
[train] ep8 step61240 loss=0.0508 l1=0.0273
[train] ep8 step61260 loss=0.1261 l1=0.0732
[train] ep8 step61280 loss=0.0849 l1=0.0418
[train] ep8 step61300 loss=0.1120 l1=0.0644
[train] ep8 step61320 loss=0.0580 l1=0.0371
[train] ep8 step61340 loss=0.0841 l1=0.0471
[train] ep8 step61360 loss=0.0945 l1=0.0504
[train] ep8 step61380 loss=0.1217 l1=0.0739
[train] ep8 step61400 loss=0.0994 l1=0.0595
[train] ep8 step61420 loss=0.0594 l1=0.0368
[train] ep8 step61440 loss=0.0731 l1=0.0427
[train] ep8 step61460 loss=0.1198 l1=0.0615
[train] ep8 step61480 loss=0.1426 l1=0.0793
[train] ep8 step61500 loss=0.0842 l1=0.0493
[train] ep8 step61520 loss=0.1000 l1=0.0600
[train] ep8 step61540 loss=0.0775 l1=0.0445
[train] ep8 step61560 loss=0.0732 l1=0.0503
[train] ep8 step61580 loss=0.0544 l1=0.0327
[train] ep8 step61600 loss=0.0763 l1=0.0508
[train] ep8 step61620 loss=0.0472 l1=0.0365
[train] ep8 step61640 loss=0.0466 l1=0.0334
[train] ep8 step61660 loss=0.1121 l1=0.0739
[train] ep8 step61680 loss=0.0768 l1=0.0449
[train] ep8 step61700 loss=0.0735 l1=0.0462
[train] ep8 step61720 loss=0.0770 l1=0.0479
[train] ep8 step61740 loss=0.0691 l1=0.0405
[train] ep8 step61760 loss=0.0812 l1=0.0499
[train] ep8 step61780 loss=0.0618 l1=0.0490
[train] ep8 step61800 loss=0.0964 l1=0.0517
[train] ep8 step61820 loss=0.0641 l1=0.0386
[train] ep8 step61840 loss=0.0906 l1=0.0488
[train] ep8 step61860 loss=0.0982 l1=0.0524
[train] ep8 step61880 loss=0.1002 l1=0.0590
[train] ep8 step61900 loss=0.0749 l1=0.0431
[train] ep8 step61920 loss=0.0499 l1=0.0420
[train] ep8 step61940 loss=0.0860 l1=0.0559
[train] ep8 step61960 loss=0.0459 l1=0.0292
[train] ep8 step61980 loss=0.0609 l1=0.0331
[train] ep8 step62000 loss=0.0780 l1=0.0437
[train] ep8 step62020 loss=0.1147 l1=0.0645
[train] ep8 step62040 loss=0.0468 l1=0.0273
[train] ep8 step62060 loss=0.0470 l1=0.0285
[train] ep8 step62080 loss=0.0889 l1=0.0571
[train] ep8 step62100 loss=0.1202 l1=0.0732
[train] ep8 step62120 loss=0.0717 l1=0.0360
[train] ep8 step62140 loss=0.0836 l1=0.0561
[train] ep8 step62160 loss=0.0723 l1=0.0347
[train] ep8 step62180 loss=0.0929 l1=0.0535
[train] ep8 step62200 loss=0.1020 l1=0.0553
[train] ep8 step62220 loss=0.0801 l1=0.0476
[train] ep8 step62240 loss=0.1023 l1=0.0660
[train] ep8 step62260 loss=0.0820 l1=0.0475
[train] ep8 step62280 loss=0.0345 l1=0.0218
[train] ep8 step62300 loss=0.1057 l1=0.0619
[train] ep8 step62320 loss=0.1141 l1=0.0657
[train] ep8 step62340 loss=0.0508 l1=0.0300
[train] ep8 step62360 loss=0.1199 l1=0.0613
[train] ep8 step62380 loss=0.1504 l1=0.0723
[train] ep8 step62400 loss=0.0602 l1=0.0391
[train] ep8 step62420 loss=0.0488 l1=0.0300
[train] ep8 step62440 loss=0.0907 l1=0.0521
[train] ep8 step62460 loss=0.0713 l1=0.0432
[train] ep8 step62480 loss=0.1507 l1=0.0781
[train] ep8 step62500 loss=0.1179 l1=0.0703
[train] ep8 step62520 loss=0.0489 l1=0.0297
[train] ep8 step62540 loss=0.0720 l1=0.0444
[train] ep8 step62560 loss=0.1017 l1=0.0653
[train] ep8 step62580 loss=0.1030 l1=0.0554
[train] ep8 step62600 loss=0.1043 l1=0.0494
[train] ep8 step62620 loss=0.0602 l1=0.0344
[train] ep8 step62640 loss=0.0671 l1=0.0354
[train] ep8 step62660 loss=0.0505 l1=0.0319
[train] ep8 step62680 loss=0.0519 l1=0.0283
[train] ep8 step62700 loss=0.1069 l1=0.0630
[train] ep8 step62720 loss=0.0857 l1=0.0500
[train] ep8 step62740 loss=0.0876 l1=0.0491
[train] ep8 step62760 loss=0.0967 l1=0.0650
[train] ep8 step62780 loss=0.0598 l1=0.0459
[train] ep8 step62800 loss=0.0980 l1=0.0595
[train] ep8 step62820 loss=0.0841 l1=0.0556
[train] ep8 step62840 loss=0.1102 l1=0.0676
[train] ep8 step62860 loss=0.0963 l1=0.0579
[train] ep8 step62880 loss=0.0492 l1=0.0352
[train] ep8 step62900 loss=0.0587 l1=0.0331
[train] ep8 step62920 loss=0.0680 l1=0.0408
[train] ep8 step62940 loss=0.0864 l1=0.0500
[train] ep8 step62960 loss=0.1084 l1=0.0594
[train] ep8 step62980 loss=0.0599 l1=0.0331
[train] ep8 step63000 loss=0.0736 l1=0.0419
[train] ep8 step63020 loss=0.0632 l1=0.0432
[train] ep8 step63040 loss=0.1009 l1=0.0478
[train] ep8 step63060 loss=0.0593 l1=0.0418
[train] ep8 step63080 loss=0.0358 l1=0.0208
[train] ep8 step63100 loss=0.0504 l1=0.0357
[train] ep8 step63120 loss=0.1325 l1=0.0786
[train] ep8 step63140 loss=0.0711 l1=0.0387
[train] ep8 step63160 loss=0.0688 l1=0.0377
[train] ep8 step63180 loss=0.1423 l1=0.0846
[train] ep8 step63200 loss=0.0552 l1=0.0357
[train] ep8 step63220 loss=0.0783 l1=0.0453
[train] ep8 step63240 loss=0.0706 l1=0.0441
[train] ep8 step63260 loss=0.0698 l1=0.0363
[train] ep8 step63280 loss=0.0493 l1=0.0310
[train] ep8 step63300 loss=0.0515 l1=0.0324
[train] ep8 step63320 loss=0.1282 l1=0.0708
[train] ep8 step63340 loss=0.1311 l1=0.0686
[train] ep8 step63360 loss=0.0839 l1=0.0525
[train] ep8 step63380 loss=0.0681 l1=0.0469
[train] ep8 step63400 loss=0.0751 l1=0.0539
[train] ep8 step63420 loss=0.0868 l1=0.0446
[train] ep8 step63440 loss=0.0550 l1=0.0357
[train] ep8 step63460 loss=0.0636 l1=0.0395
[train] ep8 step63480 loss=0.1060 l1=0.0606
[train] ep8 step63500 loss=0.0631 l1=0.0362
[train] ep8 step63520 loss=0.0630 l1=0.0353
[train] ep8 step63540 loss=0.0892 l1=0.0539
[train] ep8 step63560 loss=0.0888 l1=0.0606
[train] ep8 step63580 loss=0.0719 l1=0.0443
[train] ep8 step63600 loss=0.0805 l1=0.0458
[train] ep8 step63620 loss=0.0719 l1=0.0364
[train] ep8 step63640 loss=0.0835 l1=0.0476
[train] ep8 step63660 loss=0.1342 l1=0.0753
[train] ep8 step63680 loss=0.1654 l1=0.0883
[train] ep8 step63700 loss=0.0888 l1=0.0566
[train] ep8 step63720 loss=0.1069 l1=0.0567
[train] ep8 step63740 loss=0.1216 l1=0.0729
[train] ep8 step63760 loss=0.0549 l1=0.0349
[train] ep8 step63780 loss=0.1412 l1=0.0797
[train] ep8 step63800 loss=0.0530 l1=0.0371
[train] ep8 step63820 loss=0.0561 l1=0.0405
[train] ep8 step63840 loss=0.0514 l1=0.0282
[train] ep8 step63860 loss=0.0725 l1=0.0380
[train] ep8 step63880 loss=0.0545 l1=0.0361
[train] ep8 step63900 loss=0.1165 l1=0.0642
[train] ep8 step63920 loss=0.1296 l1=0.0681
[train] ep8 step63940 loss=0.0454 l1=0.0291
[train] ep8 step63960 loss=0.0978 l1=0.0484
[train] ep8 step63980 loss=0.0879 l1=0.0537
[train] ep8 step64000 loss=0.0837 l1=0.0451
[train] ep8 step64020 loss=0.0792 l1=0.0586
[train] ep8 step64040 loss=0.0904 l1=0.0472
[train] ep8 step64060 loss=0.1018 l1=0.0620
[train] ep8 step64080 loss=0.1497 l1=0.0782
[train] ep8 step64100 loss=0.0452 l1=0.0267
[train] ep8 step64120 loss=0.0835 l1=0.0434
[train] ep8 step64140 loss=0.0862 l1=0.0475
[train] ep8 step64160 loss=0.0485 l1=0.0305
[train] ep8 step64180 loss=0.0898 l1=0.0601
[train] ep8 step64200 loss=0.1905 l1=0.1037
[train] ep8 step64220 loss=0.0503 l1=0.0283
[train] ep8 step64240 loss=0.0642 l1=0.0379
[train] ep8 step64260 loss=0.0968 l1=0.0565
[train] ep8 step64280 loss=0.0699 l1=0.0409
[train] ep8 step64300 loss=0.1109 l1=0.0691
[train] ep8 step64320 loss=0.1424 l1=0.0742
[train] ep8 step64340 loss=0.0777 l1=0.0422
[train] ep8 step64360 loss=0.0932 l1=0.0494
[train] ep8 step64380 loss=0.0570 l1=0.0307
[train] ep8 step64400 loss=0.0537 l1=0.0327
[train] ep8 step64420 loss=0.0573 l1=0.0304
[train] ep8 step64440 loss=0.0957 l1=0.0500
[train] ep8 step64460 loss=0.0599 l1=0.0386
[train] ep8 step64480 loss=0.0942 l1=0.0532
[train] ep8 step64500 loss=0.0856 l1=0.0487
[train] ep8 step64520 loss=0.0475 l1=0.0349
[train] ep8 step64540 loss=0.0887 l1=0.0501
[train] ep8 step64560 loss=0.0829 l1=0.0529
[train] ep8 step64580 loss=0.0369 l1=0.0238
[train] ep8 step64600 loss=0.0615 l1=0.0363
[train] ep8 step64620 loss=0.0920 l1=0.0538
[train] ep8 step64640 loss=0.0799 l1=0.0448
[train] ep8 step64660 loss=0.0476 l1=0.0271
[train] ep8 step64680 loss=0.0715 l1=0.0471
[train] ep8 step64700 loss=0.0874 l1=0.0490
[train] ep8 step64720 loss=0.0790 l1=0.0518
[train] ep8 step64740 loss=0.0565 l1=0.0322
[train] ep8 step64760 loss=0.0839 l1=0.0570
[train] ep8 step64780 loss=0.1130 l1=0.0628
[train] ep8 step64800 loss=0.0625 l1=0.0334
[train] ep8 step64820 loss=0.0965 l1=0.0495
[train] ep8 step64840 loss=0.1161 l1=0.0577
[train] ep8 step64860 loss=0.1159 l1=0.0588
[train] ep8 step64880 loss=0.0635 l1=0.0343
[train] ep8 step64900 loss=0.0801 l1=0.0449
[train] ep8 step64920 loss=0.0573 l1=0.0334
[train] ep8 step64940 loss=0.0737 l1=0.0463
[train] ep8 step64960 loss=0.0794 l1=0.0529
[train] ep8 step64980 loss=0.0908 l1=0.0551
[train] ep8 step65000 loss=0.0702 l1=0.0360
[train] ep8 step65020 loss=0.0960 l1=0.0481
[train] ep8 step65040 loss=0.0893 l1=0.0429
[train] ep8 step65060 loss=0.1266 l1=0.0622
[train] ep8 step65080 loss=0.0410 l1=0.0265
[train] ep8 step65100 loss=0.0622 l1=0.0327
[train] ep8 step65120 loss=0.0729 l1=0.0440
[train] ep8 step65140 loss=0.0634 l1=0.0357
[train] ep8 step65160 loss=0.0844 l1=0.0494
[train] ep8 step65180 loss=0.0540 l1=0.0334
[train] ep8 step65200 loss=0.0925 l1=0.0573
[train] ep8 step65220 loss=0.0965 l1=0.0575
[train] ep8 step65240 loss=0.0931 l1=0.0570
[train] ep8 step65260 loss=0.0547 l1=0.0374
[train] ep8 step65280 loss=0.0676 l1=0.0338
[train] ep8 step65300 loss=0.0999 l1=0.0517
[train] ep8 step65320 loss=0.1304 l1=0.0667
[train] ep8 step65340 loss=0.1480 l1=0.0884
[train] ep8 step65360 loss=0.0651 l1=0.0455
[train] ep8 step65380 loss=0.0487 l1=0.0311
[train] ep8 step65400 loss=0.1219 l1=0.0642
[train] ep8 step65420 loss=0.0816 l1=0.0459
[train] ep8 step65440 loss=0.1002 l1=0.0506
[train] ep8 step65460 loss=0.0899 l1=0.0503
[train] ep8 step65480 loss=0.0947 l1=0.0533
[train] ep8 step65500 loss=0.1060 l1=0.0580
[train] ep8 step65520 loss=0.1155 l1=0.0667
[train] ep8 step65540 loss=0.0687 l1=0.0505
[train] ep8 step65560 loss=0.0805 l1=0.0437
[train] ep8 step65580 loss=0.1571 l1=0.0791
[train] ep8 step65600 loss=0.0572 l1=0.0389
[train] ep8 step65620 loss=0.1025 l1=0.0628
[train] ep8 step65640 loss=0.0437 l1=0.0301
[train] ep8 step65660 loss=0.0681 l1=0.0412
[train] ep8 step65680 loss=0.0558 l1=0.0331
[train] ep8 step65700 loss=0.0690 l1=0.0446
[train] ep8 step65720 loss=0.0886 l1=0.0416
[train] ep8 step65740 loss=0.0788 l1=0.0424
[train] ep8 step65760 loss=0.0513 l1=0.0323
[train] ep8 step65780 loss=0.1119 l1=0.0629
[train] ep8 step65800 loss=0.1851 l1=0.0987
[train] ep8 step65820 loss=0.0742 l1=0.0472
[train] ep8 step65840 loss=0.0747 l1=0.0400
[train] ep8 step65860 loss=0.0767 l1=0.0572
[train] ep8 step65880 loss=0.1254 l1=0.0693
[train] ep8 step65900 loss=0.0562 l1=0.0295
[train] ep8 step65920 loss=0.0940 l1=0.0487
[train] ep8 step65940 loss=0.2314 l1=0.1108
[train] ep8 step65960 loss=0.1220 l1=0.0584
[train] ep8 step65980 loss=0.0902 l1=0.0549
[train] ep8 step66000 loss=0.0939 l1=0.0514
[train] ep8 step66020 loss=0.0578 l1=0.0367
[train] ep8 step66040 loss=0.1035 l1=0.0578
[train] ep8 step66060 loss=0.0827 l1=0.0434
[train] ep8 step66080 loss=0.0767 l1=0.0458
[train] ep8 step66100 loss=0.0901 l1=0.0532
[train] ep8 step66120 loss=0.0818 l1=0.0435
[train] ep8 step66140 loss=0.1044 l1=0.0674
[train] ep8 step66160 loss=0.0637 l1=0.0353
[train] ep8 step66180 loss=0.0419 l1=0.0272
[train] ep8 step66200 loss=0.1048 l1=0.0700
[train] ep8 step66220 loss=0.0657 l1=0.0340
[train] ep8 step66240 loss=0.0850 l1=0.0449
[train] ep8 step66260 loss=0.1195 l1=0.0698
[train] ep8 step66280 loss=0.0750 l1=0.0457
[train] ep8 step66300 loss=0.0691 l1=0.0437
[train] ep8 step66320 loss=0.0589 l1=0.0286
[train] ep8 step66340 loss=0.0763 l1=0.0451
[train] ep8 step66360 loss=0.0573 l1=0.0326
[train] ep8 step66380 loss=0.0926 l1=0.0447
[train] ep8 step66400 loss=0.0375 l1=0.0244
[train] ep8 step66420 loss=0.0521 l1=0.0303
[train] ep8 step66440 loss=0.0953 l1=0.0606
[train] ep8 step66460 loss=0.0413 l1=0.0216
[train] ep8 step66480 loss=0.0946 l1=0.0487
[train] ep8 step66500 loss=0.0855 l1=0.0437
[train] ep8 step66520 loss=0.1273 l1=0.0711
[train] ep8 step66540 loss=0.0872 l1=0.0538
[train] ep8 step66560 loss=0.0949 l1=0.0552
[train] ep8 step66580 loss=0.1071 l1=0.0567
[train] ep8 step66600 loss=0.0896 l1=0.0455
[train] ep8 step66620 loss=0.0845 l1=0.0495
[train] ep8 step66640 loss=0.0454 l1=0.0255
[train] ep8 step66660 loss=0.0751 l1=0.0424
[train] ep8 step66680 loss=0.1179 l1=0.0733
[train] ep8 step66700 loss=0.0700 l1=0.0410
[train] ep8 step66720 loss=0.0767 l1=0.0533
[train] ep8 step66740 loss=0.0877 l1=0.0511
[train] ep8 step66760 loss=0.0583 l1=0.0425
[train] ep8 step66780 loss=0.0575 l1=0.0285
[train] ep8 step66800 loss=0.1145 l1=0.0594
[train] ep8 step66820 loss=0.0862 l1=0.0500
[train] ep8 step66840 loss=0.0675 l1=0.0380
[train] ep8 step66860 loss=0.1046 l1=0.0600
[train] ep8 step66880 loss=0.1016 l1=0.0584
[train] ep8 step66900 loss=0.0833 l1=0.0514
[train] ep8 step66920 loss=0.0522 l1=0.0278
[train] ep8 step66940 loss=0.0604 l1=0.0357
[train] ep8 step66960 loss=0.0955 l1=0.0497
[train] ep8 step66980 loss=0.0845 l1=0.0518
[train] ep8 step67000 loss=0.1013 l1=0.0539
[train] ep8 step67020 loss=0.1182 l1=0.0687
[train] ep8 step67040 loss=0.0936 l1=0.0457
[train] ep8 step67060 loss=0.0503 l1=0.0322
[train] ep8 step67080 loss=0.0412 l1=0.0252
[train] ep8 step67100 loss=0.1574 l1=0.0875
[train] ep8 step67120 loss=0.0908 l1=0.0466
[train] ep8 step67140 loss=0.0757 l1=0.0457
[train] ep8 step67160 loss=0.0625 l1=0.0434
[train] ep8 step67180 loss=0.0836 l1=0.0507
[train] ep8 step67200 loss=0.1265 l1=0.0698
[train] ep8 step67220 loss=0.0580 l1=0.0379
[train] ep8 step67240 loss=0.0801 l1=0.0459
[train] ep8 step67260 loss=0.0705 l1=0.0379
[train] ep8 step67280 loss=0.0949 l1=0.0450
[train] ep8 step67300 loss=0.1262 l1=0.0613
[train] ep8 step67320 loss=0.0687 l1=0.0444
[train] ep8 step67340 loss=0.0803 l1=0.0455
[train] ep8 step67360 loss=0.1093 l1=0.0555
[train] ep8 step67380 loss=0.0953 l1=0.0514
[train] ep8 step67400 loss=0.0840 l1=0.0491
[train] ep8 step67420 loss=0.0614 l1=0.0403
[train] ep8 step67440 loss=0.0965 l1=0.0475
[train] ep8 step67460 loss=0.0740 l1=0.0519
[train] ep8 step67480 loss=0.0718 l1=0.0487
[val] ep8 loss=0.0830  PSNR in/out=21.65/28.75  MAE in/out=0.0563/0.0238
[train] ep9 step67500 loss=0.0695 l1=0.0339
[train] ep9 step67520 loss=0.0516 l1=0.0264
[train] ep9 step67540 loss=0.1236 l1=0.0623
[train] ep9 step67560 loss=0.0664 l1=0.0430
[train] ep9 step67580 loss=0.1168 l1=0.0602
[train] ep9 step67600 loss=0.0539 l1=0.0257
[train] ep9 step67620 loss=0.0947 l1=0.0576
[train] ep9 step67640 loss=0.0779 l1=0.0469
[train] ep9 step67660 loss=0.0985 l1=0.0600
[train] ep9 step67680 loss=0.1092 l1=0.0630
[train] ep9 step67700 loss=0.0796 l1=0.0410
[train] ep9 step67720 loss=0.0626 l1=0.0367
[train] ep9 step67740 loss=0.0956 l1=0.0623
[train] ep9 step67760 loss=0.1031 l1=0.0642
[train] ep9 step67780 loss=0.1071 l1=0.0570
[train] ep9 step67800 loss=0.0856 l1=0.0504
[train] ep9 step67820 loss=0.1310 l1=0.0684
[train] ep9 step67840 loss=0.1219 l1=0.0641
[train] ep9 step67860 loss=0.0794 l1=0.0554
[train] ep9 step67880 loss=0.0738 l1=0.0480
[train] ep9 step67900 loss=0.0800 l1=0.0447
[train] ep9 step67920 loss=0.0662 l1=0.0409
[train] ep9 step67940 loss=0.0478 l1=0.0221
[train] ep9 step67960 loss=0.1321 l1=0.0787
[train] ep9 step67980 loss=0.0556 l1=0.0395
[train] ep9 step68000 loss=0.1095 l1=0.0639
[train] ep9 step68020 loss=0.1055 l1=0.0583
[train] ep9 step68040 loss=0.1169 l1=0.0633
[train] ep9 step68060 loss=0.1011 l1=0.0526
[train] ep9 step68080 loss=0.0860 l1=0.0479
[train] ep9 step68100 loss=0.0773 l1=0.0381
[train] ep9 step68120 loss=0.0747 l1=0.0505
[train] ep9 step68140 loss=0.1026 l1=0.0725
[train] ep9 step68160 loss=0.1042 l1=0.0559
[train] ep9 step68180 loss=0.0936 l1=0.0563
[train] ep9 step68200 loss=0.1138 l1=0.0696
[train] ep9 step68220 loss=0.1133 l1=0.0660
[train] ep9 step68240 loss=0.0687 l1=0.0329
[train] ep9 step68260 loss=0.1087 l1=0.0587
[train] ep9 step68280 loss=0.0664 l1=0.0373
[train] ep9 step68300 loss=0.0760 l1=0.0454
[train] ep9 step68320 loss=0.0787 l1=0.0482
[train] ep9 step68340 loss=0.0881 l1=0.0596
[train] ep9 step68360 loss=0.0693 l1=0.0416
[train] ep9 step68380 loss=0.0585 l1=0.0338
[train] ep9 step68400 loss=0.0478 l1=0.0263
[train] ep9 step68420 loss=0.0609 l1=0.0369
[train] ep9 step68440 loss=0.0737 l1=0.0392
[train] ep9 step68460 loss=0.0546 l1=0.0322
[train] ep9 step68480 loss=0.0910 l1=0.0518
[train] ep9 step68500 loss=0.0812 l1=0.0423
[train] ep9 step68520 loss=0.0764 l1=0.0477
[train] ep9 step68540 loss=0.0776 l1=0.0450
[train] ep9 step68560 loss=0.1062 l1=0.0541
[train] ep9 step68580 loss=0.0849 l1=0.0536
[train] ep9 step68600 loss=0.1019 l1=0.0557
[train] ep9 step68620 loss=0.1074 l1=0.0577
[train] ep9 step68640 loss=0.0551 l1=0.0284
[train] ep9 step68660 loss=0.0682 l1=0.0368
[train] ep9 step68680 loss=0.0698 l1=0.0398
[train] ep9 step68700 loss=0.0952 l1=0.0536
[train] ep9 step68720 loss=0.0462 l1=0.0272
[train] ep9 step68740 loss=0.0643 l1=0.0425
[train] ep9 step68760 loss=0.0985 l1=0.0512
[train] ep9 step68780 loss=0.0979 l1=0.0595
[train] ep9 step68800 loss=0.0558 l1=0.0350
[train] ep9 step68820 loss=0.1330 l1=0.0695
[train] ep9 step68840 loss=0.1241 l1=0.0669
[train] ep9 step68860 loss=0.0468 l1=0.0273
[train] ep9 step68880 loss=0.1135 l1=0.0714
[train] ep9 step68900 loss=0.0971 l1=0.0611
[train] ep9 step68920 loss=0.0656 l1=0.0348
[train] ep9 step68940 loss=0.0714 l1=0.0397
[train] ep9 step68960 loss=0.1361 l1=0.0715
[train] ep9 step68980 loss=0.0573 l1=0.0331
[train] ep9 step69000 loss=0.0930 l1=0.0530
[train] ep9 step69020 loss=0.0877 l1=0.0515
[train] ep9 step69040 loss=0.1750 l1=0.0923
[train] ep9 step69060 loss=0.0884 l1=0.0592
[train] ep9 step69080 loss=0.0548 l1=0.0309
[train] ep9 step69100 loss=0.0671 l1=0.0443
[train] ep9 step69120 loss=0.0697 l1=0.0389
[train] ep9 step69140 loss=0.0654 l1=0.0386
[train] ep9 step69160 loss=0.0737 l1=0.0425
[train] ep9 step69180 loss=0.1018 l1=0.0546
[train] ep9 step69200 loss=0.0898 l1=0.0528
[train] ep9 step69220 loss=0.1254 l1=0.0578
[train] ep9 step69240 loss=0.0851 l1=0.0465
[train] ep9 step69260 loss=0.0487 l1=0.0323
[train] ep9 step69280 loss=0.0556 l1=0.0405
[train] ep9 step69300 loss=0.0462 l1=0.0291
[train] ep9 step69320 loss=0.1179 l1=0.0662
[train] ep9 step69340 loss=0.0502 l1=0.0240
[train] ep9 step69360 loss=0.1154 l1=0.0669
[train] ep9 step69380 loss=0.0761 l1=0.0499
[train] ep9 step69400 loss=0.0695 l1=0.0384
[train] ep9 step69420 loss=0.1296 l1=0.0748
[train] ep9 step69440 loss=0.0638 l1=0.0432
[train] ep9 step69460 loss=0.0942 l1=0.0502
[train] ep9 step69480 loss=0.0887 l1=0.0490
[train] ep9 step69500 loss=0.0981 l1=0.0520
[train] ep9 step69520 loss=0.0533 l1=0.0296
[train] ep9 step69540 loss=0.0675 l1=0.0383
[train] ep9 step69560 loss=0.0652 l1=0.0357
[train] ep9 step69580 loss=0.0627 l1=0.0337
[train] ep9 step69600 loss=0.1473 l1=0.0785
[train] ep9 step69620 loss=0.0614 l1=0.0355
[train] ep9 step69640 loss=0.0857 l1=0.0567
[train] ep9 step69660 loss=0.0934 l1=0.0626
[train] ep9 step69680 loss=0.0857 l1=0.0466
[train] ep9 step69700 loss=0.1367 l1=0.0696
[train] ep9 step69720 loss=0.0634 l1=0.0450
[train] ep9 step69740 loss=0.1252 l1=0.0710
[train] ep9 step69760 loss=0.0521 l1=0.0349
[train] ep9 step69780 loss=0.0548 l1=0.0320
[train] ep9 step69800 loss=0.1262 l1=0.0700
[train] ep9 step69820 loss=0.0957 l1=0.0493
[train] ep9 step69840 loss=0.0697 l1=0.0468
[train] ep9 step69860 loss=0.0720 l1=0.0393
[train] ep9 step69880 loss=0.1096 l1=0.0579
[train] ep9 step69900 loss=0.0587 l1=0.0322
[train] ep9 step69920 loss=0.0830 l1=0.0496
[train] ep9 step69940 loss=0.1115 l1=0.0629
[train] ep9 step69960 loss=0.0873 l1=0.0577
[train] ep9 step69980 loss=0.0791 l1=0.0444
[train] ep9 step70000 loss=0.1412 l1=0.0654
[train] ep9 step70020 loss=0.0656 l1=0.0418
[train] ep9 step70040 loss=0.0447 l1=0.0274
[train] ep9 step70060 loss=0.1208 l1=0.0772
[train] ep9 step70080 loss=0.1176 l1=0.0601
[train] ep9 step70100 loss=0.0916 l1=0.0561
[train] ep9 step70120 loss=0.0840 l1=0.0511
[train] ep9 step70140 loss=0.0732 l1=0.0419
[train] ep9 step70160 loss=0.0762 l1=0.0515
[train] ep9 step70180 loss=0.0458 l1=0.0293
[train] ep9 step70200 loss=0.0589 l1=0.0309
[train] ep9 step70220 loss=0.0543 l1=0.0282
[train] ep9 step70240 loss=0.0887 l1=0.0538
[train] ep9 step70260 loss=0.0688 l1=0.0403
[train] ep9 step70280 loss=0.0579 l1=0.0397
[train] ep9 step70300 loss=0.0649 l1=0.0350
[train] ep9 step70320 loss=0.0728 l1=0.0481
[train] ep9 step70340 loss=0.0651 l1=0.0334
[train] ep9 step70360 loss=0.0691 l1=0.0387
[train] ep9 step70380 loss=0.1017 l1=0.0585
[train] ep9 step70400 loss=0.0708 l1=0.0398
[train] ep9 step70420 loss=0.1181 l1=0.0661
[train] ep9 step70440 loss=0.0526 l1=0.0331
[train] ep9 step70460 loss=0.1672 l1=0.0888
[train] ep9 step70480 loss=0.0724 l1=0.0441
[train] ep9 step70500 loss=0.1021 l1=0.0578
[train] ep9 step70520 loss=0.0764 l1=0.0530
[train] ep9 step70540 loss=0.0429 l1=0.0226
[train] ep9 step70560 loss=0.1065 l1=0.0601
[train] ep9 step70580 loss=0.0609 l1=0.0355
[train] ep9 step70600 loss=0.1205 l1=0.0709
[train] ep9 step70620 loss=0.1040 l1=0.0524
[train] ep9 step70640 loss=0.0809 l1=0.0424
[train] ep9 step70660 loss=0.0999 l1=0.0462
[train] ep9 step70680 loss=0.0740 l1=0.0396
[train] ep9 step70700 loss=0.0528 l1=0.0332
[train] ep9 step70720 loss=0.1242 l1=0.0690
[train] ep9 step70740 loss=0.0754 l1=0.0527
[train] ep9 step70760 loss=0.0338 l1=0.0198
[train] ep9 step70780 loss=0.0560 l1=0.0288
[train] ep9 step70800 loss=0.0927 l1=0.0547
[train] ep9 step70820 loss=0.0713 l1=0.0371
[train] ep9 step70840 loss=0.0891 l1=0.0484
[train] ep9 step70860 loss=0.1168 l1=0.0582
[train] ep9 step70880 loss=0.0803 l1=0.0450
[train] ep9 step70900 loss=0.0717 l1=0.0396
[train] ep9 step70920 loss=0.0764 l1=0.0493
[train] ep9 step70940 loss=0.0880 l1=0.0533
[train] ep9 step70960 loss=0.0497 l1=0.0380
[train] ep9 step70980 loss=0.0888 l1=0.0653
[train] ep9 step71000 loss=0.0532 l1=0.0287
[train] ep9 step71020 loss=0.0546 l1=0.0419
[train] ep9 step71040 loss=0.0432 l1=0.0259
[train] ep9 step71060 loss=0.0782 l1=0.0505
[train] ep9 step71080 loss=0.0644 l1=0.0361
[train] ep9 step71100 loss=0.0661 l1=0.0415
[train] ep9 step71120 loss=0.1498 l1=0.0894
[train] ep9 step71140 loss=0.0830 l1=0.0488
[train] ep9 step71160 loss=0.1004 l1=0.0525
[train] ep9 step71180 loss=0.1011 l1=0.0566
[train] ep9 step71200 loss=0.1162 l1=0.0631
[train] ep9 step71220 loss=0.0783 l1=0.0519
[train] ep9 step71240 loss=0.0689 l1=0.0468
[train] ep9 step71260 loss=0.0642 l1=0.0407
[train] ep9 step71280 loss=0.0704 l1=0.0388
[train] ep9 step71300 loss=0.0347 l1=0.0205
[train] ep9 step71320 loss=0.0662 l1=0.0396
[train] ep9 step71340 loss=0.1036 l1=0.0707
[train] ep9 step71360 loss=0.0778 l1=0.0518
[train] ep9 step71380 loss=0.0446 l1=0.0231
[train] ep9 step71400 loss=0.0612 l1=0.0399
[train] ep9 step71420 loss=0.0872 l1=0.0479
[train] ep9 step71440 loss=0.1019 l1=0.0540
[train] ep9 step71460 loss=0.0816 l1=0.0502
[train] ep9 step71480 loss=0.0510 l1=0.0352
[train] ep9 step71500 loss=0.0669 l1=0.0336
[train] ep9 step71520 loss=0.0890 l1=0.0482
[train] ep9 step71540 loss=0.0540 l1=0.0381
[train] ep9 step71560 loss=0.1130 l1=0.0660
[train] ep9 step71580 loss=0.0447 l1=0.0223
[train] ep9 step71600 loss=0.0539 l1=0.0342
[train] ep9 step71620 loss=0.0693 l1=0.0440
[train] ep9 step71640 loss=0.0905 l1=0.0637
[train] ep9 step71660 loss=0.1059 l1=0.0615
[train] ep9 step71680 loss=0.1034 l1=0.0596
[train] ep9 step71700 loss=0.0855 l1=0.0431
[train] ep9 step71720 loss=0.0781 l1=0.0479
[train] ep9 step71740 loss=0.0870 l1=0.0418
[train] ep9 step71760 loss=0.0776 l1=0.0416
[train] ep9 step71780 loss=0.0631 l1=0.0377
[train] ep9 step71800 loss=0.0801 l1=0.0468
[train] ep9 step71820 loss=0.1099 l1=0.0652
[train] ep9 step71840 loss=0.0685 l1=0.0433
[train] ep9 step71860 loss=0.1480 l1=0.0827
[train] ep9 step71880 loss=0.0650 l1=0.0437
[train] ep9 step71900 loss=0.0700 l1=0.0333
[train] ep9 step71920 loss=0.0718 l1=0.0387
[train] ep9 step71940 loss=0.0877 l1=0.0491
[train] ep9 step71960 loss=0.0878 l1=0.0500
[train] ep9 step71980 loss=0.0846 l1=0.0535
[train] ep9 step72000 loss=0.0935 l1=0.0513
[train] ep9 step72020 loss=0.0551 l1=0.0312
[train] ep9 step72040 loss=0.1189 l1=0.0705
[train] ep9 step72060 loss=0.0381 l1=0.0241
[train] ep9 step72080 loss=0.0716 l1=0.0377
[train] ep9 step72100 loss=0.0887 l1=0.0491
[train] ep9 step72120 loss=0.0553 l1=0.0372
[train] ep9 step72140 loss=0.1358 l1=0.0663
[train] ep9 step72160 loss=0.1028 l1=0.0568
[train] ep9 step72180 loss=0.0773 l1=0.0432
[train] ep9 step72200 loss=0.0731 l1=0.0440
[train] ep9 step72220 loss=0.0985 l1=0.0528
[train] ep9 step72240 loss=0.0448 l1=0.0322
[train] ep9 step72260 loss=0.0525 l1=0.0323
[train] ep9 step72280 loss=0.1014 l1=0.0571
[train] ep9 step72300 loss=0.0727 l1=0.0365
[train] ep9 step72320 loss=0.0528 l1=0.0336
[train] ep9 step72340 loss=0.0762 l1=0.0399
[train] ep9 step72360 loss=0.0445 l1=0.0235
[train] ep9 step72380 loss=0.0693 l1=0.0368
[train] ep9 step72400 loss=0.0922 l1=0.0533
[train] ep9 step72420 loss=0.0967 l1=0.0519
[train] ep9 step72440 loss=0.0786 l1=0.0417
[train] ep9 step72460 loss=0.0977 l1=0.0625
[train] ep9 step72480 loss=0.0448 l1=0.0241
[train] ep9 step72500 loss=0.1043 l1=0.0707
[train] ep9 step72520 loss=0.0770 l1=0.0479
[train] ep9 step72540 loss=0.0804 l1=0.0488
[train] ep9 step72560 loss=0.0976 l1=0.0547
[train] ep9 step72580 loss=0.0586 l1=0.0353
[train] ep9 step72600 loss=0.1177 l1=0.0635
[train] ep9 step72620 loss=0.0803 l1=0.0421
[train] ep9 step72640 loss=0.0921 l1=0.0629
[train] ep9 step72660 loss=0.0839 l1=0.0479
[train] ep9 step72680 loss=0.0924 l1=0.0464
[train] ep9 step72700 loss=0.0964 l1=0.0539
[train] ep9 step72720 loss=0.0747 l1=0.0337
[train] ep9 step72740 loss=0.0616 l1=0.0355
[train] ep9 step72760 loss=0.0619 l1=0.0339
[train] ep9 step72780 loss=0.0604 l1=0.0335
[train] ep9 step72800 loss=0.1343 l1=0.0795
[train] ep9 step72820 loss=0.0540 l1=0.0430
[train] ep9 step72840 loss=0.0451 l1=0.0313
[train] ep9 step72860 loss=0.0767 l1=0.0457
[train] ep9 step72880 loss=0.0727 l1=0.0535
[train] ep9 step72900 loss=0.0815 l1=0.0448
[train] ep9 step72920 loss=0.0780 l1=0.0474
[train] ep9 step72940 loss=0.0660 l1=0.0372
[train] ep9 step72960 loss=0.0875 l1=0.0546
[train] ep9 step72980 loss=0.0828 l1=0.0409
[train] ep9 step73000 loss=0.0859 l1=0.0388
[train] ep9 step73020 loss=0.0234 l1=0.0136
[train] ep9 step73040 loss=0.0578 l1=0.0352
[train] ep9 step73060 loss=0.0836 l1=0.0436
[train] ep9 step73080 loss=0.1132 l1=0.0595
[train] ep9 step73100 loss=0.0606 l1=0.0299
[train] ep9 step73120 loss=0.0814 l1=0.0517
[train] ep9 step73140 loss=0.0562 l1=0.0295
[train] ep9 step73160 loss=0.0731 l1=0.0386
[train] ep9 step73180 loss=0.0472 l1=0.0249
[train] ep9 step73200 loss=0.1041 l1=0.0542
[train] ep9 step73220 loss=0.0650 l1=0.0464
[train] ep9 step73240 loss=0.0885 l1=0.0501
[train] ep9 step73260 loss=0.1132 l1=0.0580
[train] ep9 step73280 loss=0.1223 l1=0.0700
[train] ep9 step73300 loss=0.0817 l1=0.0462
[train] ep9 step73320 loss=0.0824 l1=0.0483
[train] ep9 step73340 loss=0.0462 l1=0.0286
[train] ep9 step73360 loss=0.0966 l1=0.0544
[train] ep9 step73380 loss=0.0763 l1=0.0455
[train] ep9 step73400 loss=0.0648 l1=0.0386
[train] ep9 step73420 loss=0.0682 l1=0.0449
[train] ep9 step73440 loss=0.0817 l1=0.0466
[train] ep9 step73460 loss=0.0584 l1=0.0284
[train] ep9 step73480 loss=0.0588 l1=0.0373
[train] ep9 step73500 loss=0.1154 l1=0.0656
[train] ep9 step73520 loss=0.0431 l1=0.0230
[train] ep9 step73540 loss=0.1417 l1=0.0771
[train] ep9 step73560 loss=0.0554 l1=0.0388
[train] ep9 step73580 loss=0.0953 l1=0.0467
[train] ep9 step73600 loss=0.0445 l1=0.0332
[train] ep9 step73620 loss=0.1086 l1=0.0610
[train] ep9 step73640 loss=0.0567 l1=0.0328
[train] ep9 step73660 loss=0.0732 l1=0.0402
[train] ep9 step73680 loss=0.0955 l1=0.0528
[train] ep9 step73700 loss=0.1349 l1=0.0734
[train] ep9 step73720 loss=0.0557 l1=0.0351
[train] ep9 step73740 loss=0.1049 l1=0.0507
[train] ep9 step73760 loss=0.1191 l1=0.0663
[train] ep9 step73780 loss=0.0715 l1=0.0411
[train] ep9 step73800 loss=0.0980 l1=0.0576
[train] ep9 step73820 loss=0.1220 l1=0.0612
[train] ep9 step73840 loss=0.0851 l1=0.0596
[train] ep9 step73860 loss=0.0894 l1=0.0625
[train] ep9 step73880 loss=0.0546 l1=0.0420
[train] ep9 step73900 loss=0.0698 l1=0.0411
[train] ep9 step73920 loss=0.0655 l1=0.0471
[train] ep9 step73940 loss=0.0605 l1=0.0435
[train] ep9 step73960 loss=0.0701 l1=0.0401
[train] ep9 step73980 loss=0.0616 l1=0.0308
[train] ep9 step74000 loss=0.0570 l1=0.0316
[train] ep9 step74020 loss=0.0851 l1=0.0519
[train] ep9 step74040 loss=0.1169 l1=0.0616
[train] ep9 step74060 loss=0.1367 l1=0.0751
[train] ep9 step74080 loss=0.0874 l1=0.0486
[train] ep9 step74100 loss=0.0465 l1=0.0255
[train] ep9 step74120 loss=0.0632 l1=0.0414
[train] ep9 step74140 loss=0.0773 l1=0.0447
[train] ep9 step74160 loss=0.1085 l1=0.0579
[train] ep9 step74180 loss=0.0630 l1=0.0402
[train] ep9 step74200 loss=0.0910 l1=0.0589
[train] ep9 step74220 loss=0.1078 l1=0.0590
[train] ep9 step74240 loss=0.1428 l1=0.0757
[train] ep9 step74260 loss=0.0638 l1=0.0400
[train] ep9 step74280 loss=0.0704 l1=0.0377
[train] ep9 step74300 loss=0.0830 l1=0.0512
[train] ep9 step74320 loss=0.0821 l1=0.0447
[train] ep9 step74340 loss=0.1002 l1=0.0607
[train] ep9 step74360 loss=0.0646 l1=0.0429
[train] ep9 step74380 loss=0.0840 l1=0.0548
[train] ep9 step74400 loss=0.1109 l1=0.0543
[train] ep9 step74420 loss=0.1322 l1=0.0654
[train] ep9 step74440 loss=0.1290 l1=0.0670
[train] ep9 step74460 loss=0.0621 l1=0.0359
[train] ep9 step74480 loss=0.0514 l1=0.0299
[train] ep9 step74500 loss=0.0997 l1=0.0504
[train] ep9 step74520 loss=0.0668 l1=0.0460
[train] ep9 step74540 loss=0.0845 l1=0.0498
[train] ep9 step74560 loss=0.0772 l1=0.0514
[train] ep9 step74580 loss=0.0849 l1=0.0512
[train] ep9 step74600 loss=0.0614 l1=0.0324
[train] ep9 step74620 loss=0.0815 l1=0.0490
[train] ep9 step74640 loss=0.0436 l1=0.0264
[train] ep9 step74660 loss=0.0594 l1=0.0294
[train] ep9 step74680 loss=0.1792 l1=0.0891
[train] ep9 step74700 loss=0.0739 l1=0.0450
[train] ep9 step74720 loss=0.0555 l1=0.0345
[train] ep9 step74740 loss=0.0464 l1=0.0289
[train] ep9 step74760 loss=0.1434 l1=0.0782
[train] ep9 step74780 loss=0.0788 l1=0.0393
[train] ep9 step74800 loss=0.0435 l1=0.0259
[train] ep9 step74820 loss=0.0908 l1=0.0509
[train] ep9 step74840 loss=0.1197 l1=0.0733
[train] ep9 step74860 loss=0.0962 l1=0.0546
[train] ep9 step74880 loss=0.0736 l1=0.0444
[train] ep9 step74900 loss=0.0981 l1=0.0586
[train] ep9 step74920 loss=0.0658 l1=0.0449
[train] ep9 step74940 loss=0.1039 l1=0.0489
[train] ep9 step74960 loss=0.0712 l1=0.0485
[train] ep9 step74980 loss=0.0607 l1=0.0323
[val] ep9 loss=0.0830  PSNR in/out=21.78/28.70  MAE in/out=0.0550/0.0241
[train] plots: {'loss_curve': True, 'metric_curves': True, 'degradation_type_distribution': True, 'degradation_param_histograms': True}
[train] done in 17992.9s. outputs in outputs/unet_hard_50k_b6w8
===== EVAL HARD U-NET =====
